onset	duration	trial_type	value	sample	sample_corrected	token	run	level	stim_file	ear_ac	ear_bc
64.7095	1	Stimulus/S  1	1	647095	647103	0	0	20	pips_40_500-8000.hdf5	both	none
65.7655	1	Stimulus/S  1	1	657655	657663	0	1	40	pips_40_500-8000.hdf5	both	none
66.8108	1	Stimulus/S  1	1	668108	668116	0	2	60	pips_40_500-8000.hdf5	both	none
67.8775	1	Stimulus/S  1	1	678775	678783	0	3	70	pips_40_500-8000.hdf5	both	none
68.9335	1	Stimulus/S  1	1	689335	689343	0	4	50	pips_40_500-8000.hdf5	both	none
69.9788	1	Stimulus/S  1	1	699788	699796	0	5	30	pips_40_500-8000.hdf5	both	none
71.0349	1	Stimulus/S  1	1	710349	710357	1	0	20	pips_40_500-8000.hdf5	both	none
72.0802	1	Stimulus/S  1	1	720802	720810	1	1	40	pips_40_500-8000.hdf5	both	none
73.1255	1	Stimulus/S  1	1	731255	731263	1	2	60	pips_40_500-8000.hdf5	both	none
74.1922	1	Stimulus/S  1	1	741922	741930	1	3	70	pips_40_500-8000.hdf5	both	none
75.2482	1	Stimulus/S  1	1	752482	752490	1	4	50	pips_40_500-8000.hdf5	both	none
76.3149	1	Stimulus/S  1	1	763149	763157	1	5	30	pips_40_500-8000.hdf5	both	none
77.3603	1	Stimulus/S  1	1	773603	773611	2	0	20	pips_40_500-8000.hdf5	both	none
78.4163	1	Stimulus/S  1	1	784163	784171	2	1	40	pips_40_500-8000.hdf5	both	none
79.4829	1	Stimulus/S  1	1	794829	794837	2	2	60	pips_40_500-8000.hdf5	both	none
80.5283	1	Stimulus/S  1	1	805283	805291	2	3	70	pips_40_500-8000.hdf5	both	none
81.595	1	Stimulus/S  1	1	815950	815958	2	4	50	pips_40_500-8000.hdf5	both	none
82.651	1	Stimulus/S  1	1	826510	826518	2	5	30	pips_40_500-8000.hdf5	both	none
83.7177	1	Stimulus/S  1	1	837177	837185	3	0	20	pips_40_500-8000.hdf5	both	none
84.7843	1	Stimulus/S  1	1	847843	847851	3	1	40	pips_40_500-8000.hdf5	both	none
85.8297	1	Stimulus/S  1	1	858297	858305	3	2	60	pips_40_500-8000.hdf5	both	none
86.875	1	Stimulus/S  1	1	868750	868758	3	3	70	pips_40_500-8000.hdf5	both	none
87.931	1	Stimulus/S  1	1	879310	879318	3	4	50	pips_40_500-8000.hdf5	both	none
88.9764	1	Stimulus/S  1	1	889764	889772	3	5	30	pips_40_500-8000.hdf5	both	none
90.043	1	Stimulus/S  1	1	900430	900438	4	0	20	pips_40_500-8000.hdf5	both	none
91.0991	1	Stimulus/S  1	1	910991	910999	4	1	40	pips_40_500-8000.hdf5	both	none
92.1444	1	Stimulus/S  1	1	921444	921452	4	2	60	pips_40_500-8000.hdf5	both	none
93.2004	1	Stimulus/S  1	1	932004	932012	4	3	70	pips_40_500-8000.hdf5	both	none
94.2458	1	Stimulus/S  1	1	942458	942466	4	4	50	pips_40_500-8000.hdf5	both	none
95.3124	1	Stimulus/S  1	1	953124	953132	4	5	30	pips_40_500-8000.hdf5	both	none
96.3684	1	Stimulus/S  1	1	963684	963692	5	0	20	pips_40_500-8000.hdf5	both	none
97.4245	1	Stimulus/S  1	1	974245	974253	5	1	40	pips_40_500-8000.hdf5	both	none
98.4805	1	Stimulus/S  1	1	984805	984813	5	2	60	pips_40_500-8000.hdf5	both	none
99.5471	1	Stimulus/S  1	1	995471	995479	5	3	70	pips_40_500-8000.hdf5	both	none
100.6138	1	Stimulus/S  1	1	1006138	1006146	5	4	50	pips_40_500-8000.hdf5	both	none
101.6592	1	Stimulus/S  1	1	1016592	1016600	5	5	30	pips_40_500-8000.hdf5	both	none
102.7258	1	Stimulus/S  1	1	1027258	1027266	6	0	20	pips_40_500-8000.hdf5	both	none
103.7925	1	Stimulus/S  1	1	1037925	1037933	6	1	40	pips_40_500-8000.hdf5	both	none
104.8485	1	Stimulus/S  1	1	1048485	1048493	6	2	60	pips_40_500-8000.hdf5	both	none
105.8939	1	Stimulus/S  1	1	1058939	1058947	6	3	70	pips_40_500-8000.hdf5	both	none
106.9606	1	Stimulus/S  1	1	1069606	1069614	6	4	50	pips_40_500-8000.hdf5	both	none
108.0166	1	Stimulus/S  1	1	1080166	1080174	6	5	30	pips_40_500-8000.hdf5	both	none
109.0619	1	Stimulus/S  1	1	1090619	1090627	7	0	20	pips_40_500-8000.hdf5	both	none
110.1286	1	Stimulus/S  1	1	1101286	1101294	7	1	40	pips_40_500-8000.hdf5	both	none
111.1846	1	Stimulus/S  1	1	1111846	1111854	7	2	60	pips_40_500-8000.hdf5	both	none
112.2299	1	Stimulus/S  1	1	1122299	1122307	7	3	70	pips_40_500-8000.hdf5	both	none
113.2753	1	Stimulus/S  1	1	1132753	1132761	7	4	50	pips_40_500-8000.hdf5	both	none
114.342	1	Stimulus/S  1	1	1143420	1143428	7	5	30	pips_40_500-8000.hdf5	both	none
115.4086	1	Stimulus/S  1	1	1154086	1154094	8	0	20	pips_40_500-8000.hdf5	both	none
116.4646	1	Stimulus/S  1	1	1164646	1164654	8	1	40	pips_40_500-8000.hdf5	both	none
117.5313	1	Stimulus/S  1	1	1175313	1175321	8	2	60	pips_40_500-8000.hdf5	both	none
118.5767	1	Stimulus/S  1	1	1185767	1185775	8	3	70	pips_40_500-8000.hdf5	both	none
119.6433	1	Stimulus/S  1	1	1196433	1196441	8	4	50	pips_40_500-8000.hdf5	both	none
120.6994	1	Stimulus/S  1	1	1206994	1207002	8	5	30	pips_40_500-8000.hdf5	both	none
121.766	1	Stimulus/S  1	1	1217660	1217668	9	0	20	pips_40_500-8000.hdf5	both	none
122.8114	1	Stimulus/S  1	1	1228114	1228122	9	1	40	pips_40_500-8000.hdf5	both	none
123.8674	1	Stimulus/S  1	1	1238674	1238682	9	2	60	pips_40_500-8000.hdf5	both	none
124.9127	1	Stimulus/S  1	1	1249127	1249135	9	3	70	pips_40_500-8000.hdf5	both	none
125.9794	1	Stimulus/S  1	1	1259794	1259802	9	4	50	pips_40_500-8000.hdf5	both	none
127.0248	1	Stimulus/S  1	1	1270248	1270256	9	5	30	pips_40_500-8000.hdf5	both	none
128.0808	1	Stimulus/S  1	1	1280808	1280816	10	0	20	pips_40_500-8000.hdf5	both	none
129.1261	1	Stimulus/S  1	1	1291261	1291269	10	1	40	pips_40_500-8000.hdf5	both	none
130.1821	1	Stimulus/S  1	1	1301821	1301829	10	2	60	pips_40_500-8000.hdf5	both	none
131.2488	1	Stimulus/S  1	1	1312488	1312496	10	3	70	pips_40_500-8000.hdf5	both	none
132.2941	1	Stimulus/S  1	1	1322941	1322949	10	4	50	pips_40_500-8000.hdf5	both	none
133.3608	1	Stimulus/S  1	1	1333608	1333616	10	5	30	pips_40_500-8000.hdf5	both	none
134.4168	1	Stimulus/S  1	1	1344168	1344176	11	0	20	pips_40_500-8000.hdf5	both	none
135.4622	1	Stimulus/S  1	1	1354622	1354630	11	1	40	pips_40_500-8000.hdf5	both	none
136.5288	1	Stimulus/S  1	1	1365288	1365296	11	2	60	pips_40_500-8000.hdf5	both	none
137.5849	1	Stimulus/S  1	1	1375849	1375857	11	3	70	pips_40_500-8000.hdf5	both	none
138.6515	1	Stimulus/S  1	1	1386515	1386523	11	4	50	pips_40_500-8000.hdf5	both	none
139.6969	1	Stimulus/S  1	1	1396969	1396977	11	5	30	pips_40_500-8000.hdf5	both	none
140.7636	1	Stimulus/S  1	1	1407636	1407644	12	0	20	pips_40_500-8000.hdf5	both	none
141.8196	1	Stimulus/S  1	1	1418196	1418204	12	1	40	pips_40_500-8000.hdf5	both	none
142.8649	1	Stimulus/S  1	1	1428649	1428657	12	2	60	pips_40_500-8000.hdf5	both	none
143.9316	1	Stimulus/S  1	1	1439316	1439324	12	3	70	pips_40_500-8000.hdf5	both	none
144.9769	1	Stimulus/S  1	1	1449769	1449777	12	4	50	pips_40_500-8000.hdf5	both	none
146.0436	1	Stimulus/S  1	1	1460436	1460444	12	5	30	pips_40_500-8000.hdf5	both	none
147.0996	1	Stimulus/S  1	1	1470996	1471004	13	0	20	pips_40_500-8000.hdf5	both	none
148.1663	1	Stimulus/S  1	1	1481663	1481671	13	1	40	pips_40_500-8000.hdf5	both	none
149.233	1	Stimulus/S  1	1	1492330	1492338	13	2	60	pips_40_500-8000.hdf5	both	none
150.2783	1	Stimulus/S  1	1	1502783	1502791	13	3	70	pips_40_500-8000.hdf5	both	none
151.345	1	Stimulus/S  1	1	1513450	1513458	13	4	50	pips_40_500-8000.hdf5	both	none
152.401	1	Stimulus/S  1	1	1524010	1524018	13	5	30	pips_40_500-8000.hdf5	both	none
153.4677	1	Stimulus/S  1	1	1534677	1534685	14	0	20	pips_40_500-8000.hdf5	both	none
154.513	1	Stimulus/S  1	1	1545130	1545138	14	1	40	pips_40_500-8000.hdf5	both	none
155.569	1	Stimulus/S  1	1	1555690	1555698	14	2	60	pips_40_500-8000.hdf5	both	none
156.6357	1	Stimulus/S  1	1	1566357	1566365	14	3	70	pips_40_500-8000.hdf5	both	none
157.6811	1	Stimulus/S  1	1	1576811	1576819	14	4	50	pips_40_500-8000.hdf5	both	none
158.7477	1	Stimulus/S  1	1	1587477	1587485	14	5	30	pips_40_500-8000.hdf5	both	none
159.7931	1	Stimulus/S  1	1	1597931	1597939	15	0	20	pips_40_500-8000.hdf5	both	none
160.8491	1	Stimulus/S  1	1	1608491	1608499	15	1	40	pips_40_500-8000.hdf5	both	none
161.9158	1	Stimulus/S  1	1	1619158	1619166	15	2	60	pips_40_500-8000.hdf5	both	none
162.9611	1	Stimulus/S  1	1	1629611	1629619	15	3	70	pips_40_500-8000.hdf5	both	none
164.0278	1	Stimulus/S  1	1	1640278	1640286	15	4	50	pips_40_500-8000.hdf5	both	none
165.0945	1	Stimulus/S  1	1	1650945	1650953	15	5	30	pips_40_500-8000.hdf5	both	none
166.1505	1	Stimulus/S  1	1	1661505	1661513	16	0	20	pips_40_500-8000.hdf5	both	none
167.1958	1	Stimulus/S  1	1	1671958	1671966	16	1	40	pips_40_500-8000.hdf5	both	none
168.2518	1	Stimulus/S  1	1	1682518	1682526	16	2	60	pips_40_500-8000.hdf5	both	none
169.3185	1	Stimulus/S  1	1	1693185	1693193	16	3	70	pips_40_500-8000.hdf5	both	none
170.3638	1	Stimulus/S  1	1	1703638	1703646	16	4	50	pips_40_500-8000.hdf5	both	none
171.4092	1	Stimulus/S  1	1	1714092	1714100	16	5	30	pips_40_500-8000.hdf5	both	none
172.4652	1	Stimulus/S  1	1	1724652	1724660	17	0	20	pips_40_500-8000.hdf5	both	none
173.5105	1	Stimulus/S  1	1	1735105	1735113	17	1	40	pips_40_500-8000.hdf5	both	none
174.5666	1	Stimulus/S  1	1	1745666	1745674	17	2	60	pips_40_500-8000.hdf5	both	none
175.6332	1	Stimulus/S  1	1	1756332	1756340	17	3	70	pips_40_500-8000.hdf5	both	none
176.6999	1	Stimulus/S  1	1	1766999	1767007	17	4	50	pips_40_500-8000.hdf5	both	none
177.7453	1	Stimulus/S  1	1	1777453	1777461	17	5	30	pips_40_500-8000.hdf5	both	none
178.8119	1	Stimulus/S  1	1	1788119	1788127	18	0	20	pips_40_500-8000.hdf5	both	none
179.8679	1	Stimulus/S  1	1	1798679	1798687	18	1	40	pips_40_500-8000.hdf5	both	none
180.9133	1	Stimulus/S  1	1	1809133	1809141	18	2	60	pips_40_500-8000.hdf5	both	none
181.9693	1	Stimulus/S  1	1	1819693	1819701	18	3	70	pips_40_500-8000.hdf5	both	none
183.0146	1	Stimulus/S  1	1	1830146	1830154	18	4	50	pips_40_500-8000.hdf5	both	none
184.0813	1	Stimulus/S  1	1	1840813	1840821	18	5	30	pips_40_500-8000.hdf5	both	none
185.1267	1	Stimulus/S  1	1	1851267	1851275	19	0	20	pips_40_500-8000.hdf5	both	none
186.1933	1	Stimulus/S  1	1	1861933	1861941	19	1	40	pips_40_500-8000.hdf5	both	none
187.2494	1	Stimulus/S  1	1	1872494	1872502	19	2	60	pips_40_500-8000.hdf5	both	none
188.316	1	Stimulus/S  1	1	1883160	1883168	19	3	70	pips_40_500-8000.hdf5	both	none
189.3614	1	Stimulus/S  1	1	1893614	1893622	19	4	50	pips_40_500-8000.hdf5	both	none
190.428	1	Stimulus/S  1	1	1904280	1904288	19	5	30	pips_40_500-8000.hdf5	both	none
191.4947	1	Stimulus/S  1	1	1914947	1914955	20	0	20	pips_40_500-8000.hdf5	both	none
192.5507	1	Stimulus/S  1	1	1925507	1925515	20	1	40	pips_40_500-8000.hdf5	both	none
193.6174	1	Stimulus/S  1	1	1936174	1936182	20	2	60	pips_40_500-8000.hdf5	both	none
194.6628	1	Stimulus/S  1	1	1946628	1946636	20	3	70	pips_40_500-8000.hdf5	both	none
195.7188	1	Stimulus/S  1	1	1957188	1957196	20	4	50	pips_40_500-8000.hdf5	both	none
196.7641	1	Stimulus/S  1	1	1967641	1967649	20	5	30	pips_40_500-8000.hdf5	both	none
197.8308	1	Stimulus/S  1	1	1978308	1978316	21	0	20	pips_40_500-8000.hdf5	both	none
198.8868	1	Stimulus/S  1	1	1988868	1988876	21	1	40	pips_40_500-8000.hdf5	both	none
199.9535	1	Stimulus/S  1	1	1999535	1999543	21	2	60	pips_40_500-8000.hdf5	both	none
200.9988	1	Stimulus/S  1	1	2009988	2009996	21	3	70	pips_40_500-8000.hdf5	both	none
202.0442	1	Stimulus/S  1	1	2020442	2020450	21	4	50	pips_40_500-8000.hdf5	both	none
203.1108	1	Stimulus/S  1	1	2031108	2031116	21	5	30	pips_40_500-8000.hdf5	both	none
204.1669	1	Stimulus/S  1	1	2041669	2041677	22	0	20	pips_40_500-8000.hdf5	both	none
205.2335	1	Stimulus/S  1	1	2052335	2052343	22	1	40	pips_40_500-8000.hdf5	both	none
206.3002	1	Stimulus/S  1	1	2063002	2063010	22	2	60	pips_40_500-8000.hdf5	both	none
207.3455	1	Stimulus/S  1	1	2073455	2073463	22	3	70	pips_40_500-8000.hdf5	both	none
208.4122	1	Stimulus/S  1	1	2084122	2084130	22	4	50	pips_40_500-8000.hdf5	both	none
209.4682	1	Stimulus/S  1	1	2094682	2094690	22	5	30	pips_40_500-8000.hdf5	both	none
210.5349	1	Stimulus/S  1	1	2105349	2105357	23	0	20	pips_40_500-8000.hdf5	both	none
211.5803	1	Stimulus/S  1	1	2115803	2115811	23	1	40	pips_40_500-8000.hdf5	both	none
212.6469	1	Stimulus/S  1	1	2126469	2126477	23	2	60	pips_40_500-8000.hdf5	both	none
213.7136	1	Stimulus/S  1	1	2137136	2137144	23	3	70	pips_40_500-8000.hdf5	both	none
214.7696	1	Stimulus/S  1	1	2147696	2147704	23	4	50	pips_40_500-8000.hdf5	both	none
215.8363	1	Stimulus/S  1	1	2158363	2158371	23	5	30	pips_40_500-8000.hdf5	both	none
216.8816	1	Stimulus/S  1	1	2168816	2168824	24	0	20	pips_40_500-8000.hdf5	both	none
217.9483	1	Stimulus/S  1	1	2179483	2179491	24	1	40	pips_40_500-8000.hdf5	both	none
219.015	1	Stimulus/S  1	1	2190150	2190158	24	2	60	pips_40_500-8000.hdf5	both	none
220.0817	1	Stimulus/S  1	1	2200817	2200825	24	3	70	pips_40_500-8000.hdf5	both	none
221.127	1	Stimulus/S  1	1	2211270	2211278	24	4	50	pips_40_500-8000.hdf5	both	none
222.1937	1	Stimulus/S  1	1	2221937	2221945	24	5	30	pips_40_500-8000.hdf5	both	none
223.2604	1	Stimulus/S  1	1	2232604	2232612	25	0	20	pips_40_500-8000.hdf5	both	none
224.3164	1	Stimulus/S  1	1	2243164	2243172	25	1	40	pips_40_500-8000.hdf5	both	none
225.3831	1	Stimulus/S  1	1	2253831	2253839	25	2	60	pips_40_500-8000.hdf5	both	none
226.4284	1	Stimulus/S  1	1	2264284	2264292	25	3	70	pips_40_500-8000.hdf5	both	none
227.4951	1	Stimulus/S  1	1	2274951	2274959	25	4	50	pips_40_500-8000.hdf5	both	none
228.5511	1	Stimulus/S  1	1	2285511	2285519	25	5	30	pips_40_500-8000.hdf5	both	none
229.6178	1	Stimulus/S  1	1	2296178	2296186	26	0	20	pips_40_500-8000.hdf5	both	none
230.6631	1	Stimulus/S  1	1	2306631	2306639	26	1	40	pips_40_500-8000.hdf5	both	none
231.7191	1	Stimulus/S  1	1	2317191	2317199	26	2	60	pips_40_500-8000.hdf5	both	none
232.7858	1	Stimulus/S  1	1	2327858	2327866	26	3	70	pips_40_500-8000.hdf5	both	none
233.8311	1	Stimulus/S  1	1	2338311	2338319	26	4	50	pips_40_500-8000.hdf5	both	none
234.8872	1	Stimulus/S  1	1	2348872	2348880	26	5	30	pips_40_500-8000.hdf5	both	none
235.9325	1	Stimulus/S  1	1	2359325	2359333	27	0	20	pips_40_500-8000.hdf5	both	none
236.9778	1	Stimulus/S  1	1	2369778	2369786	27	1	40	pips_40_500-8000.hdf5	both	none
238.0445	1	Stimulus/S  1	1	2380445	2380453	27	2	60	pips_40_500-8000.hdf5	both	none
239.1005	1	Stimulus/S  1	1	2391005	2391013	27	3	70	pips_40_500-8000.hdf5	both	none
240.1459	1	Stimulus/S  1	1	2401459	2401467	27	4	50	pips_40_500-8000.hdf5	both	none
241.2126	1	Stimulus/S  1	1	2412126	2412134	27	5	30	pips_40_500-8000.hdf5	both	none
242.2686	1	Stimulus/S  1	1	2422686	2422694	28	0	20	pips_40_500-8000.hdf5	both	none
243.3139	1	Stimulus/S  1	1	2433139	2433147	28	1	40	pips_40_500-8000.hdf5	both	none
244.3699	1	Stimulus/S  1	1	2443699	2443707	28	2	60	pips_40_500-8000.hdf5	both	none
245.4153	1	Stimulus/S  1	1	2454153	2454161	28	3	70	pips_40_500-8000.hdf5	both	none
246.4819	1	Stimulus/S  1	1	2464819	2464827	28	4	50	pips_40_500-8000.hdf5	both	none
247.5273	1	Stimulus/S  1	1	2475273	2475281	28	5	30	pips_40_500-8000.hdf5	both	none
248.5833	1	Stimulus/S  1	1	2485833	2485841	29	0	20	pips_40_500-8000.hdf5	both	none
249.65	1	Stimulus/S  1	1	2496500	2496508	29	1	40	pips_40_500-8000.hdf5	both	none
250.6953	1	Stimulus/S  1	1	2506953	2506961	29	2	60	pips_40_500-8000.hdf5	both	none
251.7513	1	Stimulus/S  1	1	2517513	2517521	29	3	70	pips_40_500-8000.hdf5	both	none
252.818	1	Stimulus/S  1	1	2528180	2528188	29	4	50	pips_40_500-8000.hdf5	both	none
253.8633	1	Stimulus/S  1	1	2538633	2538641	29	5	30	pips_40_500-8000.hdf5	both	none
254.93	1	Stimulus/S  1	1	2549300	2549308	30	0	20	pips_40_500-8000.hdf5	both	none
255.986	1	Stimulus/S  1	1	2559860	2559868	30	1	40	pips_40_500-8000.hdf5	both	none
257.0527	1	Stimulus/S  1	1	2570527	2570535	30	2	60	pips_40_500-8000.hdf5	both	none
258.0981	1	Stimulus/S  1	1	2580981	2580989	30	3	70	pips_40_500-8000.hdf5	both	none
259.1541	1	Stimulus/S  1	1	2591541	2591549	30	4	50	pips_40_500-8000.hdf5	both	none
260.1994	1	Stimulus/S  1	1	2601994	2602002	30	5	30	pips_40_500-8000.hdf5	both	none
261.2448	1	Stimulus/S  1	1	2612448	2612456	31	0	20	pips_40_500-8000.hdf5	both	none
262.3114	1	Stimulus/S  1	1	2623114	2623122	31	1	40	pips_40_500-8000.hdf5	both	none
263.3674	1	Stimulus/S  1	1	2633674	2633682	31	2	60	pips_40_500-8000.hdf5	both	none
264.4341	1	Stimulus/S  1	1	2644341	2644349	31	3	70	pips_40_500-8000.hdf5	both	none
265.5008	1	Stimulus/S  1	1	2655008	2655016	31	4	50	pips_40_500-8000.hdf5	both	none
266.5461	1	Stimulus/S  1	1	2665461	2665469	31	5	30	pips_40_500-8000.hdf5	both	none
267.6021	1	Stimulus/S  1	1	2676021	2676029	32	0	20	pips_40_500-8000.hdf5	both	none
268.6688	1	Stimulus/S  1	1	2686688	2686696	32	1	40	pips_40_500-8000.hdf5	both	none
269.7142	1	Stimulus/S  1	1	2697142	2697150	32	2	60	pips_40_500-8000.hdf5	both	none
270.7808	1	Stimulus/S  1	1	2707808	2707816	32	3	70	pips_40_500-8000.hdf5	both	none
271.8369	1	Stimulus/S  1	1	2718369	2718377	32	4	50	pips_40_500-8000.hdf5	both	none
272.8822	1	Stimulus/S  1	1	2728822	2728830	32	5	30	pips_40_500-8000.hdf5	both	none
273.9275	1	Stimulus/S  1	1	2739275	2739283	33	0	20	pips_40_500-8000.hdf5	both	none
274.9942	1	Stimulus/S  1	1	2749942	2749950	33	1	40	pips_40_500-8000.hdf5	both	none
276.0502	1	Stimulus/S  1	1	2760502	2760510	33	2	60	pips_40_500-8000.hdf5	both	none
277.1169	1	Stimulus/S  1	1	2771169	2771177	33	3	70	pips_40_500-8000.hdf5	both	none
278.1836	1	Stimulus/S  1	1	2781836	2781844	33	4	50	pips_40_500-8000.hdf5	both	none
279.2289	1	Stimulus/S  1	1	2792289	2792297	33	5	30	pips_40_500-8000.hdf5	both	none
280.2956	1	Stimulus/S  1	1	2802956	2802964	34	0	20	pips_40_500-8000.hdf5	both	none
281.3516	1	Stimulus/S  1	1	2813516	2813524	34	1	40	pips_40_500-8000.hdf5	both	none
282.4183	1	Stimulus/S  1	1	2824183	2824191	34	2	60	pips_40_500-8000.hdf5	both	none
283.485	1	Stimulus/S  1	1	2834850	2834858	34	3	70	pips_40_500-8000.hdf5	both	none
284.5303	1	Stimulus/S  1	1	2845303	2845311	34	4	50	pips_40_500-8000.hdf5	both	none
285.5863	1	Stimulus/S  1	1	2855863	2855871	34	5	30	pips_40_500-8000.hdf5	both	none
286.6317	1	Stimulus/S  1	1	2866317	2866325	35	0	20	pips_40_500-8000.hdf5	both	none
287.6877	1	Stimulus/S  1	1	2876877	2876885	35	1	40	pips_40_500-8000.hdf5	both	none
288.733	1	Stimulus/S  1	1	2887330	2887338	35	2	60	pips_40_500-8000.hdf5	both	none
289.7784	1	Stimulus/S  1	1	2897784	2897792	35	3	70	pips_40_500-8000.hdf5	both	none
290.845	1	Stimulus/S  1	1	2908450	2908458	35	4	50	pips_40_500-8000.hdf5	both	none
291.9011	1	Stimulus/S  1	1	2919011	2919019	35	5	30	pips_40_500-8000.hdf5	both	none
292.9677	1	Stimulus/S  1	1	2929677	2929685	36	0	20	pips_40_500-8000.hdf5	both	none
294.0344	1	Stimulus/S  1	1	2940344	2940352	36	1	40	pips_40_500-8000.hdf5	both	none
295.0798	1	Stimulus/S  1	1	2950798	2950806	36	2	60	pips_40_500-8000.hdf5	both	none
296.1358	1	Stimulus/S  1	1	2961358	2961366	36	3	70	pips_40_500-8000.hdf5	both	none
297.2024	1	Stimulus/S  1	1	2972024	2972032	36	4	50	pips_40_500-8000.hdf5	both	none
298.2478	1	Stimulus/S  1	1	2982478	2982486	36	5	30	pips_40_500-8000.hdf5	both	none
299.3038	1	Stimulus/S  1	1	2993038	2993046	37	0	20	pips_40_500-8000.hdf5	both	none
300.3705	1	Stimulus/S  1	1	3003705	3003713	37	1	40	pips_40_500-8000.hdf5	both	none
301.4158	1	Stimulus/S  1	1	3014158	3014166	37	2	60	pips_40_500-8000.hdf5	both	none
302.4825	1	Stimulus/S  1	1	3024825	3024833	37	3	70	pips_40_500-8000.hdf5	both	none
303.5492	1	Stimulus/S  1	1	3035492	3035500	37	4	50	pips_40_500-8000.hdf5	both	none
304.6052	1	Stimulus/S  1	1	3046052	3046060	37	5	30	pips_40_500-8000.hdf5	both	none
305.6505	1	Stimulus/S  1	1	3056505	3056513	38	0	20	pips_40_500-8000.hdf5	both	none
306.6959	1	Stimulus/S  1	1	3066959	3066967	38	1	40	pips_40_500-8000.hdf5	both	none
307.7519	1	Stimulus/S  1	1	3077519	3077527	38	2	60	pips_40_500-8000.hdf5	both	none
308.7972	1	Stimulus/S  1	1	3087972	3087980	38	3	70	pips_40_500-8000.hdf5	both	none
309.8639	1	Stimulus/S  1	1	3098639	3098647	38	4	50	pips_40_500-8000.hdf5	both	none
310.9306	1	Stimulus/S  1	1	3109306	3109314	38	5	30	pips_40_500-8000.hdf5	both	none
311.9973	1	Stimulus/S  1	1	3119973	3119981	39	0	20	pips_40_500-8000.hdf5	both	none
313.0533	1	Stimulus/S  1	1	3130533	3130541	39	1	40	pips_40_500-8000.hdf5	both	none
314.1199	1	Stimulus/S  1	1	3141199	3141207	39	2	60	pips_40_500-8000.hdf5	both	none
315.1653	1	Stimulus/S  1	1	3151653	3151661	39	3	70	pips_40_500-8000.hdf5	both	none
316.2213	1	Stimulus/S  1	1	3162213	3162221	39	4	50	pips_40_500-8000.hdf5	both	none
317.288	1	Stimulus/S  1	1	3172880	3172888	39	5	30	pips_40_500-8000.hdf5	both	none
318.3547	1	Stimulus/S  1	1	3183547	3183555	40	0	20	pips_40_500-8000.hdf5	both	none
319.4213	1	Stimulus/S  1	1	3194213	3194221	40	1	40	pips_40_500-8000.hdf5	both	none
320.4667	1	Stimulus/S  1	1	3204667	3204675	40	2	60	pips_40_500-8000.hdf5	both	none
321.5333	1	Stimulus/S  1	1	3215333	3215341	40	3	70	pips_40_500-8000.hdf5	both	none
322.6	1	Stimulus/S  1	1	3226000	3226008	40	4	50	pips_40_500-8000.hdf5	both	none
323.6454	1	Stimulus/S  1	1	3236454	3236462	40	5	30	pips_40_500-8000.hdf5	both	none
324.7227	1	Stimulus/S  1	1	3247227	3247235	41	0	20	pips_40_500-8000.hdf5	both	none
325.7681	1	Stimulus/S  1	1	3257681	3257689	41	1	40	pips_40_500-8000.hdf5	both	none
326.8134	1	Stimulus/S  1	1	3268134	3268142	41	2	60	pips_40_500-8000.hdf5	both	none
327.8801	1	Stimulus/S  1	1	3278801	3278809	41	3	70	pips_40_500-8000.hdf5	both	none
328.9468	1	Stimulus/S  1	1	3289468	3289476	41	4	50	pips_40_500-8000.hdf5	both	none
330.0028	1	Stimulus/S  1	1	3300028	3300036	41	5	30	pips_40_500-8000.hdf5	both	none
331.0481	1	Stimulus/S  1	1	3310481	3310489	42	0	20	pips_40_500-8000.hdf5	both	none
332.1148	1	Stimulus/S  1	1	3321148	3321156	42	1	40	pips_40_500-8000.hdf5	both	none
333.1815	1	Stimulus/S  1	1	3331815	3331823	42	2	60	pips_40_500-8000.hdf5	both	none
334.2375	1	Stimulus/S  1	1	3342375	3342383	42	3	70	pips_40_500-8000.hdf5	both	none
335.2828	1	Stimulus/S  1	1	3352828	3352836	42	4	50	pips_40_500-8000.hdf5	both	none
336.3495	1	Stimulus/S  1	1	3363495	3363503	42	5	30	pips_40_500-8000.hdf5	both	none
337.4055	1	Stimulus/S  1	1	3374055	3374063	43	0	20	pips_40_500-8000.hdf5	both	none
338.4509	1	Stimulus/S  1	1	3384509	3384517	43	1	40	pips_40_500-8000.hdf5	both	none
339.5175	1	Stimulus/S  1	1	3395175	3395183	43	2	60	pips_40_500-8000.hdf5	both	none
340.5842	1	Stimulus/S  1	1	3405842	3405850	43	3	70	pips_40_500-8000.hdf5	both	none
341.6295	1	Stimulus/S  1	1	3416295	3416303	43	4	50	pips_40_500-8000.hdf5	both	none
342.6856	1	Stimulus/S  1	1	3426856	3426864	43	5	30	pips_40_500-8000.hdf5	both	none
343.7522	1	Stimulus/S  1	1	3437522	3437530	44	0	20	pips_40_500-8000.hdf5	both	none
344.7976	1	Stimulus/S  1	1	3447976	3447984	44	1	40	pips_40_500-8000.hdf5	both	none
345.8536	1	Stimulus/S  1	1	3458536	3458544	44	2	60	pips_40_500-8000.hdf5	both	none
346.9203	1	Stimulus/S  1	1	3469203	3469211	44	3	70	pips_40_500-8000.hdf5	both	none
347.9656	1	Stimulus/S  1	1	3479656	3479664	44	4	50	pips_40_500-8000.hdf5	both	none
349.0216	1	Stimulus/S  1	1	3490216	3490224	44	5	30	pips_40_500-8000.hdf5	both	none
350.0883	1	Stimulus/S  1	1	3500883	3500891	45	0	20	pips_40_500-8000.hdf5	both	none
351.155	1	Stimulus/S  1	1	3511550	3511558	45	1	40	pips_40_500-8000.hdf5	both	none
352.2217	1	Stimulus/S  1	1	3522217	3522225	45	2	60	pips_40_500-8000.hdf5	both	none
353.2883	1	Stimulus/S  1	1	3532883	3532891	45	3	70	pips_40_500-8000.hdf5	both	none
354.3337	1	Stimulus/S  1	1	3543337	3543345	45	4	50	pips_40_500-8000.hdf5	both	none
355.4004	1	Stimulus/S  1	1	3554004	3554012	45	5	30	pips_40_500-8000.hdf5	both	none
356.467	1	Stimulus/S  1	1	3564670	3564678	46	0	20	pips_40_500-8000.hdf5	both	none
357.5124	1	Stimulus/S  1	1	3575124	3575132	46	1	40	pips_40_500-8000.hdf5	both	none
358.5684	1	Stimulus/S  1	1	3585684	3585692	46	2	60	pips_40_500-8000.hdf5	both	none
359.6137	1	Stimulus/S  1	1	3596137	3596145	46	3	70	pips_40_500-8000.hdf5	both	none
360.6697	1	Stimulus/S  1	1	3606697	3606705	46	4	50	pips_40_500-8000.hdf5	both	none
361.7364	1	Stimulus/S  1	1	3617364	3617372	46	5	30	pips_40_500-8000.hdf5	both	none
362.7818	1	Stimulus/S  1	1	3627818	3627826	47	0	20	pips_40_500-8000.hdf5	both	none
363.8378	1	Stimulus/S  1	1	3638378	3638386	47	1	40	pips_40_500-8000.hdf5	both	none
364.9044	1	Stimulus/S  1	1	3649044	3649052	47	2	60	pips_40_500-8000.hdf5	both	none
365.9498	1	Stimulus/S  1	1	3659498	3659506	47	3	70	pips_40_500-8000.hdf5	both	none
367.0165	1	Stimulus/S  1	1	3670165	3670173	47	4	50	pips_40_500-8000.hdf5	both	none
368.0831	1	Stimulus/S  1	1	3680831	3680839	47	5	30	pips_40_500-8000.hdf5	both	none
369.1392	1	Stimulus/S  1	1	3691392	3691400	48	0	20	pips_40_500-8000.hdf5	both	none
370.2058	1	Stimulus/S  1	1	3702058	3702066	48	1	40	pips_40_500-8000.hdf5	both	none
371.2512	1	Stimulus/S  1	1	3712512	3712520	48	2	60	pips_40_500-8000.hdf5	both	none
372.2965	1	Stimulus/S  1	1	3722965	3722973	48	3	70	pips_40_500-8000.hdf5	both	none
373.3632	1	Stimulus/S  1	1	3733632	3733640	48	4	50	pips_40_500-8000.hdf5	both	none
374.4192	1	Stimulus/S  1	1	3744192	3744200	48	5	30	pips_40_500-8000.hdf5	both	none
375.4646	1	Stimulus/S  1	1	3754646	3754654	49	0	20	pips_40_500-8000.hdf5	both	none
376.5312	1	Stimulus/S  1	1	3765312	3765320	49	1	40	pips_40_500-8000.hdf5	both	none
377.5872	1	Stimulus/S  1	1	3775872	3775880	49	2	60	pips_40_500-8000.hdf5	both	none
378.6539	1	Stimulus/S  1	1	3786539	3786547	49	3	70	pips_40_500-8000.hdf5	both	none
379.7206	1	Stimulus/S  1	1	3797206	3797214	49	4	50	pips_40_500-8000.hdf5	both	none
380.7873	1	Stimulus/S  1	1	3807873	3807881	49	5	30	pips_40_500-8000.hdf5	both	none
381.8539	1	Stimulus/S  1	1	3818539	3818547	50	0	20	pips_40_500-8000.hdf5	both	none
382.8993	1	Stimulus/S  1	1	3828993	3829001	50	1	40	pips_40_500-8000.hdf5	both	none
383.966	1	Stimulus/S  1	1	3839660	3839668	50	2	60	pips_40_500-8000.hdf5	both	none
385.0326	1	Stimulus/S  1	1	3850326	3850334	50	3	70	pips_40_500-8000.hdf5	both	none
386.0887	1	Stimulus/S  1	1	3860887	3860895	50	4	50	pips_40_500-8000.hdf5	both	none
387.134	1	Stimulus/S  1	1	3871340	3871348	50	5	30	pips_40_500-8000.hdf5	both	none
388.2007	1	Stimulus/S  1	1	3882007	3882015	51	0	20	pips_40_500-8000.hdf5	both	none
389.2567	1	Stimulus/S  1	1	3892567	3892575	51	1	40	pips_40_500-8000.hdf5	both	none
390.302	1	Stimulus/S  1	1	3903020	3903028	51	2	60	pips_40_500-8000.hdf5	both	none
391.3687	1	Stimulus/S  1	1	3913687	3913695	51	3	70	pips_40_500-8000.hdf5	both	none
392.4141	1	Stimulus/S  1	1	3924141	3924149	51	4	50	pips_40_500-8000.hdf5	both	none
393.4807	1	Stimulus/S  1	1	3934807	3934815	51	5	30	pips_40_500-8000.hdf5	both	none
394.5367	1	Stimulus/S  1	1	3945367	3945375	52	0	20	pips_40_500-8000.hdf5	both	none
395.5821	1	Stimulus/S  1	1	3955821	3955829	52	1	40	pips_40_500-8000.hdf5	both	none
396.6381	1	Stimulus/S  1	1	3966381	3966389	52	2	60	pips_40_500-8000.hdf5	both	none
397.7048	1	Stimulus/S  1	1	3977048	3977056	52	3	70	pips_40_500-8000.hdf5	both	none
398.7714	1	Stimulus/S  1	1	3987714	3987722	52	4	50	pips_40_500-8000.hdf5	both	none
399.8168	1	Stimulus/S  1	1	3998168	3998176	52	5	30	pips_40_500-8000.hdf5	both	none
400.8728	1	Stimulus/S  1	1	4008728	4008736	53	0	20	pips_40_500-8000.hdf5	both	none
401.9395	1	Stimulus/S  1	1	4019395	4019403	53	1	40	pips_40_500-8000.hdf5	both	none
402.9848	1	Stimulus/S  1	1	4029848	4029856	53	2	60	pips_40_500-8000.hdf5	both	none
404.0302	1	Stimulus/S  1	1	4040302	4040310	53	3	70	pips_40_500-8000.hdf5	both	none
405.0862	1	Stimulus/S  1	1	4050862	4050870	53	4	50	pips_40_500-8000.hdf5	both	none
406.1315	1	Stimulus/S  1	1	4061315	4061323	53	5	30	pips_40_500-8000.hdf5	both	none
407.1875	1	Stimulus/S  1	1	4071875	4071883	54	0	20	pips_40_500-8000.hdf5	both	none
408.2542	1	Stimulus/S  1	1	4082542	4082550	54	1	40	pips_40_500-8000.hdf5	both	none
409.2996	1	Stimulus/S  1	1	4092996	4093004	54	2	60	pips_40_500-8000.hdf5	both	none
410.3556	1	Stimulus/S  1	1	4103556	4103564	54	3	70	pips_40_500-8000.hdf5	both	none
411.4222	1	Stimulus/S  1	1	4114222	4114230	54	4	50	pips_40_500-8000.hdf5	both	none
412.4676	1	Stimulus/S  1	1	4124676	4124684	54	5	30	pips_40_500-8000.hdf5	both	none
413.5236	1	Stimulus/S  1	1	4135236	4135244	55	0	20	pips_40_500-8000.hdf5	both	none
414.5903	1	Stimulus/S  1	1	4145903	4145911	55	1	40	pips_40_500-8000.hdf5	both	none
415.6569	1	Stimulus/S  1	1	4156569	4156577	55	2	60	pips_40_500-8000.hdf5	both	none
416.7023	1	Stimulus/S  1	1	4167023	4167031	55	3	70	pips_40_500-8000.hdf5	both	none
417.7476	1	Stimulus/S  1	1	4177476	4177484	55	4	50	pips_40_500-8000.hdf5	both	none
418.8036	1	Stimulus/S  1	1	4188036	4188044	55	5	30	pips_40_500-8000.hdf5	both	none
419.8703	1	Stimulus/S  1	1	4198703	4198711	56	0	20	pips_40_500-8000.hdf5	both	none
420.937	1	Stimulus/S  1	1	4209370	4209378	56	1	40	pips_40_500-8000.hdf5	both	none
422.0037	1	Stimulus/S  1	1	4220037	4220045	56	2	60	pips_40_500-8000.hdf5	both	none
423.0704	1	Stimulus/S  1	1	4230704	4230712	56	3	70	pips_40_500-8000.hdf5	both	none
424.1157	1	Stimulus/S  1	1	4241157	4241165	56	4	50	pips_40_500-8000.hdf5	both	none
425.1717	1	Stimulus/S  1	1	4251717	4251725	56	5	30	pips_40_500-8000.hdf5	both	none
426.2384	1	Stimulus/S  1	1	4262384	4262392	57	0	20	pips_40_500-8000.hdf5	both	none
427.2837	1	Stimulus/S  1	1	4272837	4272845	57	1	40	pips_40_500-8000.hdf5	both	none
428.3504	1	Stimulus/S  1	1	4283504	4283512	57	2	60	pips_40_500-8000.hdf5	both	none
429.4171	1	Stimulus/S  1	1	4294171	4294179	57	3	70	pips_40_500-8000.hdf5	both	none
430.4838	1	Stimulus/S  1	1	4304838	4304846	57	4	50	pips_40_500-8000.hdf5	both	none
431.5398	1	Stimulus/S  1	1	4315398	4315406	57	5	30	pips_40_500-8000.hdf5	both	none
432.5851	1	Stimulus/S  1	1	4325851	4325859	58	0	20	pips_40_500-8000.hdf5	both	none
433.6518	1	Stimulus/S  1	1	4336518	4336526	58	1	40	pips_40_500-8000.hdf5	both	none
434.7185	1	Stimulus/S  1	1	4347185	4347193	58	2	60	pips_40_500-8000.hdf5	both	none
435.7638	1	Stimulus/S  1	1	4357638	4357646	58	3	70	pips_40_500-8000.hdf5	both	none
436.8198	1	Stimulus/S  1	1	4368198	4368206	58	4	50	pips_40_500-8000.hdf5	both	none
437.8865	1	Stimulus/S  1	1	4378865	4378873	58	5	30	pips_40_500-8000.hdf5	both	none
438.9532	1	Stimulus/S  1	1	4389532	4389540	59	0	20	pips_40_500-8000.hdf5	both	none
439.9985	1	Stimulus/S  1	1	4399985	4399993	59	1	40	pips_40_500-8000.hdf5	both	none
441.0545	1	Stimulus/S  1	1	4410545	4410553	59	2	60	pips_40_500-8000.hdf5	both	none
442.0999	1	Stimulus/S  1	1	4420999	4421007	59	3	70	pips_40_500-8000.hdf5	both	none
443.1666	1	Stimulus/S  1	1	4431666	4431674	59	4	50	pips_40_500-8000.hdf5	both	none
444.2226	1	Stimulus/S  1	1	4442226	4442234	59	5	30	pips_40_500-8000.hdf5	both	none
445.2679	1	Stimulus/S  1	1	4452679	4452687	60	0	20	pips_40_500-8000.hdf5	both	none
446.3346	1	Stimulus/S  1	1	4463346	4463354	60	1	40	pips_40_500-8000.hdf5	both	none
447.4013	1	Stimulus/S  1	1	4474013	4474021	60	2	60	pips_40_500-8000.hdf5	both	none
448.4573	1	Stimulus/S  1	1	4484573	4484581	60	3	70	pips_40_500-8000.hdf5	both	none
449.5026	1	Stimulus/S  1	1	4495026	4495034	60	4	50	pips_40_500-8000.hdf5	both	none
450.5693	1	Stimulus/S  1	1	4505693	4505701	60	5	30	pips_40_500-8000.hdf5	both	none
451.636	1	Stimulus/S  1	1	4516360	4516368	61	0	20	pips_40_500-8000.hdf5	both	none
452.6813	1	Stimulus/S  1	1	4526813	4526821	61	1	40	pips_40_500-8000.hdf5	both	none
453.7373	1	Stimulus/S  1	1	4537373	4537381	61	2	60	pips_40_500-8000.hdf5	both	none
454.804	1	Stimulus/S  1	1	4548040	4548048	61	3	70	pips_40_500-8000.hdf5	both	none
455.8493	1	Stimulus/S  1	1	4558493	4558501	61	4	50	pips_40_500-8000.hdf5	both	none
456.9054	1	Stimulus/S  1	1	4569054	4569062	61	5	30	pips_40_500-8000.hdf5	both	none
457.972	1	Stimulus/S  1	1	4579720	4579728	62	0	20	pips_40_500-8000.hdf5	both	none
459.0387	1	Stimulus/S  1	1	4590387	4590395	62	1	40	pips_40_500-8000.hdf5	both	none
460.0841	1	Stimulus/S  1	1	4600841	4600849	62	2	60	pips_40_500-8000.hdf5	both	none
461.1401	1	Stimulus/S  1	1	4611401	4611409	62	3	70	pips_40_500-8000.hdf5	both	none
462.1854	1	Stimulus/S  1	1	4621854	4621862	62	4	50	pips_40_500-8000.hdf5	both	none
463.2521	1	Stimulus/S  1	1	4632521	4632529	62	5	30	pips_40_500-8000.hdf5	both	none
464.3188	1	Stimulus/S  1	1	4643188	4643196	63	0	20	pips_40_500-8000.hdf5	both	none
465.3854	1	Stimulus/S  1	1	4653854	4653862	63	1	40	pips_40_500-8000.hdf5	both	none
466.4308	1	Stimulus/S  1	1	4664308	4664316	63	2	60	pips_40_500-8000.hdf5	both	none
467.4868	1	Stimulus/S  1	1	4674868	4674876	63	3	70	pips_40_500-8000.hdf5	both	none
468.5535	1	Stimulus/S  1	1	4685535	4685543	63	4	50	pips_40_500-8000.hdf5	both	none
469.6201	1	Stimulus/S  1	1	4696201	4696209	63	5	30	pips_40_500-8000.hdf5	both	none
470.6868	1	Stimulus/S  1	1	4706868	4706876	64	0	20	pips_40_500-8000.hdf5	both	none
471.7322	1	Stimulus/S  1	1	4717322	4717330	64	1	40	pips_40_500-8000.hdf5	both	none
472.7882	1	Stimulus/S  1	1	4727882	4727890	64	2	60	pips_40_500-8000.hdf5	both	none
473.8335	1	Stimulus/S  1	1	4738335	4738343	64	3	70	pips_40_500-8000.hdf5	both	none
474.9002	1	Stimulus/S  1	1	4749002	4749010	64	4	50	pips_40_500-8000.hdf5	both	none
475.9562	1	Stimulus/S  1	1	4759562	4759570	64	5	30	pips_40_500-8000.hdf5	both	none
477.0016	1	Stimulus/S  1	1	4770016	4770024	65	0	20	pips_40_500-8000.hdf5	both	none
478.0576	1	Stimulus/S  1	1	4780576	4780584	65	1	40	pips_40_500-8000.hdf5	both	none
479.1029	1	Stimulus/S  1	1	4791029	4791037	65	2	60	pips_40_500-8000.hdf5	both	none
480.1589	1	Stimulus/S  1	1	4801589	4801597	65	3	70	pips_40_500-8000.hdf5	both	none
481.2149	1	Stimulus/S  1	1	4812149	4812157	65	4	50	pips_40_500-8000.hdf5	both	none
482.2709	1	Stimulus/S  1	1	4822709	4822717	65	5	30	pips_40_500-8000.hdf5	both	none
483.3376	1	Stimulus/S  1	1	4833376	4833384	66	0	20	pips_40_500-8000.hdf5	both	none
484.383	1	Stimulus/S  1	1	4843830	4843838	66	1	40	pips_40_500-8000.hdf5	both	none
485.4496	1	Stimulus/S  1	1	4854496	4854504	66	2	60	pips_40_500-8000.hdf5	both	none
486.5163	1	Stimulus/S  1	1	4865163	4865171	66	3	70	pips_40_500-8000.hdf5	both	none
487.5723	1	Stimulus/S  1	1	4875723	4875731	66	4	50	pips_40_500-8000.hdf5	both	none
488.6177	1	Stimulus/S  1	1	4886177	4886185	66	5	30	pips_40_500-8000.hdf5	both	none
489.6737	1	Stimulus/S  1	1	4896737	4896745	67	0	20	pips_40_500-8000.hdf5	both	none
490.7404	1	Stimulus/S  1	1	4907404	4907412	67	1	40	pips_40_500-8000.hdf5	both	none
491.807	1	Stimulus/S  1	1	4918070	4918078	67	2	60	pips_40_500-8000.hdf5	both	none
492.8524	1	Stimulus/S  1	1	4928524	4928532	67	3	70	pips_40_500-8000.hdf5	both	none
493.8977	1	Stimulus/S  1	1	4938977	4938985	67	4	50	pips_40_500-8000.hdf5	both	none
494.9751	1	Stimulus/S  1	1	4949751	4949759	67	5	30	pips_40_500-8000.hdf5	both	none
496.0417	1	Stimulus/S  1	1	4960417	4960425	68	0	20	pips_40_500-8000.hdf5	both	none
497.0978	1	Stimulus/S  1	1	4970978	4970986	68	1	40	pips_40_500-8000.hdf5	both	none
498.1538	1	Stimulus/S  1	1	4981538	4981546	68	2	60	pips_40_500-8000.hdf5	both	none
499.1991	1	Stimulus/S  1	1	4991991	4991999	68	3	70	pips_40_500-8000.hdf5	both	none
500.2551	1	Stimulus/S  1	1	5002551	5002559	68	4	50	pips_40_500-8000.hdf5	both	none
501.3218	1	Stimulus/S  1	1	5013218	5013226	68	5	30	pips_40_500-8000.hdf5	both	none
502.3885	1	Stimulus/S  1	1	5023885	5023893	69	0	20	pips_40_500-8000.hdf5	both	none
503.4338	1	Stimulus/S  1	1	5034338	5034346	69	1	40	pips_40_500-8000.hdf5	both	none
504.4898	1	Stimulus/S  1	1	5044898	5044906	69	2	60	pips_40_500-8000.hdf5	both	none
505.5352	1	Stimulus/S  1	1	5055352	5055360	69	3	70	pips_40_500-8000.hdf5	both	none
506.5912	1	Stimulus/S  1	1	5065912	5065920	69	4	50	pips_40_500-8000.hdf5	both	none
507.6579	1	Stimulus/S  1	1	5076579	5076587	69	5	30	pips_40_500-8000.hdf5	both	none
508.7245	1	Stimulus/S  1	1	5087245	5087253	70	0	20	pips_40_500-8000.hdf5	both	none
509.7912	1	Stimulus/S  1	1	5097912	5097920	70	1	40	pips_40_500-8000.hdf5	both	none
510.8366	1	Stimulus/S  1	1	5108366	5108374	70	2	60	pips_40_500-8000.hdf5	both	none
511.8819	1	Stimulus/S  1	1	5118819	5118827	70	3	70	pips_40_500-8000.hdf5	both	none
512.9379	1	Stimulus/S  1	1	5129379	5129387	70	4	50	pips_40_500-8000.hdf5	both	none
514.0046	1	Stimulus/S  1	1	5140046	5140054	70	5	30	pips_40_500-8000.hdf5	both	none
515.0499	1	Stimulus/S  1	1	5150499	5150507	71	0	20	pips_40_500-8000.hdf5	both	none
516.1059	1	Stimulus/S  1	1	5161059	5161067	71	1	40	pips_40_500-8000.hdf5	both	none
517.1726	1	Stimulus/S  1	1	5171726	5171734	71	2	60	pips_40_500-8000.hdf5	both	none
518.218	1	Stimulus/S  1	1	5182180	5182188	71	3	70	pips_40_500-8000.hdf5	both	none
519.274	1	Stimulus/S  1	1	5192740	5192748	71	4	50	pips_40_500-8000.hdf5	both	none
520.3406	1	Stimulus/S  1	1	5203406	5203414	71	5	30	pips_40_500-8000.hdf5	both	none
521.4073	1	Stimulus/S  1	1	5214073	5214081	72	0	20	pips_40_500-8000.hdf5	both	none
522.4527	1	Stimulus/S  1	1	5224527	5224535	72	1	40	pips_40_500-8000.hdf5	both	none
523.5087	1	Stimulus/S  1	1	5235087	5235095	72	2	60	pips_40_500-8000.hdf5	both	none
524.5754	1	Stimulus/S  1	1	5245754	5245762	72	3	70	pips_40_500-8000.hdf5	both	none
525.6207	1	Stimulus/S  1	1	5256207	5256215	72	4	50	pips_40_500-8000.hdf5	both	none
526.666	1	Stimulus/S  1	1	5266660	5266668	72	5	30	pips_40_500-8000.hdf5	both	none
527.7327	1	Stimulus/S  1	1	5277327	5277335	73	0	20	pips_40_500-8000.hdf5	both	none
528.7994	1	Stimulus/S  1	1	5287994	5288002	73	1	40	pips_40_500-8000.hdf5	both	none
529.8554	1	Stimulus/S  1	1	5298554	5298562	73	2	60	pips_40_500-8000.hdf5	both	none
530.9008	1	Stimulus/S  1	1	5309008	5309016	73	3	70	pips_40_500-8000.hdf5	both	none
531.9568	1	Stimulus/S  1	1	5319568	5319576	73	4	50	pips_40_500-8000.hdf5	both	none
533.0234	1	Stimulus/S  1	1	5330234	5330242	73	5	30	pips_40_500-8000.hdf5	both	none
534.0688	1	Stimulus/S  1	1	5340688	5340696	74	0	20	pips_40_500-8000.hdf5	both	none
535.1248	1	Stimulus/S  1	1	5351248	5351256	74	1	40	pips_40_500-8000.hdf5	both	none
536.1915	1	Stimulus/S  1	1	5361915	5361923	74	2	60	pips_40_500-8000.hdf5	both	none
537.2581	1	Stimulus/S  1	1	5372581	5372589	74	3	70	pips_40_500-8000.hdf5	both	none
538.3248	1	Stimulus/S  1	1	5383248	5383256	74	4	50	pips_40_500-8000.hdf5	both	none
539.3702	1	Stimulus/S  1	1	5393702	5393710	74	5	30	pips_40_500-8000.hdf5	both	none
540.4155	1	Stimulus/S  1	1	5404155	5404163	75	0	20	pips_40_500-8000.hdf5	both	none
541.4715	1	Stimulus/S  1	1	5414715	5414723	75	1	40	pips_40_500-8000.hdf5	both	none
542.5169	1	Stimulus/S  1	1	5425169	5425177	75	2	60	pips_40_500-8000.hdf5	both	none
543.5835	1	Stimulus/S  1	1	5435835	5435843	75	3	70	pips_40_500-8000.hdf5	both	none
544.6502	1	Stimulus/S  1	1	5446502	5446510	75	4	50	pips_40_500-8000.hdf5	both	none
545.7062	1	Stimulus/S  1	1	5457062	5457070	75	5	30	pips_40_500-8000.hdf5	both	none
546.7516	1	Stimulus/S  1	1	5467516	5467524	76	0	20	pips_40_500-8000.hdf5	both	none
547.8183	1	Stimulus/S  1	1	5478183	5478191	76	1	40	pips_40_500-8000.hdf5	both	none
548.8849	1	Stimulus/S  1	1	5488849	5488857	76	2	60	pips_40_500-8000.hdf5	both	none
549.9516	1	Stimulus/S  1	1	5499516	5499524	76	3	70	pips_40_500-8000.hdf5	both	none
551.0076	1	Stimulus/S  1	1	5510076	5510084	76	4	50	pips_40_500-8000.hdf5	both	none
552.053	1	Stimulus/S  1	1	5520530	5520538	76	5	30	pips_40_500-8000.hdf5	both	none
553.1196	1	Stimulus/S  1	1	5531196	5531204	77	0	20	pips_40_500-8000.hdf5	both	none
554.1756	1	Stimulus/S  1	1	5541756	5541764	77	1	40	pips_40_500-8000.hdf5	both	none
555.221	1	Stimulus/S  1	1	5552210	5552218	77	2	60	pips_40_500-8000.hdf5	both	none
556.2663	1	Stimulus/S  1	1	5562663	5562671	77	3	70	pips_40_500-8000.hdf5	both	none
557.333	1	Stimulus/S  1	1	5573330	5573338	77	4	50	pips_40_500-8000.hdf5	both	none
558.3997	1	Stimulus/S  1	1	5583997	5584005	77	5	30	pips_40_500-8000.hdf5	both	none
559.4557	1	Stimulus/S  1	1	5594557	5594565	78	0	20	pips_40_500-8000.hdf5	both	none
560.501	1	Stimulus/S  1	1	5605010	5605018	78	1	40	pips_40_500-8000.hdf5	both	none
561.5571	1	Stimulus/S  1	1	5615571	5615579	78	2	60	pips_40_500-8000.hdf5	both	none
562.6237	1	Stimulus/S  1	1	5626237	5626245	78	3	70	pips_40_500-8000.hdf5	both	none
563.6691	1	Stimulus/S  1	1	5636691	5636699	78	4	50	pips_40_500-8000.hdf5	both	none
564.7358	1	Stimulus/S  1	1	5647358	5647366	78	5	30	pips_40_500-8000.hdf5	both	none
565.8024	1	Stimulus/S  1	1	5658024	5658032	79	0	20	pips_40_500-8000.hdf5	both	none
566.8691	1	Stimulus/S  1	1	5668691	5668699	79	1	40	pips_40_500-8000.hdf5	both	none
567.9251	1	Stimulus/S  1	1	5679251	5679259	79	2	60	pips_40_500-8000.hdf5	both	none
568.9705	1	Stimulus/S  1	1	5689705	5689713	79	3	70	pips_40_500-8000.hdf5	both	none
570.0371	1	Stimulus/S  1	1	5700371	5700379	79	4	50	pips_40_500-8000.hdf5	both	none
571.1038	1	Stimulus/S  1	1	5711038	5711046	79	5	30	pips_40_500-8000.hdf5	both	none
572.1705	1	Stimulus/S  1	1	5721705	5721713	80	0	20	pips_40_500-8000.hdf5	both	none
573.2158	1	Stimulus/S  1	1	5732158	5732166	80	1	40	pips_40_500-8000.hdf5	both	none
574.2718	1	Stimulus/S  1	1	5742718	5742726	80	2	60	pips_40_500-8000.hdf5	both	none
575.3385	1	Stimulus/S  1	1	5753385	5753393	80	3	70	pips_40_500-8000.hdf5	both	none
576.4052	1	Stimulus/S  1	1	5764052	5764060	80	4	50	pips_40_500-8000.hdf5	both	none
577.4505	1	Stimulus/S  1	1	5774505	5774513	80	5	30	pips_40_500-8000.hdf5	both	none
578.5066	1	Stimulus/S  1	1	5785066	5785074	81	0	20	pips_40_500-8000.hdf5	both	none
579.5519	1	Stimulus/S  1	1	5795519	5795527	81	1	40	pips_40_500-8000.hdf5	both	none
580.6186	1	Stimulus/S  1	1	5806186	5806194	81	2	60	pips_40_500-8000.hdf5	both	none
581.6746	1	Stimulus/S  1	1	5816746	5816754	81	3	70	pips_40_500-8000.hdf5	both	none
582.7199	1	Stimulus/S  1	1	5827199	5827207	81	4	50	pips_40_500-8000.hdf5	both	none
583.7866	1	Stimulus/S  1	1	5837866	5837874	81	5	30	pips_40_500-8000.hdf5	both	none
584.8533	1	Stimulus/S  1	1	5848533	5848541	82	0	20	pips_40_500-8000.hdf5	both	none
585.9093	1	Stimulus/S  1	1	5859093	5859101	82	1	40	pips_40_500-8000.hdf5	both	none
586.9546	1	Stimulus/S  1	1	5869546	5869554	82	2	60	pips_40_500-8000.hdf5	both	none
588.0213	1	Stimulus/S  1	1	5880213	5880221	82	3	70	pips_40_500-8000.hdf5	both	none
589.088	1	Stimulus/S  1	1	5890880	5890888	82	4	50	pips_40_500-8000.hdf5	both	none
590.1547	1	Stimulus/S  1	1	5901547	5901555	82	5	30	pips_40_500-8000.hdf5	both	none
591.2	1	Stimulus/S  1	1	5912000	5912008	83	0	20	pips_40_500-8000.hdf5	both	none
592.256	1	Stimulus/S  1	1	5922560	5922568	83	1	40	pips_40_500-8000.hdf5	both	none
593.3014	1	Stimulus/S  1	1	5933014	5933022	83	2	60	pips_40_500-8000.hdf5	both	none
594.368	1	Stimulus/S  1	1	5943680	5943688	83	3	70	pips_40_500-8000.hdf5	both	none
595.4241	1	Stimulus/S  1	1	5954241	5954249	83	4	50	pips_40_500-8000.hdf5	both	none
596.4694	1	Stimulus/S  1	1	5964694	5964702	83	5	30	pips_40_500-8000.hdf5	both	none
597.5361	1	Stimulus/S  1	1	5975361	5975369	84	0	20	pips_40_500-8000.hdf5	both	none
598.6028	1	Stimulus/S  1	1	5986028	5986036	84	1	40	pips_40_500-8000.hdf5	both	none
599.6694	1	Stimulus/S  1	1	5996694	5996702	84	2	60	pips_40_500-8000.hdf5	both	none
600.7254	1	Stimulus/S  1	1	6007254	6007262	84	3	70	pips_40_500-8000.hdf5	both	none
601.7708	1	Stimulus/S  1	1	6017708	6017716	84	4	50	pips_40_500-8000.hdf5	both	none
602.8375	1	Stimulus/S  1	1	6028375	6028383	84	5	30	pips_40_500-8000.hdf5	both	none
603.8935	1	Stimulus/S  1	1	6038935	6038943	85	0	20	pips_40_500-8000.hdf5	both	none
604.9601	1	Stimulus/S  1	1	6049601	6049609	85	1	40	pips_40_500-8000.hdf5	both	none
606.0268	1	Stimulus/S  1	1	6060268	6060276	85	2	60	pips_40_500-8000.hdf5	both	none
607.0722	1	Stimulus/S  1	1	6070722	6070730	85	3	70	pips_40_500-8000.hdf5	both	none
608.1175	1	Stimulus/S  1	1	6081175	6081183	85	4	50	pips_40_500-8000.hdf5	both	none
609.1842	1	Stimulus/S  1	1	6091842	6091850	85	5	30	pips_40_500-8000.hdf5	both	none
610.2402	1	Stimulus/S  1	1	6102402	6102410	86	0	20	pips_40_500-8000.hdf5	both	none
611.2855	1	Stimulus/S  1	1	6112855	6112863	86	1	40	pips_40_500-8000.hdf5	both	none
612.3522	1	Stimulus/S  1	1	6123522	6123530	86	2	60	pips_40_500-8000.hdf5	both	none
613.4082	1	Stimulus/S  1	1	6134082	6134090	86	3	70	pips_40_500-8000.hdf5	both	none
614.4536	1	Stimulus/S  1	1	6144536	6144544	86	4	50	pips_40_500-8000.hdf5	both	none
615.5203	1	Stimulus/S  1	1	6155203	6155211	86	5	30	pips_40_500-8000.hdf5	both	none
616.5869	1	Stimulus/S  1	1	6165869	6165877	87	0	20	pips_40_500-8000.hdf5	both	none
617.6429	1	Stimulus/S  1	1	6176429	6176437	87	1	40	pips_40_500-8000.hdf5	both	none
618.7096	1	Stimulus/S  1	1	6187096	6187104	87	2	60	pips_40_500-8000.hdf5	both	none
619.7763	1	Stimulus/S  1	1	6197763	6197771	87	3	70	pips_40_500-8000.hdf5	both	none
620.8216	1	Stimulus/S  1	1	6208216	6208224	87	4	50	pips_40_500-8000.hdf5	both	none
621.867	1	Stimulus/S  1	1	6218670	6218678	87	5	30	pips_40_500-8000.hdf5	both	none
622.923	1	Stimulus/S  1	1	6229230	6229238	88	0	20	pips_40_500-8000.hdf5	both	none
623.9683	1	Stimulus/S  1	1	6239683	6239691	88	1	40	pips_40_500-8000.hdf5	both	none
625.035	1	Stimulus/S  1	1	6250350	6250358	88	2	60	pips_40_500-8000.hdf5	both	none
626.091	1	Stimulus/S  1	1	6260910	6260918	88	3	70	pips_40_500-8000.hdf5	both	none
627.1364	1	Stimulus/S  1	1	6271364	6271372	88	4	50	pips_40_500-8000.hdf5	both	none
628.203	1	Stimulus/S  1	1	6282030	6282038	88	5	30	pips_40_500-8000.hdf5	both	none
629.2697	1	Stimulus/S  1	1	6292697	6292705	89	0	20	pips_40_500-8000.hdf5	both	none
630.3364	1	Stimulus/S  1	1	6303364	6303372	89	1	40	pips_40_500-8000.hdf5	both	none
631.3924	1	Stimulus/S  1	1	6313924	6313932	89	2	60	pips_40_500-8000.hdf5	both	none
632.4378	1	Stimulus/S  1	1	6324378	6324386	89	3	70	pips_40_500-8000.hdf5	both	none
633.4938	1	Stimulus/S  1	1	6334938	6334946	89	4	50	pips_40_500-8000.hdf5	both	none
634.5604	1	Stimulus/S  1	1	6345604	6345612	89	5	30	pips_40_500-8000.hdf5	both	none
635.6271	1	Stimulus/S  1	1	6356271	6356279	90	0	20	pips_40_500-8000.hdf5	both	none
636.6725	1	Stimulus/S  1	1	6366725	6366733	90	1	40	pips_40_500-8000.hdf5	both	none
637.7391	1	Stimulus/S  1	1	6377391	6377399	90	2	60	pips_40_500-8000.hdf5	both	none
638.8058	1	Stimulus/S  1	1	6388058	6388066	90	3	70	pips_40_500-8000.hdf5	both	none
639.8725	1	Stimulus/S  1	1	6398725	6398733	90	4	50	pips_40_500-8000.hdf5	both	none
640.9392	1	Stimulus/S  1	1	6409392	6409400	90	5	30	pips_40_500-8000.hdf5	both	none
641.9845	1	Stimulus/S  1	1	6419845	6419853	91	0	20	pips_40_500-8000.hdf5	both	none
643.0405	1	Stimulus/S  1	1	6430405	6430413	91	1	40	pips_40_500-8000.hdf5	both	none
644.1072	1	Stimulus/S  1	1	6441072	6441080	91	2	60	pips_40_500-8000.hdf5	both	none
645.1739	1	Stimulus/S  1	1	6451739	6451747	91	3	70	pips_40_500-8000.hdf5	both	none
646.2406	1	Stimulus/S  1	1	6462406	6462414	91	4	50	pips_40_500-8000.hdf5	both	none
647.3072	1	Stimulus/S  1	1	6473072	6473080	91	5	30	pips_40_500-8000.hdf5	both	none
648.3739	1	Stimulus/S  1	1	6483739	6483747	92	0	20	pips_40_500-8000.hdf5	both	none
649.4193	1	Stimulus/S  1	1	6494193	6494201	92	1	40	pips_40_500-8000.hdf5	both	none
650.4753	1	Stimulus/S  1	1	6504753	6504761	92	2	60	pips_40_500-8000.hdf5	both	none
651.5206	1	Stimulus/S  1	1	6515206	6515214	92	3	70	pips_40_500-8000.hdf5	both	none
652.5873	1	Stimulus/S  1	1	6525873	6525881	92	4	50	pips_40_500-8000.hdf5	both	none
653.654	1	Stimulus/S  1	1	6536540	6536548	92	5	30	pips_40_500-8000.hdf5	both	none
654.71	1	Stimulus/S  1	1	6547100	6547108	93	0	20	pips_40_500-8000.hdf5	both	none
655.7553	1	Stimulus/S  1	1	6557553	6557561	93	1	40	pips_40_500-8000.hdf5	both	none
656.8113	1	Stimulus/S  1	1	6568113	6568121	93	2	60	pips_40_500-8000.hdf5	both	none
657.8567	1	Stimulus/S  1	1	6578567	6578575	93	3	70	pips_40_500-8000.hdf5	both	none
658.902	1	Stimulus/S  1	1	6589020	6589028	93	4	50	pips_40_500-8000.hdf5	both	none
659.958	1	Stimulus/S  1	1	6599580	6599588	93	5	30	pips_40_500-8000.hdf5	both	none
661.0247	1	Stimulus/S  1	1	6610247	6610255	94	0	20	pips_40_500-8000.hdf5	both	none
662.07	1	Stimulus/S  1	1	6620700	6620708	94	1	40	pips_40_500-8000.hdf5	both	none
663.1261	1	Stimulus/S  1	1	6631261	6631269	94	2	60	pips_40_500-8000.hdf5	both	none
664.1714	1	Stimulus/S  1	1	6641714	6641722	94	3	70	pips_40_500-8000.hdf5	both	none
665.2381	1	Stimulus/S  1	1	6652381	6652389	94	4	50	pips_40_500-8000.hdf5	both	none
666.2941	1	Stimulus/S  1	1	6662941	6662949	94	5	30	pips_40_500-8000.hdf5	both	none
667.3394	1	Stimulus/S  1	1	6673394	6673402	95	0	20	pips_40_500-8000.hdf5	both	none
668.3848	1	Stimulus/S  1	1	6683848	6683856	95	1	40	pips_40_500-8000.hdf5	both	none
669.4515	1	Stimulus/S  1	1	6694515	6694523	95	2	60	pips_40_500-8000.hdf5	both	none
670.5181	1	Stimulus/S  1	1	6705181	6705189	95	3	70	pips_40_500-8000.hdf5	both	none
671.5848	1	Stimulus/S  1	1	6715848	6715856	95	4	50	pips_40_500-8000.hdf5	both	none
672.6408	1	Stimulus/S  1	1	6726408	6726416	95	5	30	pips_40_500-8000.hdf5	both	none
673.6862	1	Stimulus/S  1	1	6736862	6736870	96	0	20	pips_40_500-8000.hdf5	both	none
674.7528	1	Stimulus/S  1	1	6747528	6747536	96	1	40	pips_40_500-8000.hdf5	both	none
675.8195	1	Stimulus/S  1	1	6758195	6758203	96	2	60	pips_40_500-8000.hdf5	both	none
676.8862	1	Stimulus/S  1	1	6768862	6768870	96	3	70	pips_40_500-8000.hdf5	both	none
677.9422	1	Stimulus/S  1	1	6779422	6779430	96	4	50	pips_40_500-8000.hdf5	both	none
678.9875	1	Stimulus/S  1	1	6789875	6789883	96	5	30	pips_40_500-8000.hdf5	both	none
680.0542	1	Stimulus/S  1	1	6800542	6800550	97	0	20	pips_40_500-8000.hdf5	both	none
681.1102	1	Stimulus/S  1	1	6811102	6811110	97	1	40	pips_40_500-8000.hdf5	both	none
682.1556	1	Stimulus/S  1	1	6821556	6821564	97	2	60	pips_40_500-8000.hdf5	both	none
683.2223	1	Stimulus/S  1	1	6832223	6832231	97	3	70	pips_40_500-8000.hdf5	both	none
684.2889	1	Stimulus/S  1	1	6842889	6842897	97	4	50	pips_40_500-8000.hdf5	both	none
685.3449	1	Stimulus/S  1	1	6853449	6853457	97	5	30	pips_40_500-8000.hdf5	both	none
686.3903	1	Stimulus/S  1	1	6863903	6863911	98	0	20	pips_40_500-8000.hdf5	both	none
687.457	1	Stimulus/S  1	1	6874570	6874578	98	1	40	pips_40_500-8000.hdf5	both	none
688.5023	1	Stimulus/S  1	1	6885023	6885031	98	2	60	pips_40_500-8000.hdf5	both	none
689.5583	1	Stimulus/S  1	1	6895583	6895591	98	3	70	pips_40_500-8000.hdf5	both	none
690.625	1	Stimulus/S  1	1	6906250	6906258	98	4	50	pips_40_500-8000.hdf5	both	none
691.6703	1	Stimulus/S  1	1	6916703	6916711	98	5	30	pips_40_500-8000.hdf5	both	none
692.7263	1	Stimulus/S  1	1	6927263	6927271	99	0	20	pips_40_500-8000.hdf5	both	none
693.793	1	Stimulus/S  1	1	6937930	6937938	99	1	40	pips_40_500-8000.hdf5	both	none
694.8597	1	Stimulus/S  1	1	6948597	6948605	99	2	60	pips_40_500-8000.hdf5	both	none
695.905	1	Stimulus/S  1	1	6959050	6959058	99	3	70	pips_40_500-8000.hdf5	both	none
696.9611	1	Stimulus/S  1	1	6969611	6969619	99	4	50	pips_40_500-8000.hdf5	both	none
698.0064	1	Stimulus/S  1	1	6980064	6980072	99	5	30	pips_40_500-8000.hdf5	both	none
699.0624	1	Stimulus/S  1	1	6990624	6990632	100	0	20	pips_40_500-8000.hdf5	both	none
700.1078	1	Stimulus/S  1	1	7001078	7001086	100	1	40	pips_40_500-8000.hdf5	both	none
701.1531	1	Stimulus/S  1	1	7011531	7011539	100	2	60	pips_40_500-8000.hdf5	both	none
702.2198	1	Stimulus/S  1	1	7022198	7022206	100	3	70	pips_40_500-8000.hdf5	both	none
703.2865	1	Stimulus/S  1	1	7032865	7032873	100	4	50	pips_40_500-8000.hdf5	both	none
704.3425	1	Stimulus/S  1	1	7043425	7043433	100	5	30	pips_40_500-8000.hdf5	both	none
705.3878	1	Stimulus/S  1	1	7053878	7053886	101	0	20	pips_40_500-8000.hdf5	both	none
706.4758	1	Stimulus/S  1	1	7064758	7064766	101	1	40	pips_40_500-8000.hdf5	both	none
707.5425	1	Stimulus/S  1	1	7075425	7075433	101	2	60	pips_40_500-8000.hdf5	both	none
708.6092	1	Stimulus/S  1	1	7086092	7086100	101	3	70	pips_40_500-8000.hdf5	both	none
709.6545	1	Stimulus/S  1	1	7096545	7096553	101	4	50	pips_40_500-8000.hdf5	both	none
710.7212	1	Stimulus/S  1	1	7107212	7107220	101	5	30	pips_40_500-8000.hdf5	both	none
711.7879	1	Stimulus/S  1	1	7117879	7117887	102	0	20	pips_40_500-8000.hdf5	both	none
712.8439	1	Stimulus/S  1	1	7128439	7128447	102	1	40	pips_40_500-8000.hdf5	both	none
713.8892	1	Stimulus/S  1	1	7138892	7138900	102	2	60	pips_40_500-8000.hdf5	both	none
714.9452	1	Stimulus/S  1	1	7149452	7149460	102	3	70	pips_40_500-8000.hdf5	both	none
715.9906	1	Stimulus/S  1	1	7159906	7159914	102	4	50	pips_40_500-8000.hdf5	both	none
717.0359	1	Stimulus/S  1	1	7170359	7170367	102	5	30	pips_40_500-8000.hdf5	both	none
718.0919	1	Stimulus/S  1	1	7180919	7180927	103	0	20	pips_40_500-8000.hdf5	both	none
719.1373	1	Stimulus/S  1	1	7191373	7191381	103	1	40	pips_40_500-8000.hdf5	both	none
720.2039	1	Stimulus/S  1	1	7202039	7202047	103	2	60	pips_40_500-8000.hdf5	both	none
721.26	1	Stimulus/S  1	1	7212600	7212608	103	3	70	pips_40_500-8000.hdf5	both	none
722.3053	1	Stimulus/S  1	1	7223053	7223061	103	4	50	pips_40_500-8000.hdf5	both	none
723.3613	1	Stimulus/S  1	1	7233613	7233621	103	5	30	pips_40_500-8000.hdf5	both	none
724.428	1	Stimulus/S  1	1	7244280	7244288	104	0	20	pips_40_500-8000.hdf5	both	none
725.4947	1	Stimulus/S  1	1	7254947	7254955	104	1	40	pips_40_500-8000.hdf5	both	none
726.54	1	Stimulus/S  1	1	7265400	7265408	104	2	60	pips_40_500-8000.hdf5	both	none
727.596	1	Stimulus/S  1	1	7275960	7275968	104	3	70	pips_40_500-8000.hdf5	both	none
728.6414	1	Stimulus/S  1	1	7286414	7286422	104	4	50	pips_40_500-8000.hdf5	both	none
729.708	1	Stimulus/S  1	1	7297080	7297088	104	5	30	pips_40_500-8000.hdf5	both	none
730.7747	1	Stimulus/S  1	1	7307747	7307755	105	0	20	pips_40_500-8000.hdf5	both	none
731.8414	1	Stimulus/S  1	1	7318414	7318422	105	1	40	pips_40_500-8000.hdf5	both	none
732.8867	1	Stimulus/S  1	1	7328867	7328875	105	2	60	pips_40_500-8000.hdf5	both	none
733.9428	1	Stimulus/S  1	1	7339428	7339436	105	3	70	pips_40_500-8000.hdf5	both	none
734.9881	1	Stimulus/S  1	1	7349881	7349889	105	4	50	pips_40_500-8000.hdf5	both	none
736.0441	1	Stimulus/S  1	1	7360441	7360449	105	5	30	pips_40_500-8000.hdf5	both	none
737.1108	1	Stimulus/S  1	1	7371108	7371116	106	0	20	pips_40_500-8000.hdf5	both	none
738.1561	1	Stimulus/S  1	1	7381561	7381569	106	1	40	pips_40_500-8000.hdf5	both	none
739.2121	1	Stimulus/S  1	1	7392121	7392129	106	2	60	pips_40_500-8000.hdf5	both	none
740.2575	1	Stimulus/S  1	1	7402575	7402583	106	3	70	pips_40_500-8000.hdf5	both	none
741.3028	1	Stimulus/S  1	1	7413028	7413036	106	4	50	pips_40_500-8000.hdf5	both	none
742.3588	1	Stimulus/S  1	1	7423588	7423596	106	5	30	pips_40_500-8000.hdf5	both	none
743.4255	1	Stimulus/S  1	1	7434255	7434263	107	0	20	pips_40_500-8000.hdf5	both	none
744.4922	1	Stimulus/S  1	1	7444922	7444930	107	1	40	pips_40_500-8000.hdf5	both	none
745.5589	1	Stimulus/S  1	1	7455589	7455597	107	2	60	pips_40_500-8000.hdf5	both	none
746.6255	1	Stimulus/S  1	1	7466255	7466263	107	3	70	pips_40_500-8000.hdf5	both	none
747.6922	1	Stimulus/S  1	1	7476922	7476930	107	4	50	pips_40_500-8000.hdf5	both	none
748.7376	1	Stimulus/S  1	1	7487376	7487384	107	5	30	pips_40_500-8000.hdf5	both	none
749.7936	1	Stimulus/S  1	1	7497936	7497944	108	0	20	pips_40_500-8000.hdf5	both	none
750.8603	1	Stimulus/S  1	1	7508603	7508611	108	1	40	pips_40_500-8000.hdf5	both	none
751.9269	1	Stimulus/S  1	1	7519269	7519277	108	2	60	pips_40_500-8000.hdf5	both	none
752.9936	1	Stimulus/S  1	1	7529936	7529944	108	3	70	pips_40_500-8000.hdf5	both	none
754.0603	1	Stimulus/S  1	1	7540603	7540611	108	4	50	pips_40_500-8000.hdf5	both	none
755.1056	1	Stimulus/S  1	1	7551056	7551064	108	5	30	pips_40_500-8000.hdf5	both	none
756.1616	1	Stimulus/S  1	1	7561616	7561624	109	0	20	pips_40_500-8000.hdf5	both	none
757.2283	1	Stimulus/S  1	1	7572283	7572291	109	1	40	pips_40_500-8000.hdf5	both	none
758.295	1	Stimulus/S  1	1	7582950	7582958	109	2	60	pips_40_500-8000.hdf5	both	none
759.3403	1	Stimulus/S  1	1	7593403	7593411	109	3	70	pips_40_500-8000.hdf5	both	none
760.3857	1	Stimulus/S  1	1	7603857	7603865	109	4	50	pips_40_500-8000.hdf5	both	none
761.4417	1	Stimulus/S  1	1	7614417	7614425	109	5	30	pips_40_500-8000.hdf5	both	none
762.487	1	Stimulus/S  1	1	7624870	7624878	110	0	20	pips_40_500-8000.hdf5	both	none
763.543	1	Stimulus/S  1	1	7635430	7635438	110	1	40	pips_40_500-8000.hdf5	both	none
764.5884	1	Stimulus/S  1	1	7645884	7645892	110	2	60	pips_40_500-8000.hdf5	both	none
765.6444	1	Stimulus/S  1	1	7656444	7656452	110	3	70	pips_40_500-8000.hdf5	both	none
766.7111	1	Stimulus/S  1	1	7667111	7667119	110	4	50	pips_40_500-8000.hdf5	both	none
767.7564	1	Stimulus/S  1	1	7677564	7677572	110	5	30	pips_40_500-8000.hdf5	both	none
768.8124	1	Stimulus/S  1	1	7688124	7688132	111	0	20	pips_40_500-8000.hdf5	both	none
769.8791	1	Stimulus/S  1	1	7698791	7698799	111	1	40	pips_40_500-8000.hdf5	both	none
770.9244	1	Stimulus/S  1	1	7709244	7709252	111	2	60	pips_40_500-8000.hdf5	both	none
771.9911	1	Stimulus/S  1	1	7719911	7719919	111	3	70	pips_40_500-8000.hdf5	both	none
773.0365	1	Stimulus/S  1	1	7730365	7730373	111	4	50	pips_40_500-8000.hdf5	both	none
774.0925	1	Stimulus/S  1	1	7740925	7740933	111	5	30	pips_40_500-8000.hdf5	both	none
775.1378	1	Stimulus/S  1	1	7751378	7751386	112	0	20	pips_40_500-8000.hdf5	both	none
776.1938	1	Stimulus/S  1	1	7761938	7761946	112	1	40	pips_40_500-8000.hdf5	both	none
777.2392	1	Stimulus/S  1	1	7772392	7772400	112	2	60	pips_40_500-8000.hdf5	both	none
778.3059	1	Stimulus/S  1	1	7783059	7783067	112	3	70	pips_40_500-8000.hdf5	both	none
779.3619	1	Stimulus/S  1	1	7793619	7793627	112	4	50	pips_40_500-8000.hdf5	both	none
780.4072	1	Stimulus/S  1	1	7804072	7804080	112	5	30	pips_40_500-8000.hdf5	both	none
781.4739	1	Stimulus/S  1	1	7814739	7814747	113	0	20	pips_40_500-8000.hdf5	both	none
782.5299	1	Stimulus/S  1	1	7825299	7825307	113	1	40	pips_40_500-8000.hdf5	both	none
783.5859	1	Stimulus/S  1	1	7835859	7835867	113	2	60	pips_40_500-8000.hdf5	both	none
784.6632	1	Stimulus/S  1	1	7846632	7846640	113	3	70	pips_40_500-8000.hdf5	both	none
785.7299	1	Stimulus/S  1	1	7857299	7857307	113	4	50	pips_40_500-8000.hdf5	both	none
786.7753	1	Stimulus/S  1	1	7867753	7867761	113	5	30	pips_40_500-8000.hdf5	both	none
787.8206	1	Stimulus/S  1	1	7878206	7878214	114	0	20	pips_40_500-8000.hdf5	both	none
788.8873	1	Stimulus/S  1	1	7888873	7888881	114	1	40	pips_40_500-8000.hdf5	both	none
789.9433	1	Stimulus/S  1	1	7899433	7899441	114	2	60	pips_40_500-8000.hdf5	both	none
790.9886	1	Stimulus/S  1	1	7909886	7909894	114	3	70	pips_40_500-8000.hdf5	both	none
792.0553	1	Stimulus/S  1	1	7920553	7920561	114	4	50	pips_40_500-8000.hdf5	both	none
793.122	1	Stimulus/S  1	1	7931220	7931228	114	5	30	pips_40_500-8000.hdf5	both	none
794.178	1	Stimulus/S  1	1	7941780	7941788	115	0	20	pips_40_500-8000.hdf5	both	none
795.2234	1	Stimulus/S  1	1	7952234	7952242	115	1	40	pips_40_500-8000.hdf5	both	none
796.29	1	Stimulus/S  1	1	7962900	7962908	115	2	60	pips_40_500-8000.hdf5	both	none
797.3567	1	Stimulus/S  1	1	7973567	7973575	115	3	70	pips_40_500-8000.hdf5	both	none
798.4127	1	Stimulus/S  1	1	7984127	7984135	115	4	50	pips_40_500-8000.hdf5	both	none
799.4581	1	Stimulus/S  1	1	7994581	7994589	115	5	30	pips_40_500-8000.hdf5	both	none
800.5141	1	Stimulus/S  1	1	8005141	8005149	116	0	20	pips_40_500-8000.hdf5	both	none
801.5594	1	Stimulus/S  1	1	8015594	8015602	116	1	40	pips_40_500-8000.hdf5	both	none
802.6048	1	Stimulus/S  1	1	8026048	8026056	116	2	60	pips_40_500-8000.hdf5	both	none
803.6714	1	Stimulus/S  1	1	8036714	8036722	116	3	70	pips_40_500-8000.hdf5	both	none
804.7381	1	Stimulus/S  1	1	8047381	8047389	116	4	50	pips_40_500-8000.hdf5	both	none
805.8048	1	Stimulus/S  1	1	8058048	8058056	116	5	30	pips_40_500-8000.hdf5	both	none
806.8715	1	Stimulus/S  1	1	8068715	8068723	117	0	20	pips_40_500-8000.hdf5	both	none
807.9381	1	Stimulus/S  1	1	8079381	8079389	117	1	40	pips_40_500-8000.hdf5	both	none
808.9942	1	Stimulus/S  1	1	8089942	8089950	117	2	60	pips_40_500-8000.hdf5	both	none
810.0608	1	Stimulus/S  1	1	8100608	8100616	117	3	70	pips_40_500-8000.hdf5	both	none
811.1062	1	Stimulus/S  1	1	8111062	8111070	117	4	50	pips_40_500-8000.hdf5	both	none
812.1622	1	Stimulus/S  1	1	8121622	8121630	117	5	30	pips_40_500-8000.hdf5	both	none
813.2289	1	Stimulus/S  1	1	8132289	8132297	118	0	20	pips_40_500-8000.hdf5	both	none
814.2742	1	Stimulus/S  1	1	8142742	8142750	118	1	40	pips_40_500-8000.hdf5	both	none
815.3409	1	Stimulus/S  1	1	8153409	8153417	118	2	60	pips_40_500-8000.hdf5	both	none
816.3969	1	Stimulus/S  1	1	8163969	8163977	118	3	70	pips_40_500-8000.hdf5	both	none
817.4422	1	Stimulus/S  1	1	8174422	8174430	118	4	50	pips_40_500-8000.hdf5	both	none
818.4876	1	Stimulus/S  1	1	8184876	8184884	118	5	30	pips_40_500-8000.hdf5	both	none
819.5436	1	Stimulus/S  1	1	8195436	8195444	119	0	20	pips_40_500-8000.hdf5	both	none
820.6103	1	Stimulus/S  1	1	8206103	8206111	119	1	40	pips_40_500-8000.hdf5	both	none
821.6769	1	Stimulus/S  1	1	8216769	8216777	119	2	60	pips_40_500-8000.hdf5	both	none
822.7223	1	Stimulus/S  1	1	8227223	8227231	119	3	70	pips_40_500-8000.hdf5	both	none
823.7783	1	Stimulus/S  1	1	8237783	8237791	119	4	50	pips_40_500-8000.hdf5	both	none
824.845	1	Stimulus/S  1	1	8248450	8248458	119	5	30	pips_40_500-8000.hdf5	both	none
825.9117	1	Stimulus/S  1	1	8259117	8259125	0	0	20	pips_40_500-8000.hdf5	both	none
826.9783	1	Stimulus/S  1	1	8269783	8269791	0	1	40	pips_40_500-8000.hdf5	both	none
828.045	1	Stimulus/S  1	1	8280450	8280458	0	2	60	pips_40_500-8000.hdf5	both	none
829.1117	1	Stimulus/S  1	1	8291117	8291125	0	3	70	pips_40_500-8000.hdf5	both	none
830.157	1	Stimulus/S  1	1	8301570	8301578	0	4	50	pips_40_500-8000.hdf5	both	none
831.2237	1	Stimulus/S  1	1	8312237	8312245	0	5	30	pips_40_500-8000.hdf5	both	none
832.2797	1	Stimulus/S  1	1	8322797	8322805	1	0	20	pips_40_500-8000.hdf5	both	none
833.3464	1	Stimulus/S  1	1	8333464	8333472	1	1	40	pips_40_500-8000.hdf5	both	none
834.3917	1	Stimulus/S  1	1	8343917	8343925	1	2	60	pips_40_500-8000.hdf5	both	none
835.4477	1	Stimulus/S  1	1	8354477	8354485	1	3	70	pips_40_500-8000.hdf5	both	none
836.5038	1	Stimulus/S  1	1	8365038	8365046	1	4	50	pips_40_500-8000.hdf5	both	none
837.5704	1	Stimulus/S  1	1	8375704	8375712	1	5	30	pips_40_500-8000.hdf5	both	none
838.6478	1	Stimulus/S  1	1	8386478	8386486	2	0	20	pips_40_500-8000.hdf5	both	none
839.6931	1	Stimulus/S  1	1	8396931	8396939	2	1	40	pips_40_500-8000.hdf5	both	none
840.7598	1	Stimulus/S  1	1	8407598	8407606	2	2	60	pips_40_500-8000.hdf5	both	none
841.8265	1	Stimulus/S  1	1	8418265	8418273	2	3	70	pips_40_500-8000.hdf5	both	none
842.8932	1	Stimulus/S  1	1	8428932	8428940	2	4	50	pips_40_500-8000.hdf5	both	none
843.9598	1	Stimulus/S  1	1	8439598	8439606	2	5	30	pips_40_500-8000.hdf5	both	none
845.0052	1	Stimulus/S  1	1	8450052	8450060	3	0	20	pips_40_500-8000.hdf5	both	none
846.0612	1	Stimulus/S  1	1	8460612	8460620	3	1	40	pips_40_500-8000.hdf5	both	none
847.1279	1	Stimulus/S  1	1	8471279	8471287	3	2	60	pips_40_500-8000.hdf5	both	none
848.1945	1	Stimulus/S  1	1	8481945	8481953	3	3	70	pips_40_500-8000.hdf5	both	none
849.2612	1	Stimulus/S  1	1	8492612	8492620	3	4	50	pips_40_500-8000.hdf5	both	none
850.3066	1	Stimulus/S  1	1	8503066	8503074	3	5	30	pips_40_500-8000.hdf5	both	none
851.3626	1	Stimulus/S  1	1	8513626	8513634	4	0	20	pips_40_500-8000.hdf5	both	none
852.4292	1	Stimulus/S  1	1	8524292	8524300	4	1	40	pips_40_500-8000.hdf5	both	none
853.4746	1	Stimulus/S  1	1	8534746	8534754	4	2	60	pips_40_500-8000.hdf5	both	none
854.5413	1	Stimulus/S  1	1	8545413	8545421	4	3	70	pips_40_500-8000.hdf5	both	none
855.6079	1	Stimulus/S  1	1	8556079	8556087	4	4	50	pips_40_500-8000.hdf5	both	none
856.664	1	Stimulus/S  1	1	8566640	8566648	4	5	30	pips_40_500-8000.hdf5	both	none
857.7093	1	Stimulus/S  1	1	8577093	8577101	5	0	20	pips_40_500-8000.hdf5	both	none
858.776	1	Stimulus/S  1	1	8587760	8587768	5	1	40	pips_40_500-8000.hdf5	both	none
859.8213	1	Stimulus/S  1	1	8598213	8598221	5	2	60	pips_40_500-8000.hdf5	both	none
860.8773	1	Stimulus/S  1	1	8608773	8608781	5	3	70	pips_40_500-8000.hdf5	both	none
861.944	1	Stimulus/S  1	1	8619440	8619448	5	4	50	pips_40_500-8000.hdf5	both	none
862.9894	1	Stimulus/S  1	1	8629894	8629902	5	5	30	pips_40_500-8000.hdf5	both	none
864.0454	1	Stimulus/S  1	1	8640454	8640462	6	0	20	pips_40_500-8000.hdf5	both	none
865.112	1	Stimulus/S  1	1	8651120	8651128	6	1	40	pips_40_500-8000.hdf5	both	none
866.1574	1	Stimulus/S  1	1	8661574	8661582	6	2	60	pips_40_500-8000.hdf5	both	none
867.2134	1	Stimulus/S  1	1	8672134	8672142	6	3	70	pips_40_500-8000.hdf5	both	none
868.2801	1	Stimulus/S  1	1	8682801	8682809	6	4	50	pips_40_500-8000.hdf5	both	none
869.3254	1	Stimulus/S  1	1	8693254	8693262	6	5	30	pips_40_500-8000.hdf5	both	none
870.3814	1	Stimulus/S  1	1	8703814	8703822	7	0	20	pips_40_500-8000.hdf5	both	none
871.4481	1	Stimulus/S  1	1	8714481	8714489	7	1	40	pips_40_500-8000.hdf5	both	none
872.4934	1	Stimulus/S  1	1	8724934	8724942	7	2	60	pips_40_500-8000.hdf5	both	none
873.5388	1	Stimulus/S  1	1	8735388	8735396	7	3	70	pips_40_500-8000.hdf5	both	none
874.6055	1	Stimulus/S  1	1	8746055	8746063	7	4	50	pips_40_500-8000.hdf5	both	none
875.6615	1	Stimulus/S  1	1	8756615	8756623	7	5	30	pips_40_500-8000.hdf5	both	none
876.7068	1	Stimulus/S  1	1	8767068	8767076	8	0	20	pips_40_500-8000.hdf5	both	none
877.7735	1	Stimulus/S  1	1	8777735	8777743	8	1	40	pips_40_500-8000.hdf5	both	none
878.8402	1	Stimulus/S  1	1	8788402	8788410	8	2	60	pips_40_500-8000.hdf5	both	none
879.8962	1	Stimulus/S  1	1	8798962	8798970	8	3	70	pips_40_500-8000.hdf5	both	none
880.9415	1	Stimulus/S  1	1	8809415	8809423	8	4	50	pips_40_500-8000.hdf5	both	none
881.9975	1	Stimulus/S  1	1	8819975	8819983	8	5	30	pips_40_500-8000.hdf5	both	none
883.0429	1	Stimulus/S  1	1	8830429	8830437	9	0	20	pips_40_500-8000.hdf5	both	none
884.1096	1	Stimulus/S  1	1	8841096	8841104	9	1	40	pips_40_500-8000.hdf5	both	none
885.1762	1	Stimulus/S  1	1	8851762	8851770	9	2	60	pips_40_500-8000.hdf5	both	none
886.2429	1	Stimulus/S  1	1	8862429	8862437	9	3	70	pips_40_500-8000.hdf5	both	none
887.3096	1	Stimulus/S  1	1	8873096	8873104	9	4	50	pips_40_500-8000.hdf5	both	none
888.3656	1	Stimulus/S  1	1	8883656	8883664	9	5	30	pips_40_500-8000.hdf5	both	none
889.4109	1	Stimulus/S  1	1	8894109	8894117	10	0	20	pips_40_500-8000.hdf5	both	none
890.4776	1	Stimulus/S  1	1	8904776	8904784	10	1	40	pips_40_500-8000.hdf5	both	none
891.5443	1	Stimulus/S  1	1	8915443	8915451	10	2	60	pips_40_500-8000.hdf5	both	none
892.5896	1	Stimulus/S  1	1	8925896	8925904	10	3	70	pips_40_500-8000.hdf5	both	none
893.6457	1	Stimulus/S  1	1	8936457	8936465	10	4	50	pips_40_500-8000.hdf5	both	none
894.7123	1	Stimulus/S  1	1	8947123	8947131	10	5	30	pips_40_500-8000.hdf5	both	none
895.779	1	Stimulus/S  1	1	8957790	8957798	11	0	20	pips_40_500-8000.hdf5	both	none
896.8457	1	Stimulus/S  1	1	8968457	8968465	11	1	40	pips_40_500-8000.hdf5	both	none
897.9124	1	Stimulus/S  1	1	8979124	8979132	11	2	60	pips_40_500-8000.hdf5	both	none
898.979	1	Stimulus/S  1	1	8989790	8989798	11	3	70	pips_40_500-8000.hdf5	both	none
900.0244	1	Stimulus/S  1	1	9000244	9000252	11	4	50	pips_40_500-8000.hdf5	both	none
901.0804	1	Stimulus/S  1	1	9010804	9010812	11	5	30	pips_40_500-8000.hdf5	both	none
902.1257	1	Stimulus/S  1	1	9021257	9021265	12	0	20	pips_40_500-8000.hdf5	both	none
903.1711	1	Stimulus/S  1	1	9031711	9031719	12	1	40	pips_40_500-8000.hdf5	both	none
904.2484	1	Stimulus/S  1	1	9042484	9042492	12	2	60	pips_40_500-8000.hdf5	both	none
905.3151	1	Stimulus/S  1	1	9053151	9053159	12	3	70	pips_40_500-8000.hdf5	both	none
906.3604	1	Stimulus/S  1	1	9063604	9063612	12	4	50	pips_40_500-8000.hdf5	both	none
907.4165	1	Stimulus/S  1	1	9074165	9074173	12	5	30	pips_40_500-8000.hdf5	both	none
908.4618	1	Stimulus/S  1	1	9084618	9084626	13	0	20	pips_40_500-8000.hdf5	both	none
909.5285	1	Stimulus/S  1	1	9095285	9095293	13	1	40	pips_40_500-8000.hdf5	both	none
910.5738	1	Stimulus/S  1	1	9105738	9105746	13	2	60	pips_40_500-8000.hdf5	both	none
911.6298	1	Stimulus/S  1	1	9116298	9116306	13	3	70	pips_40_500-8000.hdf5	both	none
912.6752	1	Stimulus/S  1	1	9126752	9126760	13	4	50	pips_40_500-8000.hdf5	both	none
913.7418	1	Stimulus/S  1	1	9137418	9137426	13	5	30	pips_40_500-8000.hdf5	both	none
914.8085	1	Stimulus/S  1	1	9148085	9148093	14	0	20	pips_40_500-8000.hdf5	both	none
915.8752	1	Stimulus/S  1	1	9158752	9158760	14	1	40	pips_40_500-8000.hdf5	both	none
916.9419	1	Stimulus/S  1	1	9169419	9169427	14	2	60	pips_40_500-8000.hdf5	both	none
918.0086	1	Stimulus/S  1	1	9180086	9180094	14	3	70	pips_40_500-8000.hdf5	both	none
919.0646	1	Stimulus/S  1	1	9190646	9190654	14	4	50	pips_40_500-8000.hdf5	both	none
920.1099	1	Stimulus/S  1	1	9201099	9201107	14	5	30	pips_40_500-8000.hdf5	both	none
921.1659	1	Stimulus/S  1	1	9211659	9211667	15	0	20	pips_40_500-8000.hdf5	both	none
922.2219	1	Stimulus/S  1	1	9222219	9222227	15	1	40	pips_40_500-8000.hdf5	both	none
923.2886	1	Stimulus/S  1	1	9232886	9232894	15	2	60	pips_40_500-8000.hdf5	both	none
924.3446	1	Stimulus/S  1	1	9243446	9243454	15	3	70	pips_40_500-8000.hdf5	both	none
925.39	1	Stimulus/S  1	1	9253900	9253908	15	4	50	pips_40_500-8000.hdf5	both	none
926.446	1	Stimulus/S  1	1	9264460	9264468	15	5	30	pips_40_500-8000.hdf5	both	none
927.5127	1	Stimulus/S  1	1	9275127	9275135	16	0	20	pips_40_500-8000.hdf5	both	none
928.5793	1	Stimulus/S  1	1	9285793	9285801	16	1	40	pips_40_500-8000.hdf5	both	none
929.646	1	Stimulus/S  1	1	9296460	9296468	16	2	60	pips_40_500-8000.hdf5	both	none
930.6913	1	Stimulus/S  1	1	9306913	9306921	16	3	70	pips_40_500-8000.hdf5	both	none
931.7474	1	Stimulus/S  1	1	9317474	9317482	16	4	50	pips_40_500-8000.hdf5	both	none
932.7927	1	Stimulus/S  1	1	9327927	9327935	16	5	30	pips_40_500-8000.hdf5	both	none
933.8594	1	Stimulus/S  1	1	9338594	9338602	17	0	20	pips_40_500-8000.hdf5	both	none
934.9154	1	Stimulus/S  1	1	9349154	9349162	17	1	40	pips_40_500-8000.hdf5	both	none
935.9607	1	Stimulus/S  1	1	9359607	9359615	17	2	60	pips_40_500-8000.hdf5	both	none
937.0274	1	Stimulus/S  1	1	9370274	9370282	17	3	70	pips_40_500-8000.hdf5	both	none
938.0941	1	Stimulus/S  1	1	9380941	9380949	17	4	50	pips_40_500-8000.hdf5	both	none
939.1394	1	Stimulus/S  1	1	9391394	9391402	17	5	30	pips_40_500-8000.hdf5	both	none
940.2061	1	Stimulus/S  1	1	9402061	9402069	18	0	20	pips_40_500-8000.hdf5	both	none
941.2728	1	Stimulus/S  1	1	9412728	9412736	18	1	40	pips_40_500-8000.hdf5	both	none
942.3395	1	Stimulus/S  1	1	9423395	9423403	18	2	60	pips_40_500-8000.hdf5	both	none
943.3955	1	Stimulus/S  1	1	9433955	9433963	18	3	70	pips_40_500-8000.hdf5	both	none
944.4408	1	Stimulus/S  1	1	9444408	9444416	18	4	50	pips_40_500-8000.hdf5	both	none
945.5075	1	Stimulus/S  1	1	9455075	9455083	18	5	30	pips_40_500-8000.hdf5	both	none
946.5635	1	Stimulus/S  1	1	9465635	9465643	19	0	20	pips_40_500-8000.hdf5	both	none
947.6302	1	Stimulus/S  1	1	9476302	9476310	19	1	40	pips_40_500-8000.hdf5	both	none
948.6969	1	Stimulus/S  1	1	9486969	9486977	19	2	60	pips_40_500-8000.hdf5	both	none
949.7422	1	Stimulus/S  1	1	9497422	9497430	19	3	70	pips_40_500-8000.hdf5	both	none
950.8089	1	Stimulus/S  1	1	9508089	9508097	19	4	50	pips_40_500-8000.hdf5	both	none
951.8649	1	Stimulus/S  1	1	9518649	9518657	19	5	30	pips_40_500-8000.hdf5	both	none
952.9102	1	Stimulus/S  1	1	9529102	9529110	20	0	20	pips_40_500-8000.hdf5	both	none
953.9556	1	Stimulus/S  1	1	9539556	9539564	20	1	40	pips_40_500-8000.hdf5	both	none
955.0116	1	Stimulus/S  1	1	9550116	9550124	20	2	60	pips_40_500-8000.hdf5	both	none
956.0569	1	Stimulus/S  1	1	9560569	9560577	20	3	70	pips_40_500-8000.hdf5	both	none
957.1129	1	Stimulus/S  1	1	9571129	9571137	20	4	50	pips_40_500-8000.hdf5	both	none
958.1583	1	Stimulus/S  1	1	9581583	9581591	20	5	30	pips_40_500-8000.hdf5	both	none
959.225	1	Stimulus/S  1	1	9592250	9592258	21	0	20	pips_40_500-8000.hdf5	both	none
960.2916	1	Stimulus/S  1	1	9602916	9602924	21	1	40	pips_40_500-8000.hdf5	both	none
961.3583	1	Stimulus/S  1	1	9613583	9613591	21	2	60	pips_40_500-8000.hdf5	both	none
962.425	1	Stimulus/S  1	1	9624250	9624258	21	3	70	pips_40_500-8000.hdf5	both	none
963.4917	1	Stimulus/S  1	1	9634917	9634925	21	4	50	pips_40_500-8000.hdf5	both	none
964.5583	1	Stimulus/S  1	1	9645583	9645591	21	5	30	pips_40_500-8000.hdf5	both	none
965.6144	1	Stimulus/S  1	1	9656144	9656152	22	0	20	pips_40_500-8000.hdf5	both	none
966.681	1	Stimulus/S  1	1	9666810	9666818	22	1	40	pips_40_500-8000.hdf5	both	none
967.7264	1	Stimulus/S  1	1	9677264	9677272	22	2	60	pips_40_500-8000.hdf5	both	none
968.7824	1	Stimulus/S  1	1	9687824	9687832	22	3	70	pips_40_500-8000.hdf5	both	none
969.8491	1	Stimulus/S  1	1	9698491	9698499	22	4	50	pips_40_500-8000.hdf5	both	none
970.8944	1	Stimulus/S  1	1	9708944	9708952	22	5	30	pips_40_500-8000.hdf5	both	none
971.9611	1	Stimulus/S  1	1	9719611	9719619	23	0	20	pips_40_500-8000.hdf5	both	none
973.0278	1	Stimulus/S  1	1	9730278	9730286	23	1	40	pips_40_500-8000.hdf5	both	none
974.0731	1	Stimulus/S  1	1	9740731	9740739	23	2	60	pips_40_500-8000.hdf5	both	none
975.1398	1	Stimulus/S  1	1	9751398	9751406	23	3	70	pips_40_500-8000.hdf5	both	none
976.2065	1	Stimulus/S  1	1	9762065	9762073	23	4	50	pips_40_500-8000.hdf5	both	none
977.2625	1	Stimulus/S  1	1	9772625	9772633	23	5	30	pips_40_500-8000.hdf5	both	none
978.3078	1	Stimulus/S  1	1	9783078	9783086	24	0	20	pips_40_500-8000.hdf5	both	none
979.3745	1	Stimulus/S  1	1	9793745	9793753	24	1	40	pips_40_500-8000.hdf5	both	none
980.4412	1	Stimulus/S  1	1	9804412	9804420	24	2	60	pips_40_500-8000.hdf5	both	none
981.5078	1	Stimulus/S  1	1	9815078	9815086	24	3	70	pips_40_500-8000.hdf5	both	none
982.5745	1	Stimulus/S  1	1	9825745	9825753	24	4	50	pips_40_500-8000.hdf5	both	none
983.6305	1	Stimulus/S  1	1	9836305	9836313	24	5	30	pips_40_500-8000.hdf5	both	none
984.6759	1	Stimulus/S  1	1	9846759	9846767	25	0	20	pips_40_500-8000.hdf5	both	none
985.7426	1	Stimulus/S  1	1	9857426	9857434	25	1	40	pips_40_500-8000.hdf5	both	none
986.8092	1	Stimulus/S  1	1	9868092	9868100	25	2	60	pips_40_500-8000.hdf5	both	none
987.8759	1	Stimulus/S  1	1	9878759	9878767	25	3	70	pips_40_500-8000.hdf5	both	none
988.9319	1	Stimulus/S  1	1	9889319	9889327	25	4	50	pips_40_500-8000.hdf5	both	none
989.9773	1	Stimulus/S  1	1	9899773	9899781	25	5	30	pips_40_500-8000.hdf5	both	none
991.0439	1	Stimulus/S  1	1	9910439	9910447	26	0	20	pips_40_500-8000.hdf5	both	none
992.0999	1	Stimulus/S  1	1	9920999	9921007	26	1	40	pips_40_500-8000.hdf5	both	none
993.1453	1	Stimulus/S  1	1	9931453	9931461	26	2	60	pips_40_500-8000.hdf5	both	none
994.1906	1	Stimulus/S  1	1	9941906	9941914	26	3	70	pips_40_500-8000.hdf5	both	none
995.2466	1	Stimulus/S  1	1	9952466	9952474	26	4	50	pips_40_500-8000.hdf5	both	none
996.292	1	Stimulus/S  1	1	9962920	9962928	26	5	30	pips_40_500-8000.hdf5	both	none
997.3587	1	Stimulus/S  1	1	9973587	9973595	27	0	20	pips_40_500-8000.hdf5	both	none
998.4253	1	Stimulus/S  1	1	9984253	9984261	27	1	40	pips_40_500-8000.hdf5	both	none
999.492	1	Stimulus/S  1	1	9994920	9994928	27	2	60	pips_40_500-8000.hdf5	both	none
1000.5587	1	Stimulus/S  1	1	10005587	10005595	27	3	70	pips_40_500-8000.hdf5	both	none
1001.6254	1	Stimulus/S  1	1	10016254	10016262	27	4	50	pips_40_500-8000.hdf5	both	none
1002.6814	1	Stimulus/S  1	1	10026814	10026822	27	5	30	pips_40_500-8000.hdf5	both	none
1003.7267	1	Stimulus/S  1	1	10037267	10037275	28	0	20	pips_40_500-8000.hdf5	both	none
1004.7934	1	Stimulus/S  1	1	10047934	10047942	28	1	40	pips_40_500-8000.hdf5	both	none
1005.8601	1	Stimulus/S  1	1	10058601	10058609	28	2	60	pips_40_500-8000.hdf5	both	none
1006.9268	1	Stimulus/S  1	1	10069268	10069276	28	3	70	pips_40_500-8000.hdf5	both	none
1007.9828	1	Stimulus/S  1	1	10079828	10079836	28	4	50	pips_40_500-8000.hdf5	both	none
1009.0281	1	Stimulus/S  1	1	10090281	10090289	28	5	30	pips_40_500-8000.hdf5	both	none
1010.0948	1	Stimulus/S  1	1	10100948	10100956	29	0	20	pips_40_500-8000.hdf5	both	none
1011.1615	1	Stimulus/S  1	1	10111615	10111623	29	1	40	pips_40_500-8000.hdf5	both	none
1012.2068	1	Stimulus/S  1	1	10122068	10122076	29	2	60	pips_40_500-8000.hdf5	both	none
1013.2628	1	Stimulus/S  1	1	10132628	10132636	29	3	70	pips_40_500-8000.hdf5	both	none
1014.3082	1	Stimulus/S  1	1	10143082	10143090	29	4	50	pips_40_500-8000.hdf5	both	none
1015.3748	1	Stimulus/S  1	1	10153748	10153756	29	5	30	pips_40_500-8000.hdf5	both	none
1016.4415	1	Stimulus/S  1	1	10164415	10164423	30	0	20	pips_40_500-8000.hdf5	both	none
1017.5082	1	Stimulus/S  1	1	10175082	10175090	30	1	40	pips_40_500-8000.hdf5	both	none
1018.5749	1	Stimulus/S  1	1	10185749	10185757	30	2	60	pips_40_500-8000.hdf5	both	none
1019.6309	1	Stimulus/S  1	1	10196309	10196317	30	3	70	pips_40_500-8000.hdf5	both	none
1020.6762	1	Stimulus/S  1	1	10206762	10206770	30	4	50	pips_40_500-8000.hdf5	both	none
1021.7322	1	Stimulus/S  1	1	10217322	10217330	30	5	30	pips_40_500-8000.hdf5	both	none
1022.7776	1	Stimulus/S  1	1	10227776	10227784	31	0	20	pips_40_500-8000.hdf5	both	none
1023.8443	1	Stimulus/S  1	1	10238443	10238451	31	1	40	pips_40_500-8000.hdf5	both	none
1024.9109	1	Stimulus/S  1	1	10249109	10249117	31	2	60	pips_40_500-8000.hdf5	both	none
1025.9669	1	Stimulus/S  1	1	10259669	10259677	31	3	70	pips_40_500-8000.hdf5	both	none
1027.0336	1	Stimulus/S  1	1	10270336	10270344	31	4	50	pips_40_500-8000.hdf5	both	none
1028.079	1	Stimulus/S  1	1	10280790	10280798	31	5	30	pips_40_500-8000.hdf5	both	none
1029.1456	1	Stimulus/S  1	1	10291456	10291464	32	0	20	pips_40_500-8000.hdf5	both	none
1030.2123	1	Stimulus/S  1	1	10302123	10302131	32	1	40	pips_40_500-8000.hdf5	both	none
1031.2577	1	Stimulus/S  1	1	10312577	10312585	32	2	60	pips_40_500-8000.hdf5	both	none
1032.3137	1	Stimulus/S  1	1	10323137	10323145	32	3	70	pips_40_500-8000.hdf5	both	none
1033.3804	1	Stimulus/S  1	1	10333804	10333812	32	4	50	pips_40_500-8000.hdf5	both	none
1034.447	1	Stimulus/S  1	1	10344470	10344478	32	5	30	pips_40_500-8000.hdf5	both	none
1035.5137	1	Stimulus/S  1	1	10355137	10355145	33	0	20	pips_40_500-8000.hdf5	both	none
1036.5591	1	Stimulus/S  1	1	10365591	10365599	33	1	40	pips_40_500-8000.hdf5	both	none
1037.6151	1	Stimulus/S  1	1	10376151	10376159	33	2	60	pips_40_500-8000.hdf5	both	none
1038.6604	1	Stimulus/S  1	1	10386604	10386612	33	3	70	pips_40_500-8000.hdf5	both	none
1039.7271	1	Stimulus/S  1	1	10397271	10397279	33	4	50	pips_40_500-8000.hdf5	both	none
1040.7831	1	Stimulus/S  1	1	10407831	10407839	33	5	30	pips_40_500-8000.hdf5	both	none
1041.8284	1	Stimulus/S  1	1	10418284	10418292	34	0	20	pips_40_500-8000.hdf5	both	none
1042.8738	1	Stimulus/S  1	1	10428738	10428746	34	1	40	pips_40_500-8000.hdf5	both	none
1043.9298	1	Stimulus/S  1	1	10439298	10439306	34	2	60	pips_40_500-8000.hdf5	both	none
1044.9965	1	Stimulus/S  1	1	10449965	10449973	34	3	70	pips_40_500-8000.hdf5	both	none
1046.0631	1	Stimulus/S  1	1	10460631	10460639	34	4	50	pips_40_500-8000.hdf5	both	none
1047.1085	1	Stimulus/S  1	1	10471085	10471093	34	5	30	pips_40_500-8000.hdf5	both	none
1048.1752	1	Stimulus/S  1	1	10481752	10481760	35	0	20	pips_40_500-8000.hdf5	both	none
1049.2418	1	Stimulus/S  1	1	10492418	10492426	35	1	40	pips_40_500-8000.hdf5	both	none
1050.2979	1	Stimulus/S  1	1	10502979	10502987	35	2	60	pips_40_500-8000.hdf5	both	none
1051.3432	1	Stimulus/S  1	1	10513432	10513440	35	3	70	pips_40_500-8000.hdf5	both	none
1052.3992	1	Stimulus/S  1	1	10523992	10524000	35	4	50	pips_40_500-8000.hdf5	both	none
1053.4659	1	Stimulus/S  1	1	10534659	10534667	35	5	30	pips_40_500-8000.hdf5	both	none
1054.5112	1	Stimulus/S  1	1	10545112	10545120	36	0	20	pips_40_500-8000.hdf5	both	none
1055.5672	1	Stimulus/S  1	1	10555672	10555680	36	1	40	pips_40_500-8000.hdf5	both	none
1056.6339	1	Stimulus/S  1	1	10566339	10566347	36	2	60	pips_40_500-8000.hdf5	both	none
1057.7006	1	Stimulus/S  1	1	10577006	10577014	36	3	70	pips_40_500-8000.hdf5	both	none
1058.7459	1	Stimulus/S  1	1	10587459	10587467	36	4	50	pips_40_500-8000.hdf5	both	none
1059.8126	1	Stimulus/S  1	1	10598126	10598134	36	5	30	pips_40_500-8000.hdf5	both	none
1060.8793	1	Stimulus/S  1	1	10608793	10608801	37	0	20	pips_40_500-8000.hdf5	both	none
1061.946	1	Stimulus/S  1	1	10619460	10619468	37	1	40	pips_40_500-8000.hdf5	both	none
1062.9913	1	Stimulus/S  1	1	10629913	10629921	37	2	60	pips_40_500-8000.hdf5	both	none
1064.0473	1	Stimulus/S  1	1	10640473	10640481	37	3	70	pips_40_500-8000.hdf5	both	none
1065.0927	1	Stimulus/S  1	1	10650927	10650935	37	4	50	pips_40_500-8000.hdf5	both	none
1066.1487	1	Stimulus/S  1	1	10661487	10661495	37	5	30	pips_40_500-8000.hdf5	both	none
1067.2154	1	Stimulus/S  1	1	10672154	10672162	38	0	20	pips_40_500-8000.hdf5	both	none
1068.282	1	Stimulus/S  1	1	10682820	10682828	38	1	40	pips_40_500-8000.hdf5	both	none
1069.3487	1	Stimulus/S  1	1	10693487	10693495	38	2	60	pips_40_500-8000.hdf5	both	none
1070.4154	1	Stimulus/S  1	1	10704154	10704162	38	3	70	pips_40_500-8000.hdf5	both	none
1071.4821	1	Stimulus/S  1	1	10714821	10714829	38	4	50	pips_40_500-8000.hdf5	both	none
1072.5487	1	Stimulus/S  1	1	10725487	10725495	38	5	30	pips_40_500-8000.hdf5	both	none
1073.6154	1	Stimulus/S  1	1	10736154	10736162	39	0	20	pips_40_500-8000.hdf5	both	none
1074.6821	1	Stimulus/S  1	1	10746821	10746829	39	1	40	pips_40_500-8000.hdf5	both	none
1075.7488	1	Stimulus/S  1	1	10757488	10757496	39	2	60	pips_40_500-8000.hdf5	both	none
1076.8154	1	Stimulus/S  1	1	10768154	10768162	39	3	70	pips_40_500-8000.hdf5	both	none
1077.8821	1	Stimulus/S  1	1	10778821	10778829	39	4	50	pips_40_500-8000.hdf5	both	none
1078.9488	1	Stimulus/S  1	1	10789488	10789496	39	5	30	pips_40_500-8000.hdf5	both	none
1080.0155	1	Stimulus/S  1	1	10800155	10800163	40	0	20	pips_40_500-8000.hdf5	both	none
1081.0822	1	Stimulus/S  1	1	10810822	10810830	40	1	40	pips_40_500-8000.hdf5	both	none
1082.1488	1	Stimulus/S  1	1	10821488	10821496	40	2	60	pips_40_500-8000.hdf5	both	none
1083.1942	1	Stimulus/S  1	1	10831942	10831950	40	3	70	pips_40_500-8000.hdf5	both	none
1084.2609	1	Stimulus/S  1	1	10842609	10842617	40	4	50	pips_40_500-8000.hdf5	both	none
1085.3275	1	Stimulus/S  1	1	10853275	10853283	40	5	30	pips_40_500-8000.hdf5	both	none
1086.3942	1	Stimulus/S  1	1	10863942	10863950	41	0	20	pips_40_500-8000.hdf5	both	none
1087.4502	1	Stimulus/S  1	1	10874502	10874510	41	1	40	pips_40_500-8000.hdf5	both	none
1088.4956	1	Stimulus/S  1	1	10884956	10884964	41	2	60	pips_40_500-8000.hdf5	both	none
1089.5516	1	Stimulus/S  1	1	10895516	10895524	41	3	70	pips_40_500-8000.hdf5	both	none
1090.6182	1	Stimulus/S  1	1	10906182	10906190	41	4	50	pips_40_500-8000.hdf5	both	none
1091.6849	1	Stimulus/S  1	1	10916849	10916857	41	5	30	pips_40_500-8000.hdf5	both	none
1092.7303	1	Stimulus/S  1	1	10927303	10927311	42	0	20	pips_40_500-8000.hdf5	both	none
1093.7756	1	Stimulus/S  1	1	10937756	10937764	42	1	40	pips_40_500-8000.hdf5	both	none
1094.8316	1	Stimulus/S  1	1	10948316	10948324	42	2	60	pips_40_500-8000.hdf5	both	none
1095.877	1	Stimulus/S  1	1	10958770	10958778	42	3	70	pips_40_500-8000.hdf5	both	none
1096.9436	1	Stimulus/S  1	1	10969436	10969444	42	4	50	pips_40_500-8000.hdf5	both	none
1098.0103	1	Stimulus/S  1	1	10980103	10980111	42	5	30	pips_40_500-8000.hdf5	both	none
1099.077	1	Stimulus/S  1	1	10990770	10990778	43	0	20	pips_40_500-8000.hdf5	both	none
1100.133	1	Stimulus/S  1	1	11001330	11001338	43	1	40	pips_40_500-8000.hdf5	both	none
1101.1783	1	Stimulus/S  1	1	11011783	11011791	43	2	60	pips_40_500-8000.hdf5	both	none
1102.245	1	Stimulus/S  1	1	11022450	11022458	43	3	70	pips_40_500-8000.hdf5	both	none
1103.3117	1	Stimulus/S  1	1	11033117	11033125	43	4	50	pips_40_500-8000.hdf5	both	none
1104.3784	1	Stimulus/S  1	1	11043784	11043792	43	5	30	pips_40_500-8000.hdf5	both	none
1105.4344	1	Stimulus/S  1	1	11054344	11054352	44	0	20	pips_40_500-8000.hdf5	both	none
1106.4797	1	Stimulus/S  1	1	11064797	11064805	44	1	40	pips_40_500-8000.hdf5	both	none
1107.5357	1	Stimulus/S  1	1	11075357	11075365	44	2	60	pips_40_500-8000.hdf5	both	none
1108.5811	1	Stimulus/S  1	1	11085811	11085819	44	3	70	pips_40_500-8000.hdf5	both	none
1109.6264	1	Stimulus/S  1	1	11096264	11096272	44	4	50	pips_40_500-8000.hdf5	both	none
1110.6824	1	Stimulus/S  1	1	11106824	11106832	44	5	30	pips_40_500-8000.hdf5	both	none
1111.7491	1	Stimulus/S  1	1	11117491	11117499	45	0	20	pips_40_500-8000.hdf5	both	none
1112.7945	1	Stimulus/S  1	1	11127945	11127953	45	1	40	pips_40_500-8000.hdf5	both	none
1113.8505	1	Stimulus/S  1	1	11138505	11138513	45	2	60	pips_40_500-8000.hdf5	both	none
1114.8958	1	Stimulus/S  1	1	11148958	11148966	45	3	70	pips_40_500-8000.hdf5	both	none
1115.9625	1	Stimulus/S  1	1	11159625	11159633	45	4	50	pips_40_500-8000.hdf5	both	none
1117.0292	1	Stimulus/S  1	1	11170292	11170300	45	5	30	pips_40_500-8000.hdf5	both	none
1118.0958	1	Stimulus/S  1	1	11180958	11180966	46	0	20	pips_40_500-8000.hdf5	both	none
1119.1519	1	Stimulus/S  1	1	11191519	11191527	46	1	40	pips_40_500-8000.hdf5	both	none
1120.1972	1	Stimulus/S  1	1	11201972	11201980	46	2	60	pips_40_500-8000.hdf5	both	none
1121.2425	1	Stimulus/S  1	1	11212425	11212433	46	3	70	pips_40_500-8000.hdf5	both	none
1122.2986	1	Stimulus/S  1	1	11222986	11222994	46	4	50	pips_40_500-8000.hdf5	both	none
1123.3439	1	Stimulus/S  1	1	11233439	11233447	46	5	30	pips_40_500-8000.hdf5	both	none
1124.4106	1	Stimulus/S  1	1	11244106	11244114	47	0	20	pips_40_500-8000.hdf5	both	none
1125.4773	1	Stimulus/S  1	1	11254773	11254781	47	1	40	pips_40_500-8000.hdf5	both	none
1126.5333	1	Stimulus/S  1	1	11265333	11265341	47	2	60	pips_40_500-8000.hdf5	both	none
1127.5786	1	Stimulus/S  1	1	11275786	11275794	47	3	70	pips_40_500-8000.hdf5	both	none
1128.6453	1	Stimulus/S  1	1	11286453	11286461	47	4	50	pips_40_500-8000.hdf5	both	none
1129.7013	1	Stimulus/S  1	1	11297013	11297021	47	5	30	pips_40_500-8000.hdf5	both	none
1130.7466	1	Stimulus/S  1	1	11307466	11307474	48	0	20	pips_40_500-8000.hdf5	both	none
1131.8133	1	Stimulus/S  1	1	11318133	11318141	48	1	40	pips_40_500-8000.hdf5	both	none
1132.8693	1	Stimulus/S  1	1	11328693	11328701	48	2	60	pips_40_500-8000.hdf5	both	none
1133.9147	1	Stimulus/S  1	1	11339147	11339155	48	3	70	pips_40_500-8000.hdf5	both	none
1134.9813	1	Stimulus/S  1	1	11349813	11349821	48	4	50	pips_40_500-8000.hdf5	both	none
1136.0267	1	Stimulus/S  1	1	11360267	11360275	48	5	30	pips_40_500-8000.hdf5	both	none
1137.0934	1	Stimulus/S  1	1	11370934	11370942	49	0	20	pips_40_500-8000.hdf5	both	none
1138.1494	1	Stimulus/S  1	1	11381494	11381502	49	1	40	pips_40_500-8000.hdf5	both	none
1139.1947	1	Stimulus/S  1	1	11391947	11391955	49	2	60	pips_40_500-8000.hdf5	both	none
1140.2614	1	Stimulus/S  1	1	11402614	11402622	49	3	70	pips_40_500-8000.hdf5	both	none
1141.3174	1	Stimulus/S  1	1	11413174	11413182	49	4	50	pips_40_500-8000.hdf5	both	none
1142.3628	1	Stimulus/S  1	1	11423628	11423636	49	5	30	pips_40_500-8000.hdf5	both	none
1143.4294	1	Stimulus/S  1	1	11434294	11434302	50	0	20	pips_40_500-8000.hdf5	both	none
1144.4961	1	Stimulus/S  1	1	11444961	11444969	50	1	40	pips_40_500-8000.hdf5	both	none
1145.5521	1	Stimulus/S  1	1	11455521	11455529	50	2	60	pips_40_500-8000.hdf5	both	none
1146.5975	1	Stimulus/S  1	1	11465975	11465983	50	3	70	pips_40_500-8000.hdf5	both	none
1147.6641	1	Stimulus/S  1	1	11476641	11476649	50	4	50	pips_40_500-8000.hdf5	both	none
1148.7308	1	Stimulus/S  1	1	11487308	11487316	50	5	30	pips_40_500-8000.hdf5	both	none
1149.7975	1	Stimulus/S  1	1	11497975	11497983	51	0	20	pips_40_500-8000.hdf5	both	none
1150.8642	1	Stimulus/S  1	1	11508642	11508650	51	1	40	pips_40_500-8000.hdf5	both	none
1151.9308	1	Stimulus/S  1	1	11519308	11519316	51	2	60	pips_40_500-8000.hdf5	both	none
1152.9975	1	Stimulus/S  1	1	11529975	11529983	51	3	70	pips_40_500-8000.hdf5	both	none
1154.0429	1	Stimulus/S  1	1	11540429	11540437	51	4	50	pips_40_500-8000.hdf5	both	none
1155.0989	1	Stimulus/S  1	1	11550989	11550997	51	5	30	pips_40_500-8000.hdf5	both	none
1156.1442	1	Stimulus/S  1	1	11561442	11561450	52	0	20	pips_40_500-8000.hdf5	both	none
1157.2002	1	Stimulus/S  1	1	11572002	11572010	52	1	40	pips_40_500-8000.hdf5	both	none
1158.2669	1	Stimulus/S  1	1	11582669	11582677	52	2	60	pips_40_500-8000.hdf5	both	none
1159.3336	1	Stimulus/S  1	1	11593336	11593344	52	3	70	pips_40_500-8000.hdf5	both	none
1160.4003	1	Stimulus/S  1	1	11604003	11604011	52	4	50	pips_40_500-8000.hdf5	both	none
1161.4456	1	Stimulus/S  1	1	11614456	11614464	52	5	30	pips_40_500-8000.hdf5	both	none
1162.5016	1	Stimulus/S  1	1	11625016	11625024	53	0	20	pips_40_500-8000.hdf5	both	none
1163.547	1	Stimulus/S  1	1	11635470	11635478	53	1	40	pips_40_500-8000.hdf5	both	none
1164.6136	1	Stimulus/S  1	1	11646136	11646144	53	2	60	pips_40_500-8000.hdf5	both	none
1165.6696	1	Stimulus/S  1	1	11656696	11656704	53	3	70	pips_40_500-8000.hdf5	both	none
1166.715	1	Stimulus/S  1	1	11667150	11667158	53	4	50	pips_40_500-8000.hdf5	both	none
1167.7603	1	Stimulus/S  1	1	11677603	11677611	53	5	30	pips_40_500-8000.hdf5	both	none
1168.8163	1	Stimulus/S  1	1	11688163	11688171	54	0	20	pips_40_500-8000.hdf5	both	none
1169.883	1	Stimulus/S  1	1	11698830	11698838	54	1	40	pips_40_500-8000.hdf5	both	none
1170.9497	1	Stimulus/S  1	1	11709497	11709505	54	2	60	pips_40_500-8000.hdf5	both	none
1172.0164	1	Stimulus/S  1	1	11720164	11720172	54	3	70	pips_40_500-8000.hdf5	both	none
1173.0831	1	Stimulus/S  1	1	11730831	11730839	54	4	50	pips_40_500-8000.hdf5	both	none
1174.1497	1	Stimulus/S  1	1	11741497	11741505	54	5	30	pips_40_500-8000.hdf5	both	none
1175.1951	1	Stimulus/S  1	1	11751951	11751959	55	0	20	pips_40_500-8000.hdf5	both	none
1176.2511	1	Stimulus/S  1	1	11762511	11762519	55	1	40	pips_40_500-8000.hdf5	both	none
1177.2964	1	Stimulus/S  1	1	11772964	11772972	55	2	60	pips_40_500-8000.hdf5	both	none
1178.3631	1	Stimulus/S  1	1	11783631	11783639	55	3	70	pips_40_500-8000.hdf5	both	none
1179.4298	1	Stimulus/S  1	1	11794298	11794306	55	4	50	pips_40_500-8000.hdf5	both	none
1180.4965	1	Stimulus/S  1	1	11804965	11804973	55	5	30	pips_40_500-8000.hdf5	both	none
1181.5631	1	Stimulus/S  1	1	11815631	11815639	56	0	20	pips_40_500-8000.hdf5	both	none
1182.6298	1	Stimulus/S  1	1	11826298	11826306	56	1	40	pips_40_500-8000.hdf5	both	none
1183.6965	1	Stimulus/S  1	1	11836965	11836973	56	2	60	pips_40_500-8000.hdf5	both	none
1184.7632	1	Stimulus/S  1	1	11847632	11847640	56	3	70	pips_40_500-8000.hdf5	both	none
1185.8192	1	Stimulus/S  1	1	11858192	11858200	56	4	50	pips_40_500-8000.hdf5	both	none
1186.8645	1	Stimulus/S  1	1	11868645	11868653	56	5	30	pips_40_500-8000.hdf5	both	none
1187.9099	1	Stimulus/S  1	1	11879099	11879107	57	0	20	pips_40_500-8000.hdf5	both	none
1188.9659	1	Stimulus/S  1	1	11889659	11889667	57	1	40	pips_40_500-8000.hdf5	both	none
1190.0112	1	Stimulus/S  1	1	11900112	11900120	57	2	60	pips_40_500-8000.hdf5	both	none
1191.0672	1	Stimulus/S  1	1	11910672	11910680	57	3	70	pips_40_500-8000.hdf5	both	none
1192.1126	1	Stimulus/S  1	1	11921126	11921134	57	4	50	pips_40_500-8000.hdf5	both	none
1193.1792	1	Stimulus/S  1	1	11931792	11931800	57	5	30	pips_40_500-8000.hdf5	both	none
1194.2459	1	Stimulus/S  1	1	11942459	11942467	58	0	20	pips_40_500-8000.hdf5	both	none
1195.3019	1	Stimulus/S  1	1	11953019	11953027	58	1	40	pips_40_500-8000.hdf5	both	none
1196.3473	1	Stimulus/S  1	1	11963473	11963481	58	2	60	pips_40_500-8000.hdf5	both	none
1197.414	1	Stimulus/S  1	1	11974140	11974148	58	3	70	pips_40_500-8000.hdf5	both	none
1198.4806	1	Stimulus/S  1	1	11984806	11984814	58	4	50	pips_40_500-8000.hdf5	both	none
1199.5473	1	Stimulus/S  1	1	11995473	11995481	58	5	30	pips_40_500-8000.hdf5	both	none
1200.6033	1	Stimulus/S  1	1	12006033	12006041	59	0	20	pips_40_500-8000.hdf5	both	none
1201.6487	1	Stimulus/S  1	1	12016487	12016495	59	1	40	pips_40_500-8000.hdf5	both	none
1202.694	1	Stimulus/S  1	1	12026940	12026948	59	2	60	pips_40_500-8000.hdf5	both	none
1203.7607	1	Stimulus/S  1	1	12037607	12037615	59	3	70	pips_40_500-8000.hdf5	both	none
1204.8274	1	Stimulus/S  1	1	12048274	12048282	59	4	50	pips_40_500-8000.hdf5	both	none
1205.8834	1	Stimulus/S  1	1	12058834	12058842	59	5	30	pips_40_500-8000.hdf5	both	none
1206.9287	1	Stimulus/S  1	1	12069287	12069295	60	0	20	pips_40_500-8000.hdf5	both	none
1207.9954	1	Stimulus/S  1	1	12079954	12079962	60	1	40	pips_40_500-8000.hdf5	both	none
1209.0621	1	Stimulus/S  1	1	12090621	12090629	60	2	60	pips_40_500-8000.hdf5	both	none
1210.1181	1	Stimulus/S  1	1	12101181	12101189	60	3	70	pips_40_500-8000.hdf5	both	none
1211.1634	1	Stimulus/S  1	1	12111634	12111642	60	4	50	pips_40_500-8000.hdf5	both	none
1212.2194	1	Stimulus/S  1	1	12122194	12122202	60	5	30	pips_40_500-8000.hdf5	both	none
1213.2861	1	Stimulus/S  1	1	12132861	12132869	61	0	20	pips_40_500-8000.hdf5	both	none
1214.3315	1	Stimulus/S  1	1	12143315	12143323	61	1	40	pips_40_500-8000.hdf5	both	none
1215.3981	1	Stimulus/S  1	1	12153981	12153989	61	2	60	pips_40_500-8000.hdf5	both	none
1216.4648	1	Stimulus/S  1	1	12164648	12164656	61	3	70	pips_40_500-8000.hdf5	both	none
1217.5102	1	Stimulus/S  1	1	12175102	12175110	61	4	50	pips_40_500-8000.hdf5	both	none
1218.5662	1	Stimulus/S  1	1	12185662	12185670	61	5	30	pips_40_500-8000.hdf5	both	none
1219.6328	1	Stimulus/S  1	1	12196328	12196336	62	0	20	pips_40_500-8000.hdf5	both	none
1220.6995	1	Stimulus/S  1	1	12206995	12207003	62	1	40	pips_40_500-8000.hdf5	both	none
1221.7449	1	Stimulus/S  1	1	12217449	12217457	62	2	60	pips_40_500-8000.hdf5	both	none
1222.8009	1	Stimulus/S  1	1	12228009	12228017	62	3	70	pips_40_500-8000.hdf5	both	none
1223.8675	1	Stimulus/S  1	1	12238675	12238683	62	4	50	pips_40_500-8000.hdf5	both	none
1224.9129	1	Stimulus/S  1	1	12249129	12249137	62	5	30	pips_40_500-8000.hdf5	both	none
1225.9796	1	Stimulus/S  1	1	12259796	12259804	63	0	20	pips_40_500-8000.hdf5	both	none
1227.0462	1	Stimulus/S  1	1	12270462	12270470	63	1	40	pips_40_500-8000.hdf5	both	none
1228.1023	1	Stimulus/S  1	1	12281023	12281031	63	2	60	pips_40_500-8000.hdf5	both	none
1229.1689	1	Stimulus/S  1	1	12291689	12291697	63	3	70	pips_40_500-8000.hdf5	both	none
1230.2356	1	Stimulus/S  1	1	12302356	12302364	63	4	50	pips_40_500-8000.hdf5	both	none
1231.281	1	Stimulus/S  1	1	12312810	12312818	63	5	30	pips_40_500-8000.hdf5	both	none
1232.337	1	Stimulus/S  1	1	12323370	12323378	64	0	20	pips_40_500-8000.hdf5	both	none
1233.4036	1	Stimulus/S  1	1	12334036	12334044	64	1	40	pips_40_500-8000.hdf5	both	none
1234.449	1	Stimulus/S  1	1	12344490	12344498	64	2	60	pips_40_500-8000.hdf5	both	none
1235.4943	1	Stimulus/S  1	1	12354943	12354951	64	3	70	pips_40_500-8000.hdf5	both	none
1236.561	1	Stimulus/S  1	1	12365610	12365618	64	4	50	pips_40_500-8000.hdf5	both	none
1237.6277	1	Stimulus/S  1	1	12376277	12376285	64	5	30	pips_40_500-8000.hdf5	both	none
1238.6944	1	Stimulus/S  1	1	12386944	12386952	65	0	20	pips_40_500-8000.hdf5	both	none
1239.7504	1	Stimulus/S  1	1	12397504	12397512	65	1	40	pips_40_500-8000.hdf5	both	none
1240.7957	1	Stimulus/S  1	1	12407957	12407965	65	2	60	pips_40_500-8000.hdf5	both	none
1241.8517	1	Stimulus/S  1	1	12418517	12418525	65	3	70	pips_40_500-8000.hdf5	both	none
1242.9184	1	Stimulus/S  1	1	12429184	12429192	65	4	50	pips_40_500-8000.hdf5	both	none
1243.9637	1	Stimulus/S  1	1	12439637	12439645	65	5	30	pips_40_500-8000.hdf5	both	none
1245.0198	1	Stimulus/S  1	1	12450198	12450206	66	0	20	pips_40_500-8000.hdf5	both	none
1246.0864	1	Stimulus/S  1	1	12460864	12460872	66	1	40	pips_40_500-8000.hdf5	both	none
1247.1318	1	Stimulus/S  1	1	12471318	12471326	66	2	60	pips_40_500-8000.hdf5	both	none
1248.1985	1	Stimulus/S  1	1	12481985	12481993	66	3	70	pips_40_500-8000.hdf5	both	none
1249.2651	1	Stimulus/S  1	1	12492651	12492659	66	4	50	pips_40_500-8000.hdf5	both	none
1250.3211	1	Stimulus/S  1	1	12503211	12503219	66	5	30	pips_40_500-8000.hdf5	both	none
1251.3665	1	Stimulus/S  1	1	12513665	12513673	67	0	20	pips_40_500-8000.hdf5	both	none
1252.4118	1	Stimulus/S  1	1	12524118	12524126	67	1	40	pips_40_500-8000.hdf5	both	none
1253.4678	1	Stimulus/S  1	1	12534678	12534686	67	2	60	pips_40_500-8000.hdf5	both	none
1254.5132	1	Stimulus/S  1	1	12545132	12545140	67	3	70	pips_40_500-8000.hdf5	both	none
1255.5692	1	Stimulus/S  1	1	12555692	12555700	67	4	50	pips_40_500-8000.hdf5	both	none
1256.6359	1	Stimulus/S  1	1	12566359	12566367	67	5	30	pips_40_500-8000.hdf5	both	none
1257.7025	1	Stimulus/S  1	1	12577025	12577033	68	0	20	pips_40_500-8000.hdf5	both	none
1258.7479	1	Stimulus/S  1	1	12587479	12587487	68	1	40	pips_40_500-8000.hdf5	both	none
1259.8146	1	Stimulus/S  1	1	12598146	12598154	68	2	60	pips_40_500-8000.hdf5	both	none
1260.8812	1	Stimulus/S  1	1	12608812	12608820	68	3	70	pips_40_500-8000.hdf5	both	none
1261.9373	1	Stimulus/S  1	1	12619373	12619381	68	4	50	pips_40_500-8000.hdf5	both	none
1263.0039	1	Stimulus/S  1	1	12630039	12630047	68	5	30	pips_40_500-8000.hdf5	both	none
1264.0706	1	Stimulus/S  1	1	12640706	12640714	69	0	20	pips_40_500-8000.hdf5	both	none
1265.1159	1	Stimulus/S  1	1	12651159	12651167	69	1	40	pips_40_500-8000.hdf5	both	none
1266.1826	1	Stimulus/S  1	1	12661826	12661834	69	2	60	pips_40_500-8000.hdf5	both	none
1267.2386	1	Stimulus/S  1	1	12672386	12672394	69	3	70	pips_40_500-8000.hdf5	both	none
1268.2946	1	Stimulus/S  1	1	12682946	12682954	69	4	50	pips_40_500-8000.hdf5	both	none
1269.3507	1	Stimulus/S  1	1	12693507	12693515	69	5	30	pips_40_500-8000.hdf5	both	none
1270.4173	1	Stimulus/S  1	1	12704173	12704181	70	0	20	pips_40_500-8000.hdf5	both	none
1271.484	1	Stimulus/S  1	1	12714840	12714848	70	1	40	pips_40_500-8000.hdf5	both	none
1272.5507	1	Stimulus/S  1	1	12725507	12725515	70	2	60	pips_40_500-8000.hdf5	both	none
1273.596	1	Stimulus/S  1	1	12735960	12735968	70	3	70	pips_40_500-8000.hdf5	both	none
1274.652	1	Stimulus/S  1	1	12746520	12746528	70	4	50	pips_40_500-8000.hdf5	both	none
1275.6974	1	Stimulus/S  1	1	12756974	12756982	70	5	30	pips_40_500-8000.hdf5	both	none
1276.7641	1	Stimulus/S  1	1	12767641	12767649	71	0	20	pips_40_500-8000.hdf5	both	none
1277.8201	1	Stimulus/S  1	1	12778201	12778209	71	1	40	pips_40_500-8000.hdf5	both	none
1278.8654	1	Stimulus/S  1	1	12788654	12788662	71	2	60	pips_40_500-8000.hdf5	both	none
1279.9321	1	Stimulus/S  1	1	12799321	12799329	71	3	70	pips_40_500-8000.hdf5	both	none
1280.9881	1	Stimulus/S  1	1	12809881	12809889	71	4	50	pips_40_500-8000.hdf5	both	none
1282.0548	1	Stimulus/S  1	1	12820548	12820556	71	5	30	pips_40_500-8000.hdf5	both	none
1283.1001	1	Stimulus/S  1	1	12831001	12831009	72	0	20	pips_40_500-8000.hdf5	both	none
1284.1668	1	Stimulus/S  1	1	12841668	12841676	72	1	40	pips_40_500-8000.hdf5	both	none
1285.2335	1	Stimulus/S  1	1	12852335	12852343	72	2	60	pips_40_500-8000.hdf5	both	none
1286.2788	1	Stimulus/S  1	1	12862788	12862796	72	3	70	pips_40_500-8000.hdf5	both	none
1287.3348	1	Stimulus/S  1	1	12873348	12873356	72	4	50	pips_40_500-8000.hdf5	both	none
1288.4015	1	Stimulus/S  1	1	12884015	12884023	72	5	30	pips_40_500-8000.hdf5	both	none
1289.4469	1	Stimulus/S  1	1	12894469	12894477	73	0	20	pips_40_500-8000.hdf5	both	none
1290.5029	1	Stimulus/S  1	1	12905029	12905037	73	1	40	pips_40_500-8000.hdf5	both	none
1291.5695	1	Stimulus/S  1	1	12915695	12915703	73	2	60	pips_40_500-8000.hdf5	both	none
1292.6149	1	Stimulus/S  1	1	12926149	12926157	73	3	70	pips_40_500-8000.hdf5	both	none
1293.6816	1	Stimulus/S  1	1	12936816	12936824	73	4	50	pips_40_500-8000.hdf5	both	none
1294.7376	1	Stimulus/S  1	1	12947376	12947384	73	5	30	pips_40_500-8000.hdf5	both	none
1295.8042	1	Stimulus/S  1	1	12958042	12958050	74	0	20	pips_40_500-8000.hdf5	both	none
1296.8709	1	Stimulus/S  1	1	12968709	12968717	74	1	40	pips_40_500-8000.hdf5	both	none
1297.9163	1	Stimulus/S  1	1	12979163	12979171	74	2	60	pips_40_500-8000.hdf5	both	none
1298.9829	1	Stimulus/S  1	1	12989829	12989837	74	3	70	pips_40_500-8000.hdf5	both	none
1300.0283	1	Stimulus/S  1	1	13000283	13000291	74	4	50	pips_40_500-8000.hdf5	both	none
1301.0843	1	Stimulus/S  1	1	13010843	13010851	74	5	30	pips_40_500-8000.hdf5	both	none
1302.1296	1	Stimulus/S  1	1	13021296	13021304	75	0	20	pips_40_500-8000.hdf5	both	none
1303.1963	1	Stimulus/S  1	1	13031963	13031971	75	1	40	pips_40_500-8000.hdf5	both	none
1304.263	1	Stimulus/S  1	1	13042630	13042638	75	2	60	pips_40_500-8000.hdf5	both	none
1305.3297	1	Stimulus/S  1	1	13053297	13053305	75	3	70	pips_40_500-8000.hdf5	both	none
1306.3857	1	Stimulus/S  1	1	13063857	13063865	75	4	50	pips_40_500-8000.hdf5	both	none
1307.4524	1	Stimulus/S  1	1	13074524	13074532	75	5	30	pips_40_500-8000.hdf5	both	none
1308.4977	1	Stimulus/S  1	1	13084977	13084985	76	0	20	pips_40_500-8000.hdf5	both	none
1309.5537	1	Stimulus/S  1	1	13095537	13095545	76	1	40	pips_40_500-8000.hdf5	both	none
1310.5991	1	Stimulus/S  1	1	13105991	13105999	76	2	60	pips_40_500-8000.hdf5	both	none
1311.6657	1	Stimulus/S  1	1	13116657	13116665	76	3	70	pips_40_500-8000.hdf5	both	none
1312.7217	1	Stimulus/S  1	1	13127217	13127225	76	4	50	pips_40_500-8000.hdf5	both	none
1313.7884	1	Stimulus/S  1	1	13137884	13137892	76	5	30	pips_40_500-8000.hdf5	both	none
1314.8338	1	Stimulus/S  1	1	13148338	13148346	77	0	20	pips_40_500-8000.hdf5	both	none
1315.9004	1	Stimulus/S  1	1	13159004	13159012	77	1	40	pips_40_500-8000.hdf5	both	none
1316.9458	1	Stimulus/S  1	1	13169458	13169466	77	2	60	pips_40_500-8000.hdf5	both	none
1318.0125	1	Stimulus/S  1	1	13180125	13180133	77	3	70	pips_40_500-8000.hdf5	both	none
1319.0791	1	Stimulus/S  1	1	13190791	13190799	77	4	50	pips_40_500-8000.hdf5	both	none
1320.1352	1	Stimulus/S  1	1	13201352	13201360	77	5	30	pips_40_500-8000.hdf5	both	none
1321.2018	1	Stimulus/S  1	1	13212018	13212026	78	0	20	pips_40_500-8000.hdf5	both	none
1322.2472	1	Stimulus/S  1	1	13222472	13222480	78	1	40	pips_40_500-8000.hdf5	both	none
1323.3139	1	Stimulus/S  1	1	13233139	13233147	78	2	60	pips_40_500-8000.hdf5	both	none
1324.3699	1	Stimulus/S  1	1	13243699	13243707	78	3	70	pips_40_500-8000.hdf5	both	none
1325.4152	1	Stimulus/S  1	1	13254152	13254160	78	4	50	pips_40_500-8000.hdf5	both	none
1326.4819	1	Stimulus/S  1	1	13264819	13264827	78	5	30	pips_40_500-8000.hdf5	both	none
1327.5379	1	Stimulus/S  1	1	13275379	13275387	79	0	20	pips_40_500-8000.hdf5	both	none
1328.6046	1	Stimulus/S  1	1	13286046	13286054	79	1	40	pips_40_500-8000.hdf5	both	none
1329.6499	1	Stimulus/S  1	1	13296499	13296507	79	2	60	pips_40_500-8000.hdf5	both	none
1330.7166	1	Stimulus/S  1	1	13307166	13307174	79	3	70	pips_40_500-8000.hdf5	both	none
1331.7619	1	Stimulus/S  1	1	13317619	13317627	79	4	50	pips_40_500-8000.hdf5	both	none
1332.8179	1	Stimulus/S  1	1	13328179	13328187	79	5	30	pips_40_500-8000.hdf5	both	none
1333.8846	1	Stimulus/S  1	1	13338846	13338854	80	0	20	pips_40_500-8000.hdf5	both	none
1334.93	1	Stimulus/S  1	1	13349300	13349308	80	1	40	pips_40_500-8000.hdf5	both	none
1335.9966	1	Stimulus/S  1	1	13359966	13359974	80	2	60	pips_40_500-8000.hdf5	both	none
1337.0527	1	Stimulus/S  1	1	13370527	13370535	80	3	70	pips_40_500-8000.hdf5	both	none
1338.098	1	Stimulus/S  1	1	13380980	13380988	80	4	50	pips_40_500-8000.hdf5	both	none
1339.154	1	Stimulus/S  1	1	13391540	13391548	80	5	30	pips_40_500-8000.hdf5	both	none
1340.1993	1	Stimulus/S  1	1	13401993	13402001	81	0	20	pips_40_500-8000.hdf5	both	none
1341.266	1	Stimulus/S  1	1	13412660	13412668	81	1	40	pips_40_500-8000.hdf5	both	none
1342.322	1	Stimulus/S  1	1	13423220	13423228	81	2	60	pips_40_500-8000.hdf5	both	none
1343.3674	1	Stimulus/S  1	1	13433674	13433682	81	3	70	pips_40_500-8000.hdf5	both	none
1344.4341	1	Stimulus/S  1	1	13444341	13444349	81	4	50	pips_40_500-8000.hdf5	both	none
1345.4794	1	Stimulus/S  1	1	13454794	13454802	81	5	30	pips_40_500-8000.hdf5	both	none
1346.5354	1	Stimulus/S  1	1	13465354	13465362	82	0	20	pips_40_500-8000.hdf5	both	none
1347.6021	1	Stimulus/S  1	1	13476021	13476029	82	1	40	pips_40_500-8000.hdf5	both	none
1348.6474	1	Stimulus/S  1	1	13486474	13486482	82	2	60	pips_40_500-8000.hdf5	both	none
1349.7141	1	Stimulus/S  1	1	13497141	13497149	82	3	70	pips_40_500-8000.hdf5	both	none
1350.7701	1	Stimulus/S  1	1	13507701	13507709	82	4	50	pips_40_500-8000.hdf5	both	none
1351.8368	1	Stimulus/S  1	1	13518368	13518376	82	5	30	pips_40_500-8000.hdf5	both	none
1352.9035	1	Stimulus/S  1	1	13529035	13529043	83	0	20	pips_40_500-8000.hdf5	both	none
1353.9488	1	Stimulus/S  1	1	13539488	13539496	83	1	40	pips_40_500-8000.hdf5	both	none
1355.0155	1	Stimulus/S  1	1	13550155	13550163	83	2	60	pips_40_500-8000.hdf5	both	none
1356.0715	1	Stimulus/S  1	1	13560715	13560723	83	3	70	pips_40_500-8000.hdf5	both	none
1357.1382	1	Stimulus/S  1	1	13571382	13571390	83	4	50	pips_40_500-8000.hdf5	both	none
1358.2049	1	Stimulus/S  1	1	13582049	13582057	83	5	30	pips_40_500-8000.hdf5	both	none
1359.2502	1	Stimulus/S  1	1	13592502	13592510	84	0	20	pips_40_500-8000.hdf5	both	none
1360.3062	1	Stimulus/S  1	1	13603062	13603070	84	1	40	pips_40_500-8000.hdf5	both	none
1361.3729	1	Stimulus/S  1	1	13613729	13613737	84	2	60	pips_40_500-8000.hdf5	both	none
1362.4182	1	Stimulus/S  1	1	13624182	13624190	84	3	70	pips_40_500-8000.hdf5	both	none
1363.4636	1	Stimulus/S  1	1	13634636	13634644	84	4	50	pips_40_500-8000.hdf5	both	none
1364.5303	1	Stimulus/S  1	1	13645303	13645311	84	5	30	pips_40_500-8000.hdf5	both	none
1365.5863	1	Stimulus/S  1	1	13655863	13655871	85	0	20	pips_40_500-8000.hdf5	both	none
1366.6316	1	Stimulus/S  1	1	13666316	13666324	85	1	40	pips_40_500-8000.hdf5	both	none
1367.6876	1	Stimulus/S  1	1	13676876	13676884	85	2	60	pips_40_500-8000.hdf5	both	none
1368.7543	1	Stimulus/S  1	1	13687543	13687551	85	3	70	pips_40_500-8000.hdf5	both	none
1369.7996	1	Stimulus/S  1	1	13697996	13698004	85	4	50	pips_40_500-8000.hdf5	both	none
1370.8556	1	Stimulus/S  1	1	13708556	13708564	85	5	30	pips_40_500-8000.hdf5	both	none
1371.901	1	Stimulus/S  1	1	13719010	13719018	86	0	20	pips_40_500-8000.hdf5	both	none
1372.9463	1	Stimulus/S  1	1	13729463	13729471	86	1	40	pips_40_500-8000.hdf5	both	none
1374.013	1	Stimulus/S  1	1	13740130	13740138	86	2	60	pips_40_500-8000.hdf5	both	none
1375.069	1	Stimulus/S  1	1	13750690	13750698	86	3	70	pips_40_500-8000.hdf5	both	none
1376.1144	1	Stimulus/S  1	1	13761144	13761152	86	4	50	pips_40_500-8000.hdf5	both	none
1377.181	1	Stimulus/S  1	1	13771810	13771818	86	5	30	pips_40_500-8000.hdf5	both	none
1378.2371	1	Stimulus/S  1	1	13782371	13782379	87	0	20	pips_40_500-8000.hdf5	both	none
1379.3037	1	Stimulus/S  1	1	13793037	13793045	87	1	40	pips_40_500-8000.hdf5	both	none
1380.3491	1	Stimulus/S  1	1	13803491	13803499	87	2	60	pips_40_500-8000.hdf5	both	none
1381.4051	1	Stimulus/S  1	1	13814051	13814059	87	3	70	pips_40_500-8000.hdf5	both	none
1382.4504	1	Stimulus/S  1	1	13824504	13824512	87	4	50	pips_40_500-8000.hdf5	both	none
1383.5064	1	Stimulus/S  1	1	13835064	13835072	87	5	30	pips_40_500-8000.hdf5	both	none
1384.5518	1	Stimulus/S  1	1	13845518	13845526	88	0	20	pips_40_500-8000.hdf5	both	none
1385.5971	1	Stimulus/S  1	1	13855971	13855979	88	1	40	pips_40_500-8000.hdf5	both	none
1386.6638	1	Stimulus/S  1	1	13866638	13866646	88	2	60	pips_40_500-8000.hdf5	both	none
1387.7198	1	Stimulus/S  1	1	13877198	13877206	88	3	70	pips_40_500-8000.hdf5	both	none
1388.7652	1	Stimulus/S  1	1	13887652	13887660	88	4	50	pips_40_500-8000.hdf5	both	none
1389.8318	1	Stimulus/S  1	1	13898318	13898326	88	5	30	pips_40_500-8000.hdf5	both	none
1390.8878	1	Stimulus/S  1	1	13908878	13908886	89	0	20	pips_40_500-8000.hdf5	both	none
1391.9545	1	Stimulus/S  1	1	13919545	13919553	89	1	40	pips_40_500-8000.hdf5	both	none
1392.9999	1	Stimulus/S  1	1	13929999	13930007	89	2	60	pips_40_500-8000.hdf5	both	none
1394.0559	1	Stimulus/S  1	1	13940559	13940567	89	3	70	pips_40_500-8000.hdf5	both	none
1395.1226	1	Stimulus/S  1	1	13951226	13951234	89	4	50	pips_40_500-8000.hdf5	both	none
1396.1679	1	Stimulus/S  1	1	13961679	13961687	89	5	30	pips_40_500-8000.hdf5	both	none
1397.2346	1	Stimulus/S  1	1	13972346	13972354	90	0	20	pips_40_500-8000.hdf5	both	none
1398.3012	1	Stimulus/S  1	1	13983012	13983020	90	1	40	pips_40_500-8000.hdf5	both	none
1399.3573	1	Stimulus/S  1	1	13993573	13993581	90	2	60	pips_40_500-8000.hdf5	both	none
1400.4239	1	Stimulus/S  1	1	14004239	14004247	90	3	70	pips_40_500-8000.hdf5	both	none
1401.4693	1	Stimulus/S  1	1	14014693	14014701	90	4	50	pips_40_500-8000.hdf5	both	none
1402.5146	1	Stimulus/S  1	1	14025146	14025154	90	5	30	pips_40_500-8000.hdf5	both	none
1403.5706	1	Stimulus/S  1	1	14035706	14035714	91	0	20	pips_40_500-8000.hdf5	both	none
1404.616	1	Stimulus/S  1	1	14046160	14046168	91	1	40	pips_40_500-8000.hdf5	both	none
1405.672	1	Stimulus/S  1	1	14056720	14056728	91	2	60	pips_40_500-8000.hdf5	both	none
1406.7387	1	Stimulus/S  1	1	14067387	14067395	91	3	70	pips_40_500-8000.hdf5	both	none
1407.784	1	Stimulus/S  1	1	14077840	14077848	91	4	50	pips_40_500-8000.hdf5	both	none
1408.8507	1	Stimulus/S  1	1	14088507	14088515	91	5	30	pips_40_500-8000.hdf5	both	none
1409.9067	1	Stimulus/S  1	1	14099067	14099075	92	0	20	pips_40_500-8000.hdf5	both	none
1410.9734	1	Stimulus/S  1	1	14109734	14109742	92	1	40	pips_40_500-8000.hdf5	both	none
1412.0187	1	Stimulus/S  1	1	14120187	14120195	92	2	60	pips_40_500-8000.hdf5	both	none
1413.0854	1	Stimulus/S  1	1	14130854	14130862	92	3	70	pips_40_500-8000.hdf5	both	none
1414.1521	1	Stimulus/S  1	1	14141521	14141529	92	4	50	pips_40_500-8000.hdf5	both	none
1415.1974	1	Stimulus/S  1	1	14151974	14151982	92	5	30	pips_40_500-8000.hdf5	both	none
1416.2641	1	Stimulus/S  1	1	14162641	14162649	93	0	20	pips_40_500-8000.hdf5	both	none
1417.3308	1	Stimulus/S  1	1	14173308	14173316	93	1	40	pips_40_500-8000.hdf5	both	none
1418.3868	1	Stimulus/S  1	1	14183868	14183876	93	2	60	pips_40_500-8000.hdf5	both	none
1419.4535	1	Stimulus/S  1	1	14194535	14194543	93	3	70	pips_40_500-8000.hdf5	both	none
1420.4988	1	Stimulus/S  1	1	14204988	14204996	93	4	50	pips_40_500-8000.hdf5	both	none
1421.5548	1	Stimulus/S  1	1	14215548	14215556	93	5	30	pips_40_500-8000.hdf5	both	none
1422.6002	1	Stimulus/S  1	1	14226002	14226010	94	0	20	pips_40_500-8000.hdf5	both	none
1423.6668	1	Stimulus/S  1	1	14236668	14236676	94	1	40	pips_40_500-8000.hdf5	both	none
1424.7228	1	Stimulus/S  1	1	14247228	14247236	94	2	60	pips_40_500-8000.hdf5	both	none
1425.7895	1	Stimulus/S  1	1	14257895	14257903	94	3	70	pips_40_500-8000.hdf5	both	none
1426.8562	1	Stimulus/S  1	1	14268562	14268570	94	4	50	pips_40_500-8000.hdf5	both	none
1427.9015	1	Stimulus/S  1	1	14279015	14279023	94	5	30	pips_40_500-8000.hdf5	both	none
1428.9682	1	Stimulus/S  1	1	14289682	14289690	95	0	20	pips_40_500-8000.hdf5	both	none
1430.0136	1	Stimulus/S  1	1	14300136	14300144	95	1	40	pips_40_500-8000.hdf5	both	none
1431.0909	1	Stimulus/S  1	1	14310909	14310917	95	2	60	pips_40_500-8000.hdf5	both	none
1432.1362	1	Stimulus/S  1	1	14321362	14321370	95	3	70	pips_40_500-8000.hdf5	both	none
1433.2029	1	Stimulus/S  1	1	14332029	14332037	95	4	50	pips_40_500-8000.hdf5	both	none
1434.2696	1	Stimulus/S  1	1	14342696	14342704	95	5	30	pips_40_500-8000.hdf5	both	none
1435.3363	1	Stimulus/S  1	1	14353363	14353371	96	0	20	pips_40_500-8000.hdf5	both	none
1436.3816	1	Stimulus/S  1	1	14363816	14363824	96	1	40	pips_40_500-8000.hdf5	both	none
1437.4483	1	Stimulus/S  1	1	14374483	14374491	96	2	60	pips_40_500-8000.hdf5	both	none
1438.515	1	Stimulus/S  1	1	14385150	14385158	96	3	70	pips_40_500-8000.hdf5	both	none
1439.571	1	Stimulus/S  1	1	14395710	14395718	96	4	50	pips_40_500-8000.hdf5	both	none
1440.6377	1	Stimulus/S  1	1	14406377	14406385	96	5	30	pips_40_500-8000.hdf5	both	none
1441.683	1	Stimulus/S  1	1	14416830	14416838	97	0	20	pips_40_500-8000.hdf5	both	none
1442.739	1	Stimulus/S  1	1	14427390	14427398	97	1	40	pips_40_500-8000.hdf5	both	none
1443.8057	1	Stimulus/S  1	1	14438057	14438065	97	2	60	pips_40_500-8000.hdf5	both	none
1444.851	1	Stimulus/S  1	1	14448510	14448518	97	3	70	pips_40_500-8000.hdf5	both	none
1445.907	1	Stimulus/S  1	1	14459070	14459078	97	4	50	pips_40_500-8000.hdf5	both	none
1446.9737	1	Stimulus/S  1	1	14469737	14469745	97	5	30	pips_40_500-8000.hdf5	both	none
1448.0191	1	Stimulus/S  1	1	14480191	14480199	98	0	20	pips_40_500-8000.hdf5	both	none
1449.0644	1	Stimulus/S  1	1	14490644	14490652	98	1	40	pips_40_500-8000.hdf5	both	none
1450.1204	1	Stimulus/S  1	1	14501204	14501212	98	2	60	pips_40_500-8000.hdf5	both	none
1451.1871	1	Stimulus/S  1	1	14511871	14511879	98	3	70	pips_40_500-8000.hdf5	both	none
1452.2538	1	Stimulus/S  1	1	14522538	14522546	98	4	50	pips_40_500-8000.hdf5	both	none
1453.2991	1	Stimulus/S  1	1	14532991	14532999	98	5	30	pips_40_500-8000.hdf5	both	none
1454.3551	1	Stimulus/S  1	1	14543551	14543559	99	0	20	pips_40_500-8000.hdf5	both	none
1455.4218	1	Stimulus/S  1	1	14554218	14554226	99	1	40	pips_40_500-8000.hdf5	both	none
1456.4885	1	Stimulus/S  1	1	14564885	14564893	99	2	60	pips_40_500-8000.hdf5	both	none
1457.5338	1	Stimulus/S  1	1	14575338	14575346	99	3	70	pips_40_500-8000.hdf5	both	none
1458.5898	1	Stimulus/S  1	1	14585898	14585906	99	4	50	pips_40_500-8000.hdf5	both	none
1459.6565	1	Stimulus/S  1	1	14596565	14596573	99	5	30	pips_40_500-8000.hdf5	both	none
1460.7019	1	Stimulus/S  1	1	14607019	14607027	100	0	20	pips_40_500-8000.hdf5	both	none
1461.7579	1	Stimulus/S  1	1	14617579	14617587	100	1	40	pips_40_500-8000.hdf5	both	none
1462.8245	1	Stimulus/S  1	1	14628245	14628253	100	2	60	pips_40_500-8000.hdf5	both	none
1463.8699	1	Stimulus/S  1	1	14638699	14638707	100	3	70	pips_40_500-8000.hdf5	both	none
1464.9152	1	Stimulus/S  1	1	14649152	14649160	100	4	50	pips_40_500-8000.hdf5	both	none
1465.9819	1	Stimulus/S  1	1	14659819	14659827	100	5	30	pips_40_500-8000.hdf5	both	none
1467.0379	1	Stimulus/S  1	1	14670379	14670387	101	0	20	pips_40_500-8000.hdf5	both	none
1468.0833	1	Stimulus/S  1	1	14680833	14680841	101	1	40	pips_40_500-8000.hdf5	both	none
1469.1499	1	Stimulus/S  1	1	14691499	14691507	101	2	60	pips_40_500-8000.hdf5	both	none
1470.2059	1	Stimulus/S  1	1	14702059	14702067	101	3	70	pips_40_500-8000.hdf5	both	none
1471.2726	1	Stimulus/S  1	1	14712726	14712734	101	4	50	pips_40_500-8000.hdf5	both	none
1472.318	1	Stimulus/S  1	1	14723180	14723188	101	5	30	pips_40_500-8000.hdf5	both	none
1473.374	1	Stimulus/S  1	1	14733740	14733748	102	0	20	pips_40_500-8000.hdf5	both	none
1474.4407	1	Stimulus/S  1	1	14744407	14744415	102	1	40	pips_40_500-8000.hdf5	both	none
1475.486	1	Stimulus/S  1	1	14754860	14754868	102	2	60	pips_40_500-8000.hdf5	both	none
1476.5527	1	Stimulus/S  1	1	14765527	14765535	102	3	70	pips_40_500-8000.hdf5	both	none
1477.598	1	Stimulus/S  1	1	14775980	14775988	102	4	50	pips_40_500-8000.hdf5	both	none
1478.654	1	Stimulus/S  1	1	14786540	14786548	102	5	30	pips_40_500-8000.hdf5	both	none
1479.6994	1	Stimulus/S  1	1	14796994	14797002	103	0	20	pips_40_500-8000.hdf5	both	none
1480.7554	1	Stimulus/S  1	1	14807554	14807562	103	1	40	pips_40_500-8000.hdf5	both	none
1481.8221	1	Stimulus/S  1	1	14818221	14818229	103	2	60	pips_40_500-8000.hdf5	both	none
1482.8674	1	Stimulus/S  1	1	14828674	14828682	103	3	70	pips_40_500-8000.hdf5	both	none
1483.9234	1	Stimulus/S  1	1	14839234	14839242	103	4	50	pips_40_500-8000.hdf5	both	none
1484.9901	1	Stimulus/S  1	1	14849901	14849909	103	5	30	pips_40_500-8000.hdf5	both	none
1486.0354	1	Stimulus/S  1	1	14860354	14860362	104	0	20	pips_40_500-8000.hdf5	both	none
1487.1021	1	Stimulus/S  1	1	14871021	14871029	104	1	40	pips_40_500-8000.hdf5	both	none
1488.1688	1	Stimulus/S  1	1	14881688	14881696	104	2	60	pips_40_500-8000.hdf5	both	none
1489.2248	1	Stimulus/S  1	1	14892248	14892256	104	3	70	pips_40_500-8000.hdf5	both	none
1490.2915	1	Stimulus/S  1	1	14902915	14902923	104	4	50	pips_40_500-8000.hdf5	both	none
1491.3368	1	Stimulus/S  1	1	14913368	14913376	104	5	30	pips_40_500-8000.hdf5	both	none
1492.3822	1	Stimulus/S  1	1	14923822	14923830	105	0	20	pips_40_500-8000.hdf5	both	none
1493.4382	1	Stimulus/S  1	1	14934382	14934390	105	1	40	pips_40_500-8000.hdf5	both	none
1494.4835	1	Stimulus/S  1	1	14944835	14944843	105	2	60	pips_40_500-8000.hdf5	both	none
1495.5395	1	Stimulus/S  1	1	14955395	14955403	105	3	70	pips_40_500-8000.hdf5	both	none
1496.5849	1	Stimulus/S  1	1	14965849	14965857	105	4	50	pips_40_500-8000.hdf5	both	none
1497.6515	1	Stimulus/S  1	1	14976515	14976523	105	5	30	pips_40_500-8000.hdf5	both	none
1498.7076	1	Stimulus/S  1	1	14987076	14987084	106	0	20	pips_40_500-8000.hdf5	both	none
1499.7742	1	Stimulus/S  1	1	14997742	14997750	106	1	40	pips_40_500-8000.hdf5	both	none
1500.8196	1	Stimulus/S  1	1	15008196	15008204	106	2	60	pips_40_500-8000.hdf5	both	none
1501.8649	1	Stimulus/S  1	1	15018649	15018657	106	3	70	pips_40_500-8000.hdf5	both	none
1502.9209	1	Stimulus/S  1	1	15029209	15029217	106	4	50	pips_40_500-8000.hdf5	both	none
1503.9876	1	Stimulus/S  1	1	15039876	15039884	106	5	30	pips_40_500-8000.hdf5	both	none
1505.033	1	Stimulus/S  1	1	15050330	15050338	107	0	20	pips_40_500-8000.hdf5	both	none
1506.089	1	Stimulus/S  1	1	15060890	15060898	107	1	40	pips_40_500-8000.hdf5	both	none
1507.1343	1	Stimulus/S  1	1	15071343	15071351	107	2	60	pips_40_500-8000.hdf5	both	none
1508.201	1	Stimulus/S  1	1	15082010	15082018	107	3	70	pips_40_500-8000.hdf5	both	none
1509.257	1	Stimulus/S  1	1	15092570	15092578	107	4	50	pips_40_500-8000.hdf5	both	none
1510.3023	1	Stimulus/S  1	1	15103023	15103031	107	5	30	pips_40_500-8000.hdf5	both	none
1511.3583	1	Stimulus/S  1	1	15113583	15113591	108	0	20	pips_40_500-8000.hdf5	both	none
1512.425	1	Stimulus/S  1	1	15124250	15124258	108	1	40	pips_40_500-8000.hdf5	both	none
1513.4704	1	Stimulus/S  1	1	15134704	15134712	108	2	60	pips_40_500-8000.hdf5	both	none
1514.537	1	Stimulus/S  1	1	15145370	15145378	108	3	70	pips_40_500-8000.hdf5	both	none
1515.5824	1	Stimulus/S  1	1	15155824	15155832	108	4	50	pips_40_500-8000.hdf5	both	none
1516.6491	1	Stimulus/S  1	1	15166491	15166499	108	5	30	pips_40_500-8000.hdf5	both	none
1517.7051	1	Stimulus/S  1	1	15177051	15177059	109	0	20	pips_40_500-8000.hdf5	both	none
1518.7718	1	Stimulus/S  1	1	15187718	15187726	109	1	40	pips_40_500-8000.hdf5	both	none
1519.8171	1	Stimulus/S  1	1	15198171	15198179	109	2	60	pips_40_500-8000.hdf5	both	none
1520.8731	1	Stimulus/S  1	1	15208731	15208739	109	3	70	pips_40_500-8000.hdf5	both	none
1521.9185	1	Stimulus/S  1	1	15219185	15219193	109	4	50	pips_40_500-8000.hdf5	both	none
1522.9745	1	Stimulus/S  1	1	15229745	15229753	109	5	30	pips_40_500-8000.hdf5	both	none
1524.0198	1	Stimulus/S  1	1	15240198	15240206	110	0	20	pips_40_500-8000.hdf5	both	none
1525.0651	1	Stimulus/S  1	1	15250651	15250659	110	1	40	pips_40_500-8000.hdf5	both	none
1526.1212	1	Stimulus/S  1	1	15261212	15261220	110	2	60	pips_40_500-8000.hdf5	both	none
1527.1878	1	Stimulus/S  1	1	15271878	15271886	110	3	70	pips_40_500-8000.hdf5	both	none
1528.2332	1	Stimulus/S  1	1	15282332	15282340	110	4	50	pips_40_500-8000.hdf5	both	none
1529.2999	1	Stimulus/S  1	1	15292999	15293007	110	5	30	pips_40_500-8000.hdf5	both	none
1530.3559	1	Stimulus/S  1	1	15303559	15303567	111	0	20	pips_40_500-8000.hdf5	both	none
1531.4012	1	Stimulus/S  1	1	15314012	15314020	111	1	40	pips_40_500-8000.hdf5	both	none
1532.4679	1	Stimulus/S  1	1	15324679	15324687	111	2	60	pips_40_500-8000.hdf5	both	none
1533.5239	1	Stimulus/S  1	1	15335239	15335247	111	3	70	pips_40_500-8000.hdf5	both	none
1534.5692	1	Stimulus/S  1	1	15345692	15345700	111	4	50	pips_40_500-8000.hdf5	both	none
1535.6359	1	Stimulus/S  1	1	15356359	15356367	111	5	30	pips_40_500-8000.hdf5	both	none
1536.6919	1	Stimulus/S  1	1	15366919	15366927	112	0	20	pips_40_500-8000.hdf5	both	none
1537.7373	1	Stimulus/S  1	1	15377373	15377381	112	1	40	pips_40_500-8000.hdf5	both	none
1538.7826	1	Stimulus/S  1	1	15387826	15387834	112	2	60	pips_40_500-8000.hdf5	both	none
1539.86	1	Stimulus/S  1	1	15398600	15398608	112	3	70	pips_40_500-8000.hdf5	both	none
1540.9053	1	Stimulus/S  1	1	15409053	15409061	112	4	50	pips_40_500-8000.hdf5	both	none
1541.9506	1	Stimulus/S  1	1	15419506	15419514	112	5	30	pips_40_500-8000.hdf5	both	none
1543.0173	1	Stimulus/S  1	1	15430173	15430181	113	0	20	pips_40_500-8000.hdf5	both	none
1544.0733	1	Stimulus/S  1	1	15440733	15440741	113	1	40	pips_40_500-8000.hdf5	both	none
1545.1187	1	Stimulus/S  1	1	15451187	15451195	113	2	60	pips_40_500-8000.hdf5	both	none
1546.1854	1	Stimulus/S  1	1	15461854	15461862	113	3	70	pips_40_500-8000.hdf5	both	none
1547.2414	1	Stimulus/S  1	1	15472414	15472422	113	4	50	pips_40_500-8000.hdf5	both	none
1548.2867	1	Stimulus/S  1	1	15482867	15482875	113	5	30	pips_40_500-8000.hdf5	both	none
1549.3534	1	Stimulus/S  1	1	15493534	15493542	114	0	20	pips_40_500-8000.hdf5	both	none
1550.4094	1	Stimulus/S  1	1	15504094	15504102	114	1	40	pips_40_500-8000.hdf5	both	none
1551.4547	1	Stimulus/S  1	1	15514547	15514555	114	2	60	pips_40_500-8000.hdf5	both	none
1552.5214	1	Stimulus/S  1	1	15525214	15525222	114	3	70	pips_40_500-8000.hdf5	both	none
1553.5668	1	Stimulus/S  1	1	15535668	15535676	114	4	50	pips_40_500-8000.hdf5	both	none
1554.6228	1	Stimulus/S  1	1	15546228	15546236	114	5	30	pips_40_500-8000.hdf5	both	none
1555.6894	1	Stimulus/S  1	1	15556894	15556902	115	0	20	pips_40_500-8000.hdf5	both	none
1556.7348	1	Stimulus/S  1	1	15567348	15567356	115	1	40	pips_40_500-8000.hdf5	both	none
1557.7908	1	Stimulus/S  1	1	15577908	15577916	115	2	60	pips_40_500-8000.hdf5	both	none
1558.8575	1	Stimulus/S  1	1	15588575	15588583	115	3	70	pips_40_500-8000.hdf5	both	none
1559.9242	1	Stimulus/S  1	1	15599242	15599250	115	4	50	pips_40_500-8000.hdf5	both	none
1560.9695	1	Stimulus/S  1	1	15609695	15609703	115	5	30	pips_40_500-8000.hdf5	both	none
1562.0255	1	Stimulus/S  1	1	15620255	15620263	116	0	20	pips_40_500-8000.hdf5	both	none
1563.0922	1	Stimulus/S  1	1	15630922	15630930	116	1	40	pips_40_500-8000.hdf5	both	none
1564.1375	1	Stimulus/S  1	1	15641375	15641383	116	2	60	pips_40_500-8000.hdf5	both	none
1565.1935	1	Stimulus/S  1	1	15651935	15651943	116	3	70	pips_40_500-8000.hdf5	both	none
1566.2495	1	Stimulus/S  1	1	15662495	15662503	116	4	50	pips_40_500-8000.hdf5	both	none
1567.3056	1	Stimulus/S  1	1	15673056	15673064	116	5	30	pips_40_500-8000.hdf5	both	none
1568.3722	1	Stimulus/S  1	1	15683722	15683730	117	0	20	pips_40_500-8000.hdf5	both	none
1569.4389	1	Stimulus/S  1	1	15694389	15694397	117	1	40	pips_40_500-8000.hdf5	both	none
1570.4843	1	Stimulus/S  1	1	15704843	15704851	117	2	60	pips_40_500-8000.hdf5	both	none
1571.5509	1	Stimulus/S  1	1	15715509	15715517	117	3	70	pips_40_500-8000.hdf5	both	none
1572.6069	1	Stimulus/S  1	1	15726069	15726077	117	4	50	pips_40_500-8000.hdf5	both	none
1573.6523	1	Stimulus/S  1	1	15736523	15736531	117	5	30	pips_40_500-8000.hdf5	both	none
1574.719	1	Stimulus/S  1	1	15747190	15747198	118	0	20	pips_40_500-8000.hdf5	both	none
1575.775	1	Stimulus/S  1	1	15757750	15757758	118	1	40	pips_40_500-8000.hdf5	both	none
1576.8203	1	Stimulus/S  1	1	15768203	15768211	118	2	60	pips_40_500-8000.hdf5	both	none
1577.887	1	Stimulus/S  1	1	15778870	15778878	118	3	70	pips_40_500-8000.hdf5	both	none
1578.9323	1	Stimulus/S  1	1	15789323	15789331	118	4	50	pips_40_500-8000.hdf5	both	none
1579.9883	1	Stimulus/S  1	1	15799883	15799891	118	5	30	pips_40_500-8000.hdf5	both	none
1581.055	1	Stimulus/S  1	1	15810550	15810558	119	0	20	pips_40_500-8000.hdf5	both	none
1582.1217	1	Stimulus/S  1	1	15821217	15821225	119	1	40	pips_40_500-8000.hdf5	both	none
1583.167	1	Stimulus/S  1	1	15831670	15831678	119	2	60	pips_40_500-8000.hdf5	both	none
1584.2231	1	Stimulus/S  1	1	15842231	15842239	119	3	70	pips_40_500-8000.hdf5	both	none
1585.2684	1	Stimulus/S  1	1	15852684	15852692	119	4	50	pips_40_500-8000.hdf5	both	none
1586.3244	1	Stimulus/S  1	1	15863244	15863252	119	5	30	pips_40_500-8000.hdf5	both	none
1587.3698	1	Stimulus/S  1	1	15873698	15873706	0	0	20	pips_40_500-8000.hdf5	both	none
1588.4258	1	Stimulus/S  1	1	15884258	15884266	0	1	40	pips_40_500-8000.hdf5	both	none
1589.4924	1	Stimulus/S  1	1	15894924	15894932	0	2	60	pips_40_500-8000.hdf5	both	none
1590.5378	1	Stimulus/S  1	1	15905378	15905386	0	3	70	pips_40_500-8000.hdf5	both	none
1591.5831	1	Stimulus/S  1	1	15915831	15915839	0	4	50	pips_40_500-8000.hdf5	both	none
1592.6605	1	Stimulus/S  1	1	15926605	15926613	0	5	30	pips_40_500-8000.hdf5	both	none
1593.7058	1	Stimulus/S  1	1	15937058	15937066	1	0	20	pips_40_500-8000.hdf5	both	none
1594.7725	1	Stimulus/S  1	1	15947725	15947733	1	1	40	pips_40_500-8000.hdf5	both	none
1595.8178	1	Stimulus/S  1	1	15958178	15958186	1	2	60	pips_40_500-8000.hdf5	both	none
1596.8845	1	Stimulus/S  1	1	15968845	15968853	1	3	70	pips_40_500-8000.hdf5	both	none
1597.9405	1	Stimulus/S  1	1	15979405	15979413	1	4	50	pips_40_500-8000.hdf5	both	none
1598.9859	1	Stimulus/S  1	1	15989859	15989867	1	5	30	pips_40_500-8000.hdf5	both	none
1600.0419	1	Stimulus/S  1	1	16000419	16000427	2	0	20	pips_40_500-8000.hdf5	both	none
1601.0872	1	Stimulus/S  1	1	16010872	16010880	2	1	40	pips_40_500-8000.hdf5	both	none
1602.1432	1	Stimulus/S  1	1	16021432	16021440	2	2	60	pips_40_500-8000.hdf5	both	none
1603.2099	1	Stimulus/S  1	1	16032099	16032107	2	3	70	pips_40_500-8000.hdf5	both	none
1604.2553	1	Stimulus/S  1	1	16042553	16042561	2	4	50	pips_40_500-8000.hdf5	both	none
1605.3219	1	Stimulus/S  1	1	16053219	16053227	2	5	30	pips_40_500-8000.hdf5	both	none
1606.3673	1	Stimulus/S  1	1	16063673	16063681	3	0	20	pips_40_500-8000.hdf5	both	none
1607.4339	1	Stimulus/S  1	1	16074339	16074347	3	1	40	pips_40_500-8000.hdf5	both	none
1608.49	1	Stimulus/S  1	1	16084900	16084908	3	2	60	pips_40_500-8000.hdf5	both	none
1609.5353	1	Stimulus/S  1	1	16095353	16095361	3	3	70	pips_40_500-8000.hdf5	both	none
1610.602	1	Stimulus/S  1	1	16106020	16106028	3	4	50	pips_40_500-8000.hdf5	both	none
1611.658	1	Stimulus/S  1	1	16116580	16116588	3	5	30	pips_40_500-8000.hdf5	both	none
1612.7247	1	Stimulus/S  1	1	16127247	16127255	4	0	20	pips_40_500-8000.hdf5	both	none
1613.77	1	Stimulus/S  1	1	16137700	16137708	4	1	40	pips_40_500-8000.hdf5	both	none
1614.826	1	Stimulus/S  1	1	16148260	16148268	4	2	60	pips_40_500-8000.hdf5	both	none
1615.8714	1	Stimulus/S  1	1	16158714	16158722	4	3	70	pips_40_500-8000.hdf5	both	none
1616.938	1	Stimulus/S  1	1	16169380	16169388	4	4	50	pips_40_500-8000.hdf5	both	none
1618.0047	1	Stimulus/S  1	1	16180047	16180055	4	5	30	pips_40_500-8000.hdf5	both	none
1619.0607	1	Stimulus/S  1	1	16190607	16190615	5	0	20	pips_40_500-8000.hdf5	both	none
1620.1274	1	Stimulus/S  1	1	16201274	16201282	5	1	40	pips_40_500-8000.hdf5	both	none
1621.1727	1	Stimulus/S  1	1	16211727	16211735	5	2	60	pips_40_500-8000.hdf5	both	none
1622.2181	1	Stimulus/S  1	1	16222181	16222189	5	3	70	pips_40_500-8000.hdf5	both	none
1623.2741	1	Stimulus/S  1	1	16232741	16232749	5	4	50	pips_40_500-8000.hdf5	both	none
1624.3408	1	Stimulus/S  1	1	16243408	16243416	5	5	30	pips_40_500-8000.hdf5	both	none
1625.4075	1	Stimulus/S  1	1	16254075	16254083	6	0	20	pips_40_500-8000.hdf5	both	none
1626.4528	1	Stimulus/S  1	1	16264528	16264536	6	1	40	pips_40_500-8000.hdf5	both	none
1627.5088	1	Stimulus/S  1	1	16275088	16275096	6	2	60	pips_40_500-8000.hdf5	both	none
1628.5755	1	Stimulus/S  1	1	16285755	16285763	6	3	70	pips_40_500-8000.hdf5	both	none
1629.6422	1	Stimulus/S  1	1	16296422	16296430	6	4	50	pips_40_500-8000.hdf5	both	none
1630.6875	1	Stimulus/S  1	1	16306875	16306883	6	5	30	pips_40_500-8000.hdf5	both	none
1631.7542	1	Stimulus/S  1	1	16317542	16317550	7	0	20	pips_40_500-8000.hdf5	both	none
1632.8102	1	Stimulus/S  1	1	16328102	16328110	7	1	40	pips_40_500-8000.hdf5	both	none
1633.8555	1	Stimulus/S  1	1	16338555	16338563	7	2	60	pips_40_500-8000.hdf5	both	none
1634.9222	1	Stimulus/S  1	1	16349222	16349230	7	3	70	pips_40_500-8000.hdf5	both	none
1635.9782	1	Stimulus/S  1	1	16359782	16359790	7	4	50	pips_40_500-8000.hdf5	both	none
1637.0236	1	Stimulus/S  1	1	16370236	16370244	7	5	30	pips_40_500-8000.hdf5	both	none
1638.0902	1	Stimulus/S  1	1	16380902	16380910	8	0	20	pips_40_500-8000.hdf5	both	none
1639.1356	1	Stimulus/S  1	1	16391356	16391364	8	1	40	pips_40_500-8000.hdf5	both	none
1640.2023	1	Stimulus/S  1	1	16402023	16402031	8	2	60	pips_40_500-8000.hdf5	both	none
1641.2689	1	Stimulus/S  1	1	16412689	16412697	8	3	70	pips_40_500-8000.hdf5	both	none
1642.325	1	Stimulus/S  1	1	16423250	16423258	8	4	50	pips_40_500-8000.hdf5	both	none
1643.3916	1	Stimulus/S  1	1	16433916	16433924	8	5	30	pips_40_500-8000.hdf5	both	none
1644.437	1	Stimulus/S  1	1	16444370	16444378	9	0	20	pips_40_500-8000.hdf5	both	none
1645.5037	1	Stimulus/S  1	1	16455037	16455045	9	1	40	pips_40_500-8000.hdf5	both	none
1646.5597	1	Stimulus/S  1	1	16465597	16465605	9	2	60	pips_40_500-8000.hdf5	both	none
1647.6263	1	Stimulus/S  1	1	16476263	16476271	9	3	70	pips_40_500-8000.hdf5	both	none
1648.693	1	Stimulus/S  1	1	16486930	16486938	9	4	50	pips_40_500-8000.hdf5	both	none
1649.7384	1	Stimulus/S  1	1	16497384	16497392	9	5	30	pips_40_500-8000.hdf5	both	none
1650.7944	1	Stimulus/S  1	1	16507944	16507952	10	0	20	pips_40_500-8000.hdf5	both	none
1651.861	1	Stimulus/S  1	1	16518610	16518618	10	1	40	pips_40_500-8000.hdf5	both	none
1652.9064	1	Stimulus/S  1	1	16529064	16529072	10	2	60	pips_40_500-8000.hdf5	both	none
1653.9731	1	Stimulus/S  1	1	16539731	16539739	10	3	70	pips_40_500-8000.hdf5	both	none
1655.0397	1	Stimulus/S  1	1	16550397	16550405	10	4	50	pips_40_500-8000.hdf5	both	none
1656.1064	1	Stimulus/S  1	1	16561064	16561072	10	5	30	pips_40_500-8000.hdf5	both	none
1657.1518	1	Stimulus/S  1	1	16571518	16571526	11	0	20	pips_40_500-8000.hdf5	both	none
1658.2184	1	Stimulus/S  1	1	16582184	16582192	11	1	40	pips_40_500-8000.hdf5	both	none
1659.2851	1	Stimulus/S  1	1	16592851	16592859	11	2	60	pips_40_500-8000.hdf5	both	none
1660.3411	1	Stimulus/S  1	1	16603411	16603419	11	3	70	pips_40_500-8000.hdf5	both	none
1661.3865	1	Stimulus/S  1	1	16613865	16613873	11	4	50	pips_40_500-8000.hdf5	both	none
1662.4531	1	Stimulus/S  1	1	16624531	16624539	11	5	30	pips_40_500-8000.hdf5	both	none
1663.5092	1	Stimulus/S  1	1	16635092	16635100	12	0	20	pips_40_500-8000.hdf5	both	none
1664.5545	1	Stimulus/S  1	1	16645545	16645553	12	1	40	pips_40_500-8000.hdf5	both	none
1665.6105	1	Stimulus/S  1	1	16656105	16656113	12	2	60	pips_40_500-8000.hdf5	both	none
1666.6559	1	Stimulus/S  1	1	16666559	16666567	12	3	70	pips_40_500-8000.hdf5	both	none
1667.7225	1	Stimulus/S  1	1	16677225	16677233	12	4	50	pips_40_500-8000.hdf5	both	none
1668.7679	1	Stimulus/S  1	1	16687679	16687687	12	5	30	pips_40_500-8000.hdf5	both	none
1669.8239	1	Stimulus/S  1	1	16698239	16698247	13	0	20	pips_40_500-8000.hdf5	both	none
1670.8906	1	Stimulus/S  1	1	16708906	16708914	13	1	40	pips_40_500-8000.hdf5	both	none
1671.9359	1	Stimulus/S  1	1	16719359	16719367	13	2	60	pips_40_500-8000.hdf5	both	none
1672.9919	1	Stimulus/S  1	1	16729919	16729927	13	3	70	pips_40_500-8000.hdf5	both	none
1674.0373	1	Stimulus/S  1	1	16740373	16740381	13	4	50	pips_40_500-8000.hdf5	both	none
1675.0933	1	Stimulus/S  1	1	16750933	16750941	13	5	30	pips_40_500-8000.hdf5	both	none
1676.1599	1	Stimulus/S  1	1	16761599	16761607	14	0	20	pips_40_500-8000.hdf5	both	none
1677.2053	1	Stimulus/S  1	1	16772053	16772061	14	1	40	pips_40_500-8000.hdf5	both	none
1678.2613	1	Stimulus/S  1	1	16782613	16782621	14	2	60	pips_40_500-8000.hdf5	both	none
1679.328	1	Stimulus/S  1	1	16793280	16793288	14	3	70	pips_40_500-8000.hdf5	both	none
1680.3733	1	Stimulus/S  1	1	16803733	16803741	14	4	50	pips_40_500-8000.hdf5	both	none
1681.4187	1	Stimulus/S  1	1	16814187	16814195	14	5	30	pips_40_500-8000.hdf5	both	none
1682.4747	1	Stimulus/S  1	1	16824747	16824755	15	0	20	pips_40_500-8000.hdf5	both	none
1683.52	1	Stimulus/S  1	1	16835200	16835208	15	1	40	pips_40_500-8000.hdf5	both	none
1684.5867	1	Stimulus/S  1	1	16845867	16845875	15	2	60	pips_40_500-8000.hdf5	both	none
1685.6427	1	Stimulus/S  1	1	16856427	16856435	15	3	70	pips_40_500-8000.hdf5	both	none
1686.7094	1	Stimulus/S  1	1	16867094	16867102	15	4	50	pips_40_500-8000.hdf5	both	none
1687.7761	1	Stimulus/S  1	1	16877761	16877769	15	5	30	pips_40_500-8000.hdf5	both	none
1688.8214	1	Stimulus/S  1	1	16888214	16888222	16	0	20	pips_40_500-8000.hdf5	both	none
1689.8881	1	Stimulus/S  1	1	16898881	16898889	16	1	40	pips_40_500-8000.hdf5	both	none
1690.9441	1	Stimulus/S  1	1	16909441	16909449	16	2	60	pips_40_500-8000.hdf5	both	none
1691.9894	1	Stimulus/S  1	1	16919894	16919902	16	3	70	pips_40_500-8000.hdf5	both	none
1693.0561	1	Stimulus/S  1	1	16930561	16930569	16	4	50	pips_40_500-8000.hdf5	both	none
1694.1015	1	Stimulus/S  1	1	16941015	16941023	16	5	30	pips_40_500-8000.hdf5	both	none
1695.1575	1	Stimulus/S  1	1	16951575	16951583	17	0	20	pips_40_500-8000.hdf5	both	none
1696.2241	1	Stimulus/S  1	1	16962241	16962249	17	1	40	pips_40_500-8000.hdf5	both	none
1697.2908	1	Stimulus/S  1	1	16972908	16972916	17	2	60	pips_40_500-8000.hdf5	both	none
1698.3362	1	Stimulus/S  1	1	16983362	16983370	17	3	70	pips_40_500-8000.hdf5	both	none
1699.4028	1	Stimulus/S  1	1	16994028	16994036	17	4	50	pips_40_500-8000.hdf5	both	none
1700.4695	1	Stimulus/S  1	1	17004695	17004703	17	5	30	pips_40_500-8000.hdf5	both	none
1701.5255	1	Stimulus/S  1	1	17015255	17015263	18	0	20	pips_40_500-8000.hdf5	both	none
1702.5709	1	Stimulus/S  1	1	17025709	17025717	18	1	40	pips_40_500-8000.hdf5	both	none
1703.6375	1	Stimulus/S  1	1	17036375	17036383	18	2	60	pips_40_500-8000.hdf5	both	none
1704.7042	1	Stimulus/S  1	1	17047042	17047050	18	3	70	pips_40_500-8000.hdf5	both	none
1705.7709	1	Stimulus/S  1	1	17057709	17057717	18	4	50	pips_40_500-8000.hdf5	both	none
1706.8269	1	Stimulus/S  1	1	17068269	17068277	18	5	30	pips_40_500-8000.hdf5	both	none
1707.8936	1	Stimulus/S  1	1	17078936	17078944	19	0	20	pips_40_500-8000.hdf5	both	none
1708.9603	1	Stimulus/S  1	1	17089603	17089611	19	1	40	pips_40_500-8000.hdf5	both	none
1710.0269	1	Stimulus/S  1	1	17100269	17100277	19	2	60	pips_40_500-8000.hdf5	both	none
1711.0936	1	Stimulus/S  1	1	17110936	17110944	19	3	70	pips_40_500-8000.hdf5	both	none
1712.139	1	Stimulus/S  1	1	17121390	17121398	19	4	50	pips_40_500-8000.hdf5	both	none
1713.195	1	Stimulus/S  1	1	17131950	17131958	19	5	30	pips_40_500-8000.hdf5	both	none
1714.2617	1	Stimulus/S  1	1	17142617	17142625	20	0	20	pips_40_500-8000.hdf5	both	none
1715.307	1	Stimulus/S  1	1	17153070	17153078	20	1	40	pips_40_500-8000.hdf5	both	none
1716.3737	1	Stimulus/S  1	1	17163737	17163745	20	2	60	pips_40_500-8000.hdf5	both	none
1717.4403	1	Stimulus/S  1	1	17174403	17174411	20	3	70	pips_40_500-8000.hdf5	both	none
1718.4857	1	Stimulus/S  1	1	17184857	17184865	20	4	50	pips_40_500-8000.hdf5	both	none
1719.5417	1	Stimulus/S  1	1	17195417	17195425	20	5	30	pips_40_500-8000.hdf5	both	none
1720.6084	1	Stimulus/S  1	1	17206084	17206092	21	0	20	pips_40_500-8000.hdf5	both	none
1721.6537	1	Stimulus/S  1	1	17216537	17216545	21	1	40	pips_40_500-8000.hdf5	both	none
1722.7097	1	Stimulus/S  1	1	17227097	17227105	21	2	60	pips_40_500-8000.hdf5	both	none
1723.7764	1	Stimulus/S  1	1	17237764	17237772	21	3	70	pips_40_500-8000.hdf5	both	none
1724.8218	1	Stimulus/S  1	1	17248218	17248226	21	4	50	pips_40_500-8000.hdf5	both	none
1725.8778	1	Stimulus/S  1	1	17258778	17258786	21	5	30	pips_40_500-8000.hdf5	both	none
1726.9231	1	Stimulus/S  1	1	17269231	17269239	22	0	20	pips_40_500-8000.hdf5	both	none
1727.9791	1	Stimulus/S  1	1	17279791	17279799	22	1	40	pips_40_500-8000.hdf5	both	none
1729.0458	1	Stimulus/S  1	1	17290458	17290466	22	2	60	pips_40_500-8000.hdf5	both	none
1730.0911	1	Stimulus/S  1	1	17300911	17300919	22	3	70	pips_40_500-8000.hdf5	both	none
1731.1578	1	Stimulus/S  1	1	17311578	17311586	22	4	50	pips_40_500-8000.hdf5	both	none
1732.2032	1	Stimulus/S  1	1	17322032	17322040	22	5	30	pips_40_500-8000.hdf5	both	none
1733.2592	1	Stimulus/S  1	1	17332592	17332600	23	0	20	pips_40_500-8000.hdf5	both	none
1734.3045	1	Stimulus/S  1	1	17343045	17343053	23	1	40	pips_40_500-8000.hdf5	both	none
1735.3605	1	Stimulus/S  1	1	17353605	17353613	23	2	60	pips_40_500-8000.hdf5	both	none
1736.4272	1	Stimulus/S  1	1	17364272	17364280	23	3	70	pips_40_500-8000.hdf5	both	none
1737.4939	1	Stimulus/S  1	1	17374939	17374947	23	4	50	pips_40_500-8000.hdf5	both	none
1738.5392	1	Stimulus/S  1	1	17385392	17385400	23	5	30	pips_40_500-8000.hdf5	both	none
1739.5952	1	Stimulus/S  1	1	17395952	17395960	24	0	20	pips_40_500-8000.hdf5	both	none
1740.6406	1	Stimulus/S  1	1	17406406	17406414	24	1	40	pips_40_500-8000.hdf5	both	none
1741.6966	1	Stimulus/S  1	1	17416966	17416974	24	2	60	pips_40_500-8000.hdf5	both	none
1742.7633	1	Stimulus/S  1	1	17427633	17427641	24	3	70	pips_40_500-8000.hdf5	both	none
1743.8086	1	Stimulus/S  1	1	17438086	17438094	24	4	50	pips_40_500-8000.hdf5	both	none
1744.8539	1	Stimulus/S  1	1	17448539	17448547	24	5	30	pips_40_500-8000.hdf5	both	none
1745.91	1	Stimulus/S  1	1	17459100	17459108	25	0	20	pips_40_500-8000.hdf5	both	none
1746.9553	1	Stimulus/S  1	1	17469553	17469561	25	1	40	pips_40_500-8000.hdf5	both	none
1748.022	1	Stimulus/S  1	1	17480220	17480228	25	2	60	pips_40_500-8000.hdf5	both	none
1749.0887	1	Stimulus/S  1	1	17490887	17490895	25	3	70	pips_40_500-8000.hdf5	both	none
1750.1553	1	Stimulus/S  1	1	17501553	17501561	25	4	50	pips_40_500-8000.hdf5	both	none
1751.222	1	Stimulus/S  1	1	17512220	17512228	25	5	30	pips_40_500-8000.hdf5	both	none
1752.2887	1	Stimulus/S  1	1	17522887	17522895	26	0	20	pips_40_500-8000.hdf5	both	none
1753.3554	1	Stimulus/S  1	1	17533554	17533562	26	1	40	pips_40_500-8000.hdf5	both	none
1754.4114	1	Stimulus/S  1	1	17544114	17544122	26	2	60	pips_40_500-8000.hdf5	both	none
1755.4567	1	Stimulus/S  1	1	17554567	17554575	26	3	70	pips_40_500-8000.hdf5	both	none
1756.5127	1	Stimulus/S  1	1	17565127	17565135	26	4	50	pips_40_500-8000.hdf5	both	none
1757.5794	1	Stimulus/S  1	1	17575794	17575802	26	5	30	pips_40_500-8000.hdf5	both	none
1758.6247	1	Stimulus/S  1	1	17586247	17586255	27	0	20	pips_40_500-8000.hdf5	both	none
1759.6701	1	Stimulus/S  1	1	17596701	17596709	27	1	40	pips_40_500-8000.hdf5	both	none
1760.7368	1	Stimulus/S  1	1	17607368	17607376	27	2	60	pips_40_500-8000.hdf5	both	none
1761.8034	1	Stimulus/S  1	1	17618034	17618042	27	3	70	pips_40_500-8000.hdf5	both	none
1762.8595	1	Stimulus/S  1	1	17628595	17628603	27	4	50	pips_40_500-8000.hdf5	both	none
1763.9048	1	Stimulus/S  1	1	17639048	17639056	27	5	30	pips_40_500-8000.hdf5	both	none
1764.9608	1	Stimulus/S  1	1	17649608	17649616	28	0	20	pips_40_500-8000.hdf5	both	none
1766.0275	1	Stimulus/S  1	1	17660275	17660283	28	1	40	pips_40_500-8000.hdf5	both	none
1767.0728	1	Stimulus/S  1	1	17670728	17670736	28	2	60	pips_40_500-8000.hdf5	both	none
1768.1288	1	Stimulus/S  1	1	17681288	17681296	28	3	70	pips_40_500-8000.hdf5	both	none
1769.1955	1	Stimulus/S  1	1	17691955	17691963	28	4	50	pips_40_500-8000.hdf5	both	none
1770.2409	1	Stimulus/S  1	1	17702409	17702417	28	5	30	pips_40_500-8000.hdf5	both	none
1771.2969	1	Stimulus/S  1	1	17712969	17712977	29	0	20	pips_40_500-8000.hdf5	both	none
1772.3422	1	Stimulus/S  1	1	17723422	17723430	29	1	40	pips_40_500-8000.hdf5	both	none
1773.4089	1	Stimulus/S  1	1	17734089	17734097	29	2	60	pips_40_500-8000.hdf5	both	none
1774.4756	1	Stimulus/S  1	1	17744756	17744764	29	3	70	pips_40_500-8000.hdf5	both	none
1775.5422	1	Stimulus/S  1	1	17755422	17755430	29	4	50	pips_40_500-8000.hdf5	both	none
1776.5876	1	Stimulus/S  1	1	17765876	17765884	29	5	30	pips_40_500-8000.hdf5	both	none
1777.6436	1	Stimulus/S  1	1	17776436	17776444	30	0	20	pips_40_500-8000.hdf5	both	none
1778.7103	1	Stimulus/S  1	1	17787103	17787111	30	1	40	pips_40_500-8000.hdf5	both	none
1779.7556	1	Stimulus/S  1	1	17797556	17797564	30	2	60	pips_40_500-8000.hdf5	both	none
1780.8223	1	Stimulus/S  1	1	17808223	17808231	30	3	70	pips_40_500-8000.hdf5	both	none
1781.889	1	Stimulus/S  1	1	17818890	17818898	30	4	50	pips_40_500-8000.hdf5	both	none
1782.9557	1	Stimulus/S  1	1	17829557	17829565	30	5	30	pips_40_500-8000.hdf5	both	none
1784.0223	1	Stimulus/S  1	1	17840223	17840231	31	0	20	pips_40_500-8000.hdf5	both	none
1785.089	1	Stimulus/S  1	1	17850890	17850898	31	1	40	pips_40_500-8000.hdf5	both	none
1786.145	1	Stimulus/S  1	1	17861450	17861458	31	2	60	pips_40_500-8000.hdf5	both	none
1787.1904	1	Stimulus/S  1	1	17871904	17871912	31	3	70	pips_40_500-8000.hdf5	both	none
1788.2464	1	Stimulus/S  1	1	17882464	17882472	31	4	50	pips_40_500-8000.hdf5	both	none
1789.313	1	Stimulus/S  1	1	17893130	17893138	31	5	30	pips_40_500-8000.hdf5	both	none
1790.3584	1	Stimulus/S  1	1	17903584	17903592	32	0	20	pips_40_500-8000.hdf5	both	none
1791.4037	1	Stimulus/S  1	1	17914037	17914045	32	1	40	pips_40_500-8000.hdf5	both	none
1792.4704	1	Stimulus/S  1	1	17924704	17924712	32	2	60	pips_40_500-8000.hdf5	both	none
1793.5264	1	Stimulus/S  1	1	17935264	17935272	32	3	70	pips_40_500-8000.hdf5	both	none
1794.5718	1	Stimulus/S  1	1	17945718	17945726	32	4	50	pips_40_500-8000.hdf5	both	none
1795.6384	1	Stimulus/S  1	1	17956384	17956392	32	5	30	pips_40_500-8000.hdf5	both	none
1796.6945	1	Stimulus/S  1	1	17966945	17966953	33	0	20	pips_40_500-8000.hdf5	both	none
1797.7398	1	Stimulus/S  1	1	17977398	17977406	33	1	40	pips_40_500-8000.hdf5	both	none
1798.7958	1	Stimulus/S  1	1	17987958	17987966	33	2	60	pips_40_500-8000.hdf5	both	none
1799.8411	1	Stimulus/S  1	1	17998411	17998419	33	3	70	pips_40_500-8000.hdf5	both	none
1800.9078	1	Stimulus/S  1	1	18009078	18009086	33	4	50	pips_40_500-8000.hdf5	both	none
1801.9638	1	Stimulus/S  1	1	18019638	18019646	33	5	30	pips_40_500-8000.hdf5	both	none
1803.0092	1	Stimulus/S  1	1	18030092	18030100	34	0	20	pips_40_500-8000.hdf5	both	none
1804.0759	1	Stimulus/S  1	1	18040759	18040767	34	1	40	pips_40_500-8000.hdf5	both	none
1805.1212	1	Stimulus/S  1	1	18051212	18051220	34	2	60	pips_40_500-8000.hdf5	both	none
1806.1772	1	Stimulus/S  1	1	18061772	18061780	34	3	70	pips_40_500-8000.hdf5	both	none
1807.2439	1	Stimulus/S  1	1	18072439	18072447	34	4	50	pips_40_500-8000.hdf5	both	none
1808.2892	1	Stimulus/S  1	1	18082892	18082900	34	5	30	pips_40_500-8000.hdf5	both	none
1809.3452	1	Stimulus/S  1	1	18093452	18093460	35	0	20	pips_40_500-8000.hdf5	both	none
1810.4119	1	Stimulus/S  1	1	18104119	18104127	35	1	40	pips_40_500-8000.hdf5	both	none
1811.4786	1	Stimulus/S  1	1	18114786	18114794	35	2	60	pips_40_500-8000.hdf5	both	none
1812.5239	1	Stimulus/S  1	1	18125239	18125247	35	3	70	pips_40_500-8000.hdf5	both	none
1813.5799	1	Stimulus/S  1	1	18135799	18135807	35	4	50	pips_40_500-8000.hdf5	both	none
1814.6253	1	Stimulus/S  1	1	18146253	18146261	35	5	30	pips_40_500-8000.hdf5	both	none
1815.692	1	Stimulus/S  1	1	18156920	18156928	36	0	20	pips_40_500-8000.hdf5	both	none
1816.7586	1	Stimulus/S  1	1	18167586	18167594	36	1	40	pips_40_500-8000.hdf5	both	none
1817.8147	1	Stimulus/S  1	1	18178147	18178155	36	2	60	pips_40_500-8000.hdf5	both	none
1818.86	1	Stimulus/S  1	1	18188600	18188608	36	3	70	pips_40_500-8000.hdf5	both	none
1819.9053	1	Stimulus/S  1	1	18199053	18199061	36	4	50	pips_40_500-8000.hdf5	both	none
1820.9614	1	Stimulus/S  1	1	18209614	18209622	36	5	30	pips_40_500-8000.hdf5	both	none
1822.0067	1	Stimulus/S  1	1	18220067	18220075	37	0	20	pips_40_500-8000.hdf5	both	none
1823.0627	1	Stimulus/S  1	1	18230627	18230635	37	1	40	pips_40_500-8000.hdf5	both	none
1824.1081	1	Stimulus/S  1	1	18241081	18241089	37	2	60	pips_40_500-8000.hdf5	both	none
1825.1641	1	Stimulus/S  1	1	18251641	18251649	37	3	70	pips_40_500-8000.hdf5	both	none
1826.2094	1	Stimulus/S  1	1	18262094	18262102	37	4	50	pips_40_500-8000.hdf5	both	none
1827.2547	1	Stimulus/S  1	1	18272547	18272555	37	5	30	pips_40_500-8000.hdf5	both	none
1828.3214	1	Stimulus/S  1	1	18283214	18283222	38	0	20	pips_40_500-8000.hdf5	both	none
1829.3881	1	Stimulus/S  1	1	18293881	18293889	38	1	40	pips_40_500-8000.hdf5	both	none
1830.4548	1	Stimulus/S  1	1	18304548	18304556	38	2	60	pips_40_500-8000.hdf5	both	none
1831.5108	1	Stimulus/S  1	1	18315108	18315116	38	3	70	pips_40_500-8000.hdf5	both	none
1832.5561	1	Stimulus/S  1	1	18325561	18325569	38	4	50	pips_40_500-8000.hdf5	both	none
1833.6121	1	Stimulus/S  1	1	18336121	18336129	38	5	30	pips_40_500-8000.hdf5	both	none
1834.6788	1	Stimulus/S  1	1	18346788	18346796	39	0	20	pips_40_500-8000.hdf5	both	none
1835.7455	1	Stimulus/S  1	1	18357455	18357463	39	1	40	pips_40_500-8000.hdf5	both	none
1836.8122	1	Stimulus/S  1	1	18368122	18368130	39	2	60	pips_40_500-8000.hdf5	both	none
1837.8789	1	Stimulus/S  1	1	18378789	18378797	39	3	70	pips_40_500-8000.hdf5	both	none
1838.9455	1	Stimulus/S  1	1	18389455	18389463	39	4	50	pips_40_500-8000.hdf5	both	none
1840.0122	1	Stimulus/S  1	1	18400122	18400130	39	5	30	pips_40_500-8000.hdf5	both	none
1841.0789	1	Stimulus/S  1	1	18410789	18410797	40	0	20	pips_40_500-8000.hdf5	both	none
1842.1456	1	Stimulus/S  1	1	18421456	18421464	40	1	40	pips_40_500-8000.hdf5	both	none
1843.2122	1	Stimulus/S  1	1	18432122	18432130	40	2	60	pips_40_500-8000.hdf5	both	none
1844.2789	1	Stimulus/S  1	1	18442789	18442797	40	3	70	pips_40_500-8000.hdf5	both	none
1845.3456	1	Stimulus/S  1	1	18453456	18453464	40	4	50	pips_40_500-8000.hdf5	both	none
1846.4123	1	Stimulus/S  1	1	18464123	18464131	40	5	30	pips_40_500-8000.hdf5	both	none
1847.4576	1	Stimulus/S  1	1	18474576	18474584	41	0	20	pips_40_500-8000.hdf5	both	none
1848.5243	1	Stimulus/S  1	1	18485243	18485251	41	1	40	pips_40_500-8000.hdf5	both	none
1849.591	1	Stimulus/S  1	1	18495910	18495918	41	2	60	pips_40_500-8000.hdf5	both	none
1850.647	1	Stimulus/S  1	1	18506470	18506478	41	3	70	pips_40_500-8000.hdf5	both	none
1851.6923	1	Stimulus/S  1	1	18516923	18516931	41	4	50	pips_40_500-8000.hdf5	both	none
1852.7377	1	Stimulus/S  1	1	18527377	18527385	41	5	30	pips_40_500-8000.hdf5	both	none
1853.7937	1	Stimulus/S  1	1	18537937	18537945	42	0	20	pips_40_500-8000.hdf5	both	none
1854.839	1	Stimulus/S  1	1	18548390	18548398	42	1	40	pips_40_500-8000.hdf5	both	none
1855.895	1	Stimulus/S  1	1	18558950	18558958	42	2	60	pips_40_500-8000.hdf5	both	none
1856.9617	1	Stimulus/S  1	1	18569617	18569625	42	3	70	pips_40_500-8000.hdf5	both	none
1858.0284	1	Stimulus/S  1	1	18580284	18580292	42	4	50	pips_40_500-8000.hdf5	both	none
1859.0951	1	Stimulus/S  1	1	18590951	18590959	42	5	30	pips_40_500-8000.hdf5	both	none
1860.1404	1	Stimulus/S  1	1	18601404	18601412	43	0	20	pips_40_500-8000.hdf5	both	none
1861.1964	1	Stimulus/S  1	1	18611964	18611972	43	1	40	pips_40_500-8000.hdf5	both	none
1862.2418	1	Stimulus/S  1	1	18622418	18622426	43	2	60	pips_40_500-8000.hdf5	both	none
1863.2978	1	Stimulus/S  1	1	18632978	18632986	43	3	70	pips_40_500-8000.hdf5	both	none
1864.3644	1	Stimulus/S  1	1	18643644	18643652	43	4	50	pips_40_500-8000.hdf5	both	none
1865.4311	1	Stimulus/S  1	1	18654311	18654319	43	5	30	pips_40_500-8000.hdf5	both	none
1866.4978	1	Stimulus/S  1	1	18664978	18664986	44	0	20	pips_40_500-8000.hdf5	both	none
1867.5431	1	Stimulus/S  1	1	18675431	18675439	44	1	40	pips_40_500-8000.hdf5	both	none
1868.5885	1	Stimulus/S  1	1	18685885	18685893	44	2	60	pips_40_500-8000.hdf5	both	none
1869.6445	1	Stimulus/S  1	1	18696445	18696453	44	3	70	pips_40_500-8000.hdf5	both	none
1870.7112	1	Stimulus/S  1	1	18707112	18707120	44	4	50	pips_40_500-8000.hdf5	both	none
1871.7565	1	Stimulus/S  1	1	18717565	18717573	44	5	30	pips_40_500-8000.hdf5	both	none
1872.8232	1	Stimulus/S  1	1	18728232	18728240	45	0	20	pips_40_500-8000.hdf5	both	none
1873.8899	1	Stimulus/S  1	1	18738899	18738907	45	1	40	pips_40_500-8000.hdf5	both	none
1874.9459	1	Stimulus/S  1	1	18749459	18749467	45	2	60	pips_40_500-8000.hdf5	both	none
1876.0126	1	Stimulus/S  1	1	18760126	18760134	45	3	70	pips_40_500-8000.hdf5	both	none
1877.0579	1	Stimulus/S  1	1	18770579	18770587	45	4	50	pips_40_500-8000.hdf5	both	none
1878.1246	1	Stimulus/S  1	1	18781246	18781254	45	5	30	pips_40_500-8000.hdf5	both	none
1879.1913	1	Stimulus/S  1	1	18791913	18791921	46	0	20	pips_40_500-8000.hdf5	both	none
1880.2473	1	Stimulus/S  1	1	18802473	18802481	46	1	40	pips_40_500-8000.hdf5	both	none
1881.2926	1	Stimulus/S  1	1	18812926	18812934	46	2	60	pips_40_500-8000.hdf5	both	none
1882.3486	1	Stimulus/S  1	1	18823486	18823494	46	3	70	pips_40_500-8000.hdf5	both	none
1883.4046	1	Stimulus/S  1	1	18834046	18834054	46	4	50	pips_40_500-8000.hdf5	both	none
1884.4606	1	Stimulus/S  1	1	18844606	18844614	46	5	30	pips_40_500-8000.hdf5	both	none
1885.506	1	Stimulus/S  1	1	18855060	18855068	47	0	20	pips_40_500-8000.hdf5	both	none
1886.562	1	Stimulus/S  1	1	18865620	18865628	47	1	40	pips_40_500-8000.hdf5	both	none
1887.6287	1	Stimulus/S  1	1	18876287	18876295	47	2	60	pips_40_500-8000.hdf5	both	none
1888.6953	1	Stimulus/S  1	1	18886953	18886961	47	3	70	pips_40_500-8000.hdf5	both	none
1889.7407	1	Stimulus/S  1	1	18897407	18897415	47	4	50	pips_40_500-8000.hdf5	both	none
1890.7967	1	Stimulus/S  1	1	18907967	18907975	47	5	30	pips_40_500-8000.hdf5	both	none
1891.842	1	Stimulus/S  1	1	18918420	18918428	48	0	20	pips_40_500-8000.hdf5	both	none
1892.9087	1	Stimulus/S  1	1	18929087	18929095	48	1	40	pips_40_500-8000.hdf5	both	none
1893.9754	1	Stimulus/S  1	1	18939754	18939762	48	2	60	pips_40_500-8000.hdf5	both	none
1895.0421	1	Stimulus/S  1	1	18950421	18950429	48	3	70	pips_40_500-8000.hdf5	both	none
1896.1087	1	Stimulus/S  1	1	18961087	18961095	48	4	50	pips_40_500-8000.hdf5	both	none
1897.1648	1	Stimulus/S  1	1	18971648	18971656	48	5	30	pips_40_500-8000.hdf5	both	none
1898.2314	1	Stimulus/S  1	1	18982314	18982322	49	0	20	pips_40_500-8000.hdf5	both	none
1899.2981	1	Stimulus/S  1	1	18992981	18992989	49	1	40	pips_40_500-8000.hdf5	both	none
1900.3648	1	Stimulus/S  1	1	19003648	19003656	49	2	60	pips_40_500-8000.hdf5	both	none
1901.4101	1	Stimulus/S  1	1	19014101	19014109	49	3	70	pips_40_500-8000.hdf5	both	none
1902.4555	1	Stimulus/S  1	1	19024555	19024563	49	4	50	pips_40_500-8000.hdf5	both	none
1903.5115	1	Stimulus/S  1	1	19035115	19035123	49	5	30	pips_40_500-8000.hdf5	both	none
1904.5782	1	Stimulus/S  1	1	19045782	19045790	50	0	20	pips_40_500-8000.hdf5	both	none
1905.6448	1	Stimulus/S  1	1	19056448	19056456	50	1	40	pips_40_500-8000.hdf5	both	none
1906.7115	1	Stimulus/S  1	1	19067115	19067123	50	2	60	pips_40_500-8000.hdf5	both	none
1907.7782	1	Stimulus/S  1	1	19077782	19077790	50	3	70	pips_40_500-8000.hdf5	both	none
1908.8449	1	Stimulus/S  1	1	19088449	19088457	50	4	50	pips_40_500-8000.hdf5	both	none
1909.8902	1	Stimulus/S  1	1	19098902	19098910	50	5	30	pips_40_500-8000.hdf5	both	none
1910.9462	1	Stimulus/S  1	1	19109462	19109470	51	0	20	pips_40_500-8000.hdf5	both	none
1912.0129	1	Stimulus/S  1	1	19120129	19120137	51	1	40	pips_40_500-8000.hdf5	both	none
1913.0796	1	Stimulus/S  1	1	19130796	19130804	51	2	60	pips_40_500-8000.hdf5	both	none
1914.1463	1	Stimulus/S  1	1	19141463	19141471	51	3	70	pips_40_500-8000.hdf5	both	none
1915.1916	1	Stimulus/S  1	1	19151916	19151924	51	4	50	pips_40_500-8000.hdf5	both	none
1916.2583	1	Stimulus/S  1	1	19162583	19162591	51	5	30	pips_40_500-8000.hdf5	both	none
1917.325	1	Stimulus/S  1	1	19173250	19173258	52	0	20	pips_40_500-8000.hdf5	both	none
1918.3916	1	Stimulus/S  1	1	19183916	19183924	52	1	40	pips_40_500-8000.hdf5	both	none
1919.4583	1	Stimulus/S  1	1	19194583	19194591	52	2	60	pips_40_500-8000.hdf5	both	none
1920.525	1	Stimulus/S  1	1	19205250	19205258	52	3	70	pips_40_500-8000.hdf5	both	none
1921.5917	1	Stimulus/S  1	1	19215917	19215925	52	4	50	pips_40_500-8000.hdf5	both	none
1922.6583	1	Stimulus/S  1	1	19226583	19226591	52	5	30	pips_40_500-8000.hdf5	both	none
1923.7143	1	Stimulus/S  1	1	19237143	19237151	53	0	20	pips_40_500-8000.hdf5	both	none
1924.7597	1	Stimulus/S  1	1	19247597	19247605	53	1	40	pips_40_500-8000.hdf5	both	none
1925.8157	1	Stimulus/S  1	1	19258157	19258165	53	2	60	pips_40_500-8000.hdf5	both	none
1926.861	1	Stimulus/S  1	1	19268610	19268618	53	3	70	pips_40_500-8000.hdf5	both	none
1927.9064	1	Stimulus/S  1	1	19279064	19279072	53	4	50	pips_40_500-8000.hdf5	both	none
1928.9624	1	Stimulus/S  1	1	19289624	19289632	53	5	30	pips_40_500-8000.hdf5	both	none
1930.0291	1	Stimulus/S  1	1	19300291	19300299	54	0	20	pips_40_500-8000.hdf5	both	none
1931.0958	1	Stimulus/S  1	1	19310958	19310966	54	1	40	pips_40_500-8000.hdf5	both	none
1932.1411	1	Stimulus/S  1	1	19321411	19321419	54	2	60	pips_40_500-8000.hdf5	both	none
1933.1971	1	Stimulus/S  1	1	19331971	19331979	54	3	70	pips_40_500-8000.hdf5	both	none
1934.2425	1	Stimulus/S  1	1	19342425	19342433	54	4	50	pips_40_500-8000.hdf5	both	none
1935.3091	1	Stimulus/S  1	1	19353091	19353099	54	5	30	pips_40_500-8000.hdf5	both	none
1936.3758	1	Stimulus/S  1	1	19363758	19363766	55	0	20	pips_40_500-8000.hdf5	both	none
1937.4425	1	Stimulus/S  1	1	19374425	19374433	55	1	40	pips_40_500-8000.hdf5	both	none
1938.5092	1	Stimulus/S  1	1	19385092	19385100	55	2	60	pips_40_500-8000.hdf5	both	none
1939.5758	1	Stimulus/S  1	1	19395758	19395766	55	3	70	pips_40_500-8000.hdf5	both	none
1940.6425	1	Stimulus/S  1	1	19406425	19406433	55	4	50	pips_40_500-8000.hdf5	both	none
1941.7092	1	Stimulus/S  1	1	19417092	19417100	55	5	30	pips_40_500-8000.hdf5	both	none
1942.7759	1	Stimulus/S  1	1	19427759	19427767	56	0	20	pips_40_500-8000.hdf5	both	none
1943.8319	1	Stimulus/S  1	1	19438319	19438327	56	1	40	pips_40_500-8000.hdf5	both	none
1944.8772	1	Stimulus/S  1	1	19448772	19448780	56	2	60	pips_40_500-8000.hdf5	both	none
1945.9332	1	Stimulus/S  1	1	19459332	19459340	56	3	70	pips_40_500-8000.hdf5	both	none
1946.9786	1	Stimulus/S  1	1	19469786	19469794	56	4	50	pips_40_500-8000.hdf5	both	none
1948.0239	1	Stimulus/S  1	1	19480239	19480247	56	5	30	pips_40_500-8000.hdf5	both	none
1949.0799	1	Stimulus/S  1	1	19490799	19490807	57	0	20	pips_40_500-8000.hdf5	both	none
1950.1466	1	Stimulus/S  1	1	19501466	19501474	57	1	40	pips_40_500-8000.hdf5	both	none
1951.2133	1	Stimulus/S  1	1	19512133	19512141	57	2	60	pips_40_500-8000.hdf5	both	none
1952.28	1	Stimulus/S  1	1	19522800	19522808	57	3	70	pips_40_500-8000.hdf5	both	none
1953.3466	1	Stimulus/S  1	1	19533466	19533474	57	4	50	pips_40_500-8000.hdf5	both	none
1954.392	1	Stimulus/S  1	1	19543920	19543928	57	5	30	pips_40_500-8000.hdf5	both	none
1955.448	1	Stimulus/S  1	1	19554480	19554488	58	0	20	pips_40_500-8000.hdf5	both	none
1956.4933	1	Stimulus/S  1	1	19564933	19564941	58	1	40	pips_40_500-8000.hdf5	both	none
1957.56	1	Stimulus/S  1	1	19575600	19575608	58	2	60	pips_40_500-8000.hdf5	both	none
1958.6267	1	Stimulus/S  1	1	19586267	19586275	58	3	70	pips_40_500-8000.hdf5	both	none
1959.6934	1	Stimulus/S  1	1	19596934	19596942	58	4	50	pips_40_500-8000.hdf5	both	none
1960.76	1	Stimulus/S  1	1	19607600	19607608	58	5	30	pips_40_500-8000.hdf5	both	none
1961.8267	1	Stimulus/S  1	1	19618267	19618275	59	0	20	pips_40_500-8000.hdf5	both	none
1962.8934	1	Stimulus/S  1	1	19628934	19628942	59	1	40	pips_40_500-8000.hdf5	both	none
1963.9601	1	Stimulus/S  1	1	19639601	19639609	59	2	60	pips_40_500-8000.hdf5	both	none
1965.0161	1	Stimulus/S  1	1	19650161	19650169	59	3	70	pips_40_500-8000.hdf5	both	none
1966.0614	1	Stimulus/S  1	1	19660614	19660622	59	4	50	pips_40_500-8000.hdf5	both	none
1967.1281	1	Stimulus/S  1	1	19671281	19671289	59	5	30	pips_40_500-8000.hdf5	both	none
1968.1948	1	Stimulus/S  1	1	19681948	19681956	60	0	20	pips_40_500-8000.hdf5	both	none
1969.2615	1	Stimulus/S  1	1	19692615	19692623	60	1	40	pips_40_500-8000.hdf5	both	none
1970.3281	1	Stimulus/S  1	1	19703281	19703289	60	2	60	pips_40_500-8000.hdf5	both	none
1971.3735	1	Stimulus/S  1	1	19713735	19713743	60	3	70	pips_40_500-8000.hdf5	both	none
1972.4295	1	Stimulus/S  1	1	19724295	19724303	60	4	50	pips_40_500-8000.hdf5	both	none
1973.4748	1	Stimulus/S  1	1	19734748	19734756	60	5	30	pips_40_500-8000.hdf5	both	none
1974.5308	1	Stimulus/S  1	1	19745308	19745316	61	0	20	pips_40_500-8000.hdf5	both	none
1975.5975	1	Stimulus/S  1	1	19755975	19755983	61	1	40	pips_40_500-8000.hdf5	both	none
1976.6642	1	Stimulus/S  1	1	19766642	19766650	61	2	60	pips_40_500-8000.hdf5	both	none
1977.7309	1	Stimulus/S  1	1	19777309	19777317	61	3	70	pips_40_500-8000.hdf5	both	none
1978.7762	1	Stimulus/S  1	1	19787762	19787770	61	4	50	pips_40_500-8000.hdf5	both	none
1979.8322	1	Stimulus/S  1	1	19798322	19798330	61	5	30	pips_40_500-8000.hdf5	both	none
1980.8776	1	Stimulus/S  1	1	19808776	19808784	62	0	20	pips_40_500-8000.hdf5	both	none
1981.9442	1	Stimulus/S  1	1	19819442	19819450	62	1	40	pips_40_500-8000.hdf5	both	none
1982.9896	1	Stimulus/S  1	1	19829896	19829904	62	2	60	pips_40_500-8000.hdf5	both	none
1984.0456	1	Stimulus/S  1	1	19840456	19840464	62	3	70	pips_40_500-8000.hdf5	both	none
1985.1123	1	Stimulus/S  1	1	19851123	19851131	62	4	50	pips_40_500-8000.hdf5	both	none
1986.179	1	Stimulus/S  1	1	19861790	19861798	62	5	30	pips_40_500-8000.hdf5	both	none
1987.2243	1	Stimulus/S  1	1	19872243	19872251	63	0	20	pips_40_500-8000.hdf5	both	none
1988.2803	1	Stimulus/S  1	1	19882803	19882811	63	1	40	pips_40_500-8000.hdf5	both	none
1989.347	1	Stimulus/S  1	1	19893470	19893478	63	2	60	pips_40_500-8000.hdf5	both	none
1990.3923	1	Stimulus/S  1	1	19903923	19903931	63	3	70	pips_40_500-8000.hdf5	both	none
1991.4483	1	Stimulus/S  1	1	19914483	19914491	63	4	50	pips_40_500-8000.hdf5	both	none
1992.515	1	Stimulus/S  1	1	19925150	19925158	63	5	30	pips_40_500-8000.hdf5	both	none
1993.5817	1	Stimulus/S  1	1	19935817	19935825	64	0	20	pips_40_500-8000.hdf5	both	none
1994.627	1	Stimulus/S  1	1	19946270	19946278	64	1	40	pips_40_500-8000.hdf5	both	none
1995.683	1	Stimulus/S  1	1	19956830	19956838	64	2	60	pips_40_500-8000.hdf5	both	none
1996.7284	1	Stimulus/S  1	1	19967284	19967292	64	3	70	pips_40_500-8000.hdf5	both	none
1997.7737	1	Stimulus/S  1	1	19977737	19977745	64	4	50	pips_40_500-8000.hdf5	both	none
1998.8404	1	Stimulus/S  1	1	19988404	19988412	64	5	30	pips_40_500-8000.hdf5	both	none
1999.9178	1	Stimulus/S  1	1	19999178	19999186	65	0	20	pips_40_500-8000.hdf5	both	none
2000.9738	1	Stimulus/S  1	1	20009738	20009746	65	1	40	pips_40_500-8000.hdf5	both	none
2002.0298	1	Stimulus/S  1	1	20020298	20020306	65	2	60	pips_40_500-8000.hdf5	both	none
2003.0751	1	Stimulus/S  1	1	20030751	20030759	65	3	70	pips_40_500-8000.hdf5	both	none
2004.1418	1	Stimulus/S  1	1	20041418	20041426	65	4	50	pips_40_500-8000.hdf5	both	none
2005.1978	1	Stimulus/S  1	1	20051978	20051986	65	5	30	pips_40_500-8000.hdf5	both	none
2006.2645	1	Stimulus/S  1	1	20062645	20062653	66	0	20	pips_40_500-8000.hdf5	both	none
2007.3098	1	Stimulus/S  1	1	20073098	20073106	66	1	40	pips_40_500-8000.hdf5	both	none
2008.3658	1	Stimulus/S  1	1	20083658	20083666	66	2	60	pips_40_500-8000.hdf5	both	none
2009.4112	1	Stimulus/S  1	1	20094112	20094120	66	3	70	pips_40_500-8000.hdf5	both	none
2010.4779	1	Stimulus/S  1	1	20104779	20104787	66	4	50	pips_40_500-8000.hdf5	both	none
2011.5445	1	Stimulus/S  1	1	20115445	20115453	66	5	30	pips_40_500-8000.hdf5	both	none
2012.6112	1	Stimulus/S  1	1	20126112	20126120	67	0	20	pips_40_500-8000.hdf5	both	none
2013.6779	1	Stimulus/S  1	1	20136779	20136787	67	1	40	pips_40_500-8000.hdf5	both	none
2014.7446	1	Stimulus/S  1	1	20147446	20147454	67	2	60	pips_40_500-8000.hdf5	both	none
2015.8006	1	Stimulus/S  1	1	20158006	20158014	67	3	70	pips_40_500-8000.hdf5	both	none
2016.8459	1	Stimulus/S  1	1	20168459	20168467	67	4	50	pips_40_500-8000.hdf5	both	none
2017.9126	1	Stimulus/S  1	1	20179126	20179134	67	5	30	pips_40_500-8000.hdf5	both	none
2018.9793	1	Stimulus/S  1	1	20189793	20189801	68	0	20	pips_40_500-8000.hdf5	both	none
2020.0246	1	Stimulus/S  1	1	20200246	20200254	68	1	40	pips_40_500-8000.hdf5	both	none
2021.0806	1	Stimulus/S  1	1	20210806	20210814	68	2	60	pips_40_500-8000.hdf5	both	none
2022.1473	1	Stimulus/S  1	1	20221473	20221481	68	3	70	pips_40_500-8000.hdf5	both	none
2023.214	1	Stimulus/S  1	1	20232140	20232148	68	4	50	pips_40_500-8000.hdf5	both	none
2024.2593	1	Stimulus/S  1	1	20242593	20242601	68	5	30	pips_40_500-8000.hdf5	both	none
2025.3153	1	Stimulus/S  1	1	20253153	20253161	69	0	20	pips_40_500-8000.hdf5	both	none
2026.382	1	Stimulus/S  1	1	20263820	20263828	69	1	40	pips_40_500-8000.hdf5	both	none
2027.4274	1	Stimulus/S  1	1	20274274	20274282	69	2	60	pips_40_500-8000.hdf5	both	none
2028.4834	1	Stimulus/S  1	1	20284834	20284842	69	3	70	pips_40_500-8000.hdf5	both	none
2029.55	1	Stimulus/S  1	1	20295500	20295508	69	4	50	pips_40_500-8000.hdf5	both	none
2030.5954	1	Stimulus/S  1	1	20305954	20305962	69	5	30	pips_40_500-8000.hdf5	both	none
2031.6514	1	Stimulus/S  1	1	20316514	20316522	70	0	20	pips_40_500-8000.hdf5	both	none
2032.7074	1	Stimulus/S  1	1	20327074	20327082	70	1	40	pips_40_500-8000.hdf5	both	none
2033.7847	1	Stimulus/S  1	1	20337847	20337855	70	2	60	pips_40_500-8000.hdf5	both	none
2034.8301	1	Stimulus/S  1	1	20348301	20348309	70	3	70	pips_40_500-8000.hdf5	both	none
2035.8754	1	Stimulus/S  1	1	20358754	20358762	70	4	50	pips_40_500-8000.hdf5	both	none
2036.9421	1	Stimulus/S  1	1	20369421	20369429	70	5	30	pips_40_500-8000.hdf5	both	none
2037.9981	1	Stimulus/S  1	1	20379981	20379989	71	0	20	pips_40_500-8000.hdf5	both	none
2039.0435	1	Stimulus/S  1	1	20390435	20390443	71	1	40	pips_40_500-8000.hdf5	both	none
2040.1101	1	Stimulus/S  1	1	20401101	20401109	71	2	60	pips_40_500-8000.hdf5	both	none
2041.1662	1	Stimulus/S  1	1	20411662	20411670	71	3	70	pips_40_500-8000.hdf5	both	none
2042.2115	1	Stimulus/S  1	1	20422115	20422123	71	4	50	pips_40_500-8000.hdf5	both	none
2043.2782	1	Stimulus/S  1	1	20432782	20432790	71	5	30	pips_40_500-8000.hdf5	both	none
2044.3448	1	Stimulus/S  1	1	20443448	20443456	72	0	20	pips_40_500-8000.hdf5	both	none
2045.4009	1	Stimulus/S  1	1	20454009	20454017	72	1	40	pips_40_500-8000.hdf5	both	none
2046.4462	1	Stimulus/S  1	1	20464462	20464470	72	2	60	pips_40_500-8000.hdf5	both	none
2047.5129	1	Stimulus/S  1	1	20475129	20475137	72	3	70	pips_40_500-8000.hdf5	both	none
2048.5582	1	Stimulus/S  1	1	20485582	20485590	72	4	50	pips_40_500-8000.hdf5	both	none
2049.6249	1	Stimulus/S  1	1	20496249	20496257	72	5	30	pips_40_500-8000.hdf5	both	none
2050.6809	1	Stimulus/S  1	1	20506809	20506817	73	0	20	pips_40_500-8000.hdf5	both	none
2051.7263	1	Stimulus/S  1	1	20517263	20517271	73	1	40	pips_40_500-8000.hdf5	both	none
2052.7929	1	Stimulus/S  1	1	20527929	20527937	73	2	60	pips_40_500-8000.hdf5	both	none
2053.8489	1	Stimulus/S  1	1	20538489	20538497	73	3	70	pips_40_500-8000.hdf5	both	none
2054.8943	1	Stimulus/S  1	1	20548943	20548951	73	4	50	pips_40_500-8000.hdf5	both	none
2055.961	1	Stimulus/S  1	1	20559610	20559618	73	5	30	pips_40_500-8000.hdf5	both	none
2057.0276	1	Stimulus/S  1	1	20570276	20570284	74	0	20	pips_40_500-8000.hdf5	both	none
2058.0836	1	Stimulus/S  1	1	20580836	20580844	74	1	40	pips_40_500-8000.hdf5	both	none
2059.129	1	Stimulus/S  1	1	20591290	20591298	74	2	60	pips_40_500-8000.hdf5	both	none
2060.1957	1	Stimulus/S  1	1	20601957	20601965	74	3	70	pips_40_500-8000.hdf5	both	none
2061.2517	1	Stimulus/S  1	1	20612517	20612525	74	4	50	pips_40_500-8000.hdf5	both	none
2062.3184	1	Stimulus/S  1	1	20623184	20623192	74	5	30	pips_40_500-8000.hdf5	both	none
2063.3637	1	Stimulus/S  1	1	20633637	20633645	75	0	20	pips_40_500-8000.hdf5	both	none
2064.409	1	Stimulus/S  1	1	20644090	20644098	75	1	40	pips_40_500-8000.hdf5	both	none
2065.4757	1	Stimulus/S  1	1	20654757	20654765	75	2	60	pips_40_500-8000.hdf5	both	none
2066.5317	1	Stimulus/S  1	1	20665317	20665325	75	3	70	pips_40_500-8000.hdf5	both	none
2067.5771	1	Stimulus/S  1	1	20675771	20675779	75	4	50	pips_40_500-8000.hdf5	both	none
2068.6331	1	Stimulus/S  1	1	20686331	20686339	75	5	30	pips_40_500-8000.hdf5	both	none
2069.6784	1	Stimulus/S  1	1	20696784	20696792	76	0	20	pips_40_500-8000.hdf5	both	none
2070.7451	1	Stimulus/S  1	1	20707451	20707459	76	1	40	pips_40_500-8000.hdf5	both	none
2071.8011	1	Stimulus/S  1	1	20718011	20718019	76	2	60	pips_40_500-8000.hdf5	both	none
2072.8465	1	Stimulus/S  1	1	20728465	20728473	76	3	70	pips_40_500-8000.hdf5	both	none
2073.9131	1	Stimulus/S  1	1	20739131	20739139	76	4	50	pips_40_500-8000.hdf5	both	none
2074.9585	1	Stimulus/S  1	1	20749585	20749593	76	5	30	pips_40_500-8000.hdf5	both	none
2076.0145	1	Stimulus/S  1	1	20760145	20760153	77	0	20	pips_40_500-8000.hdf5	both	none
2077.0812	1	Stimulus/S  1	1	20770812	20770820	77	1	40	pips_40_500-8000.hdf5	both	none
2078.1265	1	Stimulus/S  1	1	20781265	20781273	77	2	60	pips_40_500-8000.hdf5	both	none
2079.1825	1	Stimulus/S  1	1	20791825	20791833	77	3	70	pips_40_500-8000.hdf5	both	none
2080.2492	1	Stimulus/S  1	1	20802492	20802500	77	4	50	pips_40_500-8000.hdf5	both	none
2081.2945	1	Stimulus/S  1	1	20812945	20812953	77	5	30	pips_40_500-8000.hdf5	both	none
2082.3505	1	Stimulus/S  1	1	20823505	20823513	78	0	20	pips_40_500-8000.hdf5	both	none
2083.4172	1	Stimulus/S  1	1	20834172	20834180	78	1	40	pips_40_500-8000.hdf5	both	none
2084.4626	1	Stimulus/S  1	1	20844626	20844634	78	2	60	pips_40_500-8000.hdf5	both	none
2085.5292	1	Stimulus/S  1	1	20855292	20855300	78	3	70	pips_40_500-8000.hdf5	both	none
2086.5959	1	Stimulus/S  1	1	20865959	20865967	78	4	50	pips_40_500-8000.hdf5	both	none
2087.6519	1	Stimulus/S  1	1	20876519	20876527	78	5	30	pips_40_500-8000.hdf5	both	none
2088.7186	1	Stimulus/S  1	1	20887186	20887194	79	0	20	pips_40_500-8000.hdf5	both	none
2089.764	1	Stimulus/S  1	1	20897640	20897648	79	1	40	pips_40_500-8000.hdf5	both	none
2090.8306	1	Stimulus/S  1	1	20908306	20908314	79	2	60	pips_40_500-8000.hdf5	both	none
2091.876	1	Stimulus/S  1	1	20918760	20918768	79	3	70	pips_40_500-8000.hdf5	both	none
2092.9427	1	Stimulus/S  1	1	20929427	20929435	79	4	50	pips_40_500-8000.hdf5	both	none
2093.9987	1	Stimulus/S  1	1	20939987	20939995	79	5	30	pips_40_500-8000.hdf5	both	none
2095.0653	1	Stimulus/S  1	1	20950653	20950661	80	0	20	pips_40_500-8000.hdf5	both	none
2096.1107	1	Stimulus/S  1	1	20961107	20961115	80	1	40	pips_40_500-8000.hdf5	both	none
2097.1667	1	Stimulus/S  1	1	20971667	20971675	80	2	60	pips_40_500-8000.hdf5	both	none
2098.2334	1	Stimulus/S  1	1	20982334	20982342	80	3	70	pips_40_500-8000.hdf5	both	none
2099.2787	1	Stimulus/S  1	1	20992787	20992795	80	4	50	pips_40_500-8000.hdf5	both	none
2100.3454	1	Stimulus/S  1	1	21003454	21003462	80	5	30	pips_40_500-8000.hdf5	both	none
2101.4014	1	Stimulus/S  1	1	21014014	21014022	81	0	20	pips_40_500-8000.hdf5	both	none
2102.4681	1	Stimulus/S  1	1	21024681	21024689	81	1	40	pips_40_500-8000.hdf5	both	none
2103.5134	1	Stimulus/S  1	1	21035134	21035142	81	2	60	pips_40_500-8000.hdf5	both	none
2104.5694	1	Stimulus/S  1	1	21045694	21045702	81	3	70	pips_40_500-8000.hdf5	both	none
2105.6254	1	Stimulus/S  1	1	21056254	21056262	81	4	50	pips_40_500-8000.hdf5	both	none
2106.6815	1	Stimulus/S  1	1	21066815	21066823	81	5	30	pips_40_500-8000.hdf5	both	none
2107.7268	1	Stimulus/S  1	1	21077268	21077276	82	0	20	pips_40_500-8000.hdf5	both	none
2108.7828	1	Stimulus/S  1	1	21087828	21087836	82	1	40	pips_40_500-8000.hdf5	both	none
2109.8281	1	Stimulus/S  1	1	21098281	21098289	82	2	60	pips_40_500-8000.hdf5	both	none
2110.8948	1	Stimulus/S  1	1	21108948	21108956	82	3	70	pips_40_500-8000.hdf5	both	none
2111.9508	1	Stimulus/S  1	1	21119508	21119516	82	4	50	pips_40_500-8000.hdf5	both	none
2112.9962	1	Stimulus/S  1	1	21129962	21129970	82	5	30	pips_40_500-8000.hdf5	both	none
2114.0629	1	Stimulus/S  1	1	21140629	21140637	83	0	20	pips_40_500-8000.hdf5	both	none
2115.1295	1	Stimulus/S  1	1	21151295	21151303	83	1	40	pips_40_500-8000.hdf5	both	none
2116.1855	1	Stimulus/S  1	1	21161855	21161863	83	2	60	pips_40_500-8000.hdf5	both	none
2117.2309	1	Stimulus/S  1	1	21172309	21172317	83	3	70	pips_40_500-8000.hdf5	both	none
2118.2976	1	Stimulus/S  1	1	21182976	21182984	83	4	50	pips_40_500-8000.hdf5	both	none
2119.3429	1	Stimulus/S  1	1	21193429	21193437	83	5	30	pips_40_500-8000.hdf5	both	none
2120.3989	1	Stimulus/S  1	1	21203989	21203997	84	0	20	pips_40_500-8000.hdf5	both	none
2121.4443	1	Stimulus/S  1	1	21214443	21214451	84	1	40	pips_40_500-8000.hdf5	both	none
2122.5109	1	Stimulus/S  1	1	21225109	21225117	84	2	60	pips_40_500-8000.hdf5	both	none
2123.5776	1	Stimulus/S  1	1	21235776	21235784	84	3	70	pips_40_500-8000.hdf5	both	none
2124.6336	1	Stimulus/S  1	1	21246336	21246344	84	4	50	pips_40_500-8000.hdf5	both	none
2125.679	1	Stimulus/S  1	1	21256790	21256798	84	5	30	pips_40_500-8000.hdf5	both	none
2126.735	1	Stimulus/S  1	1	21267350	21267358	85	0	20	pips_40_500-8000.hdf5	both	none
2127.7803	1	Stimulus/S  1	1	21277803	21277811	85	1	40	pips_40_500-8000.hdf5	both	none
2128.8363	1	Stimulus/S  1	1	21288363	21288371	85	2	60	pips_40_500-8000.hdf5	both	none
2129.903	1	Stimulus/S  1	1	21299030	21299038	85	3	70	pips_40_500-8000.hdf5	both	none
2130.9484	1	Stimulus/S  1	1	21309484	21309492	85	4	50	pips_40_500-8000.hdf5	both	none
2131.9937	1	Stimulus/S  1	1	21319937	21319945	85	5	30	pips_40_500-8000.hdf5	both	none
2133.0497	1	Stimulus/S  1	1	21330497	21330505	86	0	20	pips_40_500-8000.hdf5	both	none
2134.1164	1	Stimulus/S  1	1	21341164	21341172	86	1	40	pips_40_500-8000.hdf5	both	none
2135.1831	1	Stimulus/S  1	1	21351831	21351839	86	2	60	pips_40_500-8000.hdf5	both	none
2136.2284	1	Stimulus/S  1	1	21362284	21362292	86	3	70	pips_40_500-8000.hdf5	both	none
2137.2844	1	Stimulus/S  1	1	21372844	21372852	86	4	50	pips_40_500-8000.hdf5	both	none
2138.3511	1	Stimulus/S  1	1	21383511	21383519	86	5	30	pips_40_500-8000.hdf5	both	none
2139.3964	1	Stimulus/S  1	1	21393964	21393972	87	0	20	pips_40_500-8000.hdf5	both	none
2140.4524	1	Stimulus/S  1	1	21404524	21404532	87	1	40	pips_40_500-8000.hdf5	both	none
2141.4978	1	Stimulus/S  1	1	21414978	21414986	87	2	60	pips_40_500-8000.hdf5	both	none
2142.5645	1	Stimulus/S  1	1	21425645	21425653	87	3	70	pips_40_500-8000.hdf5	both	none
2143.6311	1	Stimulus/S  1	1	21436311	21436319	87	4	50	pips_40_500-8000.hdf5	both	none
2144.6765	1	Stimulus/S  1	1	21446765	21446773	87	5	30	pips_40_500-8000.hdf5	both	none
2145.7325	1	Stimulus/S  1	1	21457325	21457333	88	0	20	pips_40_500-8000.hdf5	both	none
2146.7778	1	Stimulus/S  1	1	21467778	21467786	88	1	40	pips_40_500-8000.hdf5	both	none
2147.8445	1	Stimulus/S  1	1	21478445	21478453	88	2	60	pips_40_500-8000.hdf5	both	none
2148.9005	1	Stimulus/S  1	1	21489005	21489013	88	3	70	pips_40_500-8000.hdf5	both	none
2149.9459	1	Stimulus/S  1	1	21499459	21499467	88	4	50	pips_40_500-8000.hdf5	both	none
2151.0125	1	Stimulus/S  1	1	21510125	21510133	88	5	30	pips_40_500-8000.hdf5	both	none
2152.0686	1	Stimulus/S  1	1	21520686	21520694	89	0	20	pips_40_500-8000.hdf5	both	none
2153.1352	1	Stimulus/S  1	1	21531352	21531360	89	1	40	pips_40_500-8000.hdf5	both	none
2154.2019	1	Stimulus/S  1	1	21542019	21542027	89	2	60	pips_40_500-8000.hdf5	both	none
2155.2473	1	Stimulus/S  1	1	21552473	21552481	89	3	70	pips_40_500-8000.hdf5	both	none
2156.3033	1	Stimulus/S  1	1	21563033	21563041	89	4	50	pips_40_500-8000.hdf5	both	none
2157.3699	1	Stimulus/S  1	1	21573699	21573707	89	5	30	pips_40_500-8000.hdf5	both	none
2158.4153	1	Stimulus/S  1	1	21584153	21584161	90	0	20	pips_40_500-8000.hdf5	both	none
2159.4606	1	Stimulus/S  1	1	21594606	21594614	90	1	40	pips_40_500-8000.hdf5	both	none
2160.5273	1	Stimulus/S  1	1	21605273	21605281	90	2	60	pips_40_500-8000.hdf5	both	none
2161.5833	1	Stimulus/S  1	1	21615833	21615841	90	3	70	pips_40_500-8000.hdf5	both	none
2162.65	1	Stimulus/S  1	1	21626500	21626508	90	4	50	pips_40_500-8000.hdf5	both	none
2163.6953	1	Stimulus/S  1	1	21636953	21636961	90	5	30	pips_40_500-8000.hdf5	both	none
2164.7513	1	Stimulus/S  1	1	21647513	21647521	91	0	20	pips_40_500-8000.hdf5	both	none
2165.818	1	Stimulus/S  1	1	21658180	21658188	91	1	40	pips_40_500-8000.hdf5	both	none
2166.8847	1	Stimulus/S  1	1	21668847	21668855	91	2	60	pips_40_500-8000.hdf5	both	none
2167.93	1	Stimulus/S  1	1	21679300	21679308	91	3	70	pips_40_500-8000.hdf5	both	none
2168.9861	1	Stimulus/S  1	1	21689861	21689869	91	4	50	pips_40_500-8000.hdf5	both	none
2170.0527	1	Stimulus/S  1	1	21700527	21700535	91	5	30	pips_40_500-8000.hdf5	both	none
2171.1194	1	Stimulus/S  1	1	21711194	21711202	92	0	20	pips_40_500-8000.hdf5	both	none
2172.1648	1	Stimulus/S  1	1	21721648	21721656	92	1	40	pips_40_500-8000.hdf5	both	none
2173.2101	1	Stimulus/S  1	1	21732101	21732109	92	2	60	pips_40_500-8000.hdf5	both	none
2174.2768	1	Stimulus/S  1	1	21742768	21742776	92	3	70	pips_40_500-8000.hdf5	both	none
2175.3328	1	Stimulus/S  1	1	21753328	21753336	92	4	50	pips_40_500-8000.hdf5	both	none
2176.3995	1	Stimulus/S  1	1	21763995	21764003	92	5	30	pips_40_500-8000.hdf5	both	none
2177.4661	1	Stimulus/S  1	1	21774661	21774669	93	0	20	pips_40_500-8000.hdf5	both	none
2178.5115	1	Stimulus/S  1	1	21785115	21785123	93	1	40	pips_40_500-8000.hdf5	both	none
2179.5675	1	Stimulus/S  1	1	21795675	21795683	93	2	60	pips_40_500-8000.hdf5	both	none
2180.6342	1	Stimulus/S  1	1	21806342	21806350	93	3	70	pips_40_500-8000.hdf5	both	none
2181.6795	1	Stimulus/S  1	1	21816795	21816803	93	4	50	pips_40_500-8000.hdf5	both	none
2182.7355	1	Stimulus/S  1	1	21827355	21827363	93	5	30	pips_40_500-8000.hdf5	both	none
2183.7809	1	Stimulus/S  1	1	21837809	21837817	94	0	20	pips_40_500-8000.hdf5	both	none
2184.8262	1	Stimulus/S  1	1	21848262	21848270	94	1	40	pips_40_500-8000.hdf5	both	none
2185.8822	1	Stimulus/S  1	1	21858822	21858830	94	2	60	pips_40_500-8000.hdf5	both	none
2186.9276	1	Stimulus/S  1	1	21869276	21869284	94	3	70	pips_40_500-8000.hdf5	both	none
2187.9942	1	Stimulus/S  1	1	21879942	21879950	94	4	50	pips_40_500-8000.hdf5	both	none
2189.0502	1	Stimulus/S  1	1	21890502	21890510	94	5	30	pips_40_500-8000.hdf5	both	none
2190.0956	1	Stimulus/S  1	1	21900956	21900964	95	0	20	pips_40_500-8000.hdf5	both	none
2191.1516	1	Stimulus/S  1	1	21911516	21911524	95	1	40	pips_40_500-8000.hdf5	both	none
2192.1969	1	Stimulus/S  1	1	21921969	21921977	95	2	60	pips_40_500-8000.hdf5	both	none
2193.2636	1	Stimulus/S  1	1	21932636	21932644	95	3	70	pips_40_500-8000.hdf5	both	none
2194.3303	1	Stimulus/S  1	1	21943303	21943311	95	4	50	pips_40_500-8000.hdf5	both	none
2195.3863	1	Stimulus/S  1	1	21953863	21953871	95	5	30	pips_40_500-8000.hdf5	both	none
2196.4317	1	Stimulus/S  1	1	21964317	21964325	96	0	20	pips_40_500-8000.hdf5	both	none
2197.4983	1	Stimulus/S  1	1	21974983	21974991	96	1	40	pips_40_500-8000.hdf5	both	none
2198.5437	1	Stimulus/S  1	1	21985437	21985445	96	2	60	pips_40_500-8000.hdf5	both	none
2199.5997	1	Stimulus/S  1	1	21995997	21996005	96	3	70	pips_40_500-8000.hdf5	both	none
2200.6664	1	Stimulus/S  1	1	22006664	22006672	96	4	50	pips_40_500-8000.hdf5	both	none
2201.7117	1	Stimulus/S  1	1	22017117	22017125	96	5	30	pips_40_500-8000.hdf5	both	none
2202.7677	1	Stimulus/S  1	1	22027677	22027685	97	0	20	pips_40_500-8000.hdf5	both	none
2203.8344	1	Stimulus/S  1	1	22038344	22038352	97	1	40	pips_40_500-8000.hdf5	both	none
2204.8797	1	Stimulus/S  1	1	22048797	22048805	97	2	60	pips_40_500-8000.hdf5	both	none
2205.9357	1	Stimulus/S  1	1	22059357	22059365	97	3	70	pips_40_500-8000.hdf5	both	none
2207.0024	1	Stimulus/S  1	1	22070024	22070032	97	4	50	pips_40_500-8000.hdf5	both	none
2208.0691	1	Stimulus/S  1	1	22080691	22080699	97	5	30	pips_40_500-8000.hdf5	both	none
2209.1144	1	Stimulus/S  1	1	22091144	22091152	98	0	20	pips_40_500-8000.hdf5	both	none
2210.1811	1	Stimulus/S  1	1	22101811	22101819	98	1	40	pips_40_500-8000.hdf5	both	none
2211.2371	1	Stimulus/S  1	1	22112371	22112379	98	2	60	pips_40_500-8000.hdf5	both	none
2212.2825	1	Stimulus/S  1	1	22122825	22122833	98	3	70	pips_40_500-8000.hdf5	both	none
2213.3491	1	Stimulus/S  1	1	22133491	22133499	98	4	50	pips_40_500-8000.hdf5	both	none
2214.4158	1	Stimulus/S  1	1	22144158	22144166	98	5	30	pips_40_500-8000.hdf5	both	none
2215.4612	1	Stimulus/S  1	1	22154612	22154620	99	0	20	pips_40_500-8000.hdf5	both	none
2216.5172	1	Stimulus/S  1	1	22165172	22165180	99	1	40	pips_40_500-8000.hdf5	both	none
2217.5625	1	Stimulus/S  1	1	22175625	22175633	99	2	60	pips_40_500-8000.hdf5	both	none
2218.6292	1	Stimulus/S  1	1	22186292	22186300	99	3	70	pips_40_500-8000.hdf5	both	none
2219.6959	1	Stimulus/S  1	1	22196959	22196967	99	4	50	pips_40_500-8000.hdf5	both	none
2220.7519	1	Stimulus/S  1	1	22207519	22207527	99	5	30	pips_40_500-8000.hdf5	both	none
2221.7972	1	Stimulus/S  1	1	22217972	22217980	100	0	20	pips_40_500-8000.hdf5	both	none
2222.8532	1	Stimulus/S  1	1	22228532	22228540	100	1	40	pips_40_500-8000.hdf5	both	none
2223.9199	1	Stimulus/S  1	1	22239199	22239207	100	2	60	pips_40_500-8000.hdf5	both	none
2224.9866	1	Stimulus/S  1	1	22249866	22249874	100	3	70	pips_40_500-8000.hdf5	both	none
2226.0319	1	Stimulus/S  1	1	22260319	22260327	100	4	50	pips_40_500-8000.hdf5	both	none
2227.0773	1	Stimulus/S  1	1	22270773	22270781	100	5	30	pips_40_500-8000.hdf5	both	none
2228.1333	1	Stimulus/S  1	1	22281333	22281341	101	0	20	pips_40_500-8000.hdf5	both	none
2229.1786	1	Stimulus/S  1	1	22291786	22291794	101	1	40	pips_40_500-8000.hdf5	both	none
2230.2453	1	Stimulus/S  1	1	22302453	22302461	101	2	60	pips_40_500-8000.hdf5	both	none
2231.312	1	Stimulus/S  1	1	22313120	22313128	101	3	70	pips_40_500-8000.hdf5	both	none
2232.368	1	Stimulus/S  1	1	22323680	22323688	101	4	50	pips_40_500-8000.hdf5	both	none
2233.4133	1	Stimulus/S  1	1	22334133	22334141	101	5	30	pips_40_500-8000.hdf5	both	none
2234.48	1	Stimulus/S  1	1	22344800	22344808	102	0	20	pips_40_500-8000.hdf5	both	none
2235.5467	1	Stimulus/S  1	1	22355467	22355475	102	1	40	pips_40_500-8000.hdf5	both	none
2236.6134	1	Stimulus/S  1	1	22366134	22366142	102	2	60	pips_40_500-8000.hdf5	both	none
2237.68	1	Stimulus/S  1	1	22376800	22376808	102	3	70	pips_40_500-8000.hdf5	both	none
2238.7467	1	Stimulus/S  1	1	22387467	22387475	102	4	50	pips_40_500-8000.hdf5	both	none
2239.8027	1	Stimulus/S  1	1	22398027	22398035	102	5	30	pips_40_500-8000.hdf5	both	none
2240.8481	1	Stimulus/S  1	1	22408481	22408489	103	0	20	pips_40_500-8000.hdf5	both	none
2241.9041	1	Stimulus/S  1	1	22419041	22419049	103	1	40	pips_40_500-8000.hdf5	both	none
2242.9708	1	Stimulus/S  1	1	22429708	22429716	103	2	60	pips_40_500-8000.hdf5	both	none
2244.0374	1	Stimulus/S  1	1	22440374	22440382	103	3	70	pips_40_500-8000.hdf5	both	none
2245.1041	1	Stimulus/S  1	1	22451041	22451049	103	4	50	pips_40_500-8000.hdf5	both	none
2246.1495	1	Stimulus/S  1	1	22461495	22461503	103	5	30	pips_40_500-8000.hdf5	both	none
2247.1948	1	Stimulus/S  1	1	22471948	22471956	104	0	20	pips_40_500-8000.hdf5	both	none
2248.2615	1	Stimulus/S  1	1	22482615	22482623	104	1	40	pips_40_500-8000.hdf5	both	none
2249.3175	1	Stimulus/S  1	1	22493175	22493183	104	2	60	pips_40_500-8000.hdf5	both	none
2250.3628	1	Stimulus/S  1	1	22503628	22503636	104	3	70	pips_40_500-8000.hdf5	both	none
2251.4295	1	Stimulus/S  1	1	22514295	22514303	104	4	50	pips_40_500-8000.hdf5	both	none
2252.4962	1	Stimulus/S  1	1	22524962	22524970	104	5	30	pips_40_500-8000.hdf5	both	none
2253.5522	1	Stimulus/S  1	1	22535522	22535530	105	0	20	pips_40_500-8000.hdf5	both	none
2254.5975	1	Stimulus/S  1	1	22545975	22545983	105	1	40	pips_40_500-8000.hdf5	both	none
2255.6642	1	Stimulus/S  1	1	22556642	22556650	105	2	60	pips_40_500-8000.hdf5	both	none
2256.7309	1	Stimulus/S  1	1	22567309	22567317	105	3	70	pips_40_500-8000.hdf5	both	none
2257.7869	1	Stimulus/S  1	1	22577869	22577877	105	4	50	pips_40_500-8000.hdf5	both	none
2258.8536	1	Stimulus/S  1	1	22588536	22588544	105	5	30	pips_40_500-8000.hdf5	both	none
2259.8989	1	Stimulus/S  1	1	22598989	22598997	106	0	20	pips_40_500-8000.hdf5	both	none
2260.9549	1	Stimulus/S  1	1	22609549	22609557	106	1	40	pips_40_500-8000.hdf5	both	none
2262.0216	1	Stimulus/S  1	1	22620216	22620224	106	2	60	pips_40_500-8000.hdf5	both	none
2263.067	1	Stimulus/S  1	1	22630670	22630678	106	3	70	pips_40_500-8000.hdf5	both	none
2264.1123	1	Stimulus/S  1	1	22641123	22641131	106	4	50	pips_40_500-8000.hdf5	both	none
2265.179	1	Stimulus/S  1	1	22651790	22651798	106	5	30	pips_40_500-8000.hdf5	both	none
2266.235	1	Stimulus/S  1	1	22662350	22662358	107	0	20	pips_40_500-8000.hdf5	both	none
2267.2803	1	Stimulus/S  1	1	22672803	22672811	107	1	40	pips_40_500-8000.hdf5	both	none
2268.347	1	Stimulus/S  1	1	22683470	22683478	107	2	60	pips_40_500-8000.hdf5	both	none
2269.403	1	Stimulus/S  1	1	22694030	22694038	107	3	70	pips_40_500-8000.hdf5	both	none
2270.4484	1	Stimulus/S  1	1	22704484	22704492	107	4	50	pips_40_500-8000.hdf5	both	none
2271.515	1	Stimulus/S  1	1	22715150	22715158	107	5	30	pips_40_500-8000.hdf5	both	none
2272.5711	1	Stimulus/S  1	1	22725711	22725719	108	0	20	pips_40_500-8000.hdf5	both	none
2273.6164	1	Stimulus/S  1	1	22736164	22736172	108	1	40	pips_40_500-8000.hdf5	both	none
2274.6831	1	Stimulus/S  1	1	22746831	22746839	108	2	60	pips_40_500-8000.hdf5	both	none
2275.7284	1	Stimulus/S  1	1	22757284	22757292	108	3	70	pips_40_500-8000.hdf5	both	none
2276.7844	1	Stimulus/S  1	1	22767844	22767852	108	4	50	pips_40_500-8000.hdf5	both	none
2277.8511	1	Stimulus/S  1	1	22778511	22778519	108	5	30	pips_40_500-8000.hdf5	both	none
2278.8964	1	Stimulus/S  1	1	22788964	22788972	109	0	20	pips_40_500-8000.hdf5	both	none
2279.9525	1	Stimulus/S  1	1	22799525	22799533	109	1	40	pips_40_500-8000.hdf5	both	none
2281.0191	1	Stimulus/S  1	1	22810191	22810199	109	2	60	pips_40_500-8000.hdf5	both	none
2282.0645	1	Stimulus/S  1	1	22820645	22820653	109	3	70	pips_40_500-8000.hdf5	both	none
2283.1205	1	Stimulus/S  1	1	22831205	22831213	109	4	50	pips_40_500-8000.hdf5	both	none
2284.1872	1	Stimulus/S  1	1	22841872	22841880	109	5	30	pips_40_500-8000.hdf5	both	none
2285.2325	1	Stimulus/S  1	1	22852325	22852333	110	0	20	pips_40_500-8000.hdf5	both	none
2286.2885	1	Stimulus/S  1	1	22862885	22862893	110	1	40	pips_40_500-8000.hdf5	both	none
2287.3552	1	Stimulus/S  1	1	22873552	22873560	110	2	60	pips_40_500-8000.hdf5	both	none
2288.4005	1	Stimulus/S  1	1	22884005	22884013	110	3	70	pips_40_500-8000.hdf5	both	none
2289.4459	1	Stimulus/S  1	1	22894459	22894467	110	4	50	pips_40_500-8000.hdf5	both	none
2290.5019	1	Stimulus/S  1	1	22905019	22905027	110	5	30	pips_40_500-8000.hdf5	both	none
2291.5472	1	Stimulus/S  1	1	22915472	22915480	111	0	20	pips_40_500-8000.hdf5	both	none
2292.6139	1	Stimulus/S  1	1	22926139	22926147	111	1	40	pips_40_500-8000.hdf5	both	none
2293.6699	1	Stimulus/S  1	1	22936699	22936707	111	2	60	pips_40_500-8000.hdf5	both	none
2294.7366	1	Stimulus/S  1	1	22947366	22947374	111	3	70	pips_40_500-8000.hdf5	both	none
2295.8033	1	Stimulus/S  1	1	22958033	22958041	111	4	50	pips_40_500-8000.hdf5	both	none
2296.87	1	Stimulus/S  1	1	22968700	22968708	111	5	30	pips_40_500-8000.hdf5	both	none
2297.9153	1	Stimulus/S  1	1	22979153	22979161	112	0	20	pips_40_500-8000.hdf5	both	none
2298.9713	1	Stimulus/S  1	1	22989713	22989721	112	1	40	pips_40_500-8000.hdf5	both	none
2300.0167	1	Stimulus/S  1	1	23000167	23000175	112	2	60	pips_40_500-8000.hdf5	both	none
2301.0833	1	Stimulus/S  1	1	23010833	23010841	112	3	70	pips_40_500-8000.hdf5	both	none
2302.1287	1	Stimulus/S  1	1	23021287	23021295	112	4	50	pips_40_500-8000.hdf5	both	none
2303.1847	1	Stimulus/S  1	1	23031847	23031855	112	5	30	pips_40_500-8000.hdf5	both	none
2304.2514	1	Stimulus/S  1	1	23042514	23042522	113	0	20	pips_40_500-8000.hdf5	both	none
2305.2967	1	Stimulus/S  1	1	23052967	23052975	113	1	40	pips_40_500-8000.hdf5	both	none
2306.3527	1	Stimulus/S  1	1	23063527	23063535	113	2	60	pips_40_500-8000.hdf5	both	none
2307.4194	1	Stimulus/S  1	1	23074194	23074202	113	3	70	pips_40_500-8000.hdf5	both	none
2308.4647	1	Stimulus/S  1	1	23084647	23084655	113	4	50	pips_40_500-8000.hdf5	both	none
2309.5207	1	Stimulus/S  1	1	23095207	23095215	113	5	30	pips_40_500-8000.hdf5	both	none
2310.5874	1	Stimulus/S  1	1	23105874	23105882	114	0	20	pips_40_500-8000.hdf5	both	none
2311.6328	1	Stimulus/S  1	1	23116328	23116336	114	1	40	pips_40_500-8000.hdf5	both	none
2312.6994	1	Stimulus/S  1	1	23126994	23127002	114	2	60	pips_40_500-8000.hdf5	both	none
2313.7555	1	Stimulus/S  1	1	23137555	23137563	114	3	70	pips_40_500-8000.hdf5	both	none
2314.8008	1	Stimulus/S  1	1	23148008	23148016	114	4	50	pips_40_500-8000.hdf5	both	none
2315.8675	1	Stimulus/S  1	1	23158675	23158683	114	5	30	pips_40_500-8000.hdf5	both	none
2316.9341	1	Stimulus/S  1	1	23169341	23169349	115	0	20	pips_40_500-8000.hdf5	both	none
2317.9795	1	Stimulus/S  1	1	23179795	23179803	115	1	40	pips_40_500-8000.hdf5	both	none
2319.0355	1	Stimulus/S  1	1	23190355	23190363	115	2	60	pips_40_500-8000.hdf5	both	none
2320.0808	1	Stimulus/S  1	1	23200808	23200816	115	3	70	pips_40_500-8000.hdf5	both	none
2321.1475	1	Stimulus/S  1	1	23211475	23211483	115	4	50	pips_40_500-8000.hdf5	both	none
2322.2142	1	Stimulus/S  1	1	23222142	23222150	115	5	30	pips_40_500-8000.hdf5	both	none
2323.2809	1	Stimulus/S  1	1	23232809	23232817	116	0	20	pips_40_500-8000.hdf5	both	none
2324.3369	1	Stimulus/S  1	1	23243369	23243377	116	1	40	pips_40_500-8000.hdf5	both	none
2325.3822	1	Stimulus/S  1	1	23253822	23253830	116	2	60	pips_40_500-8000.hdf5	both	none
2326.4489	1	Stimulus/S  1	1	23264489	23264497	116	3	70	pips_40_500-8000.hdf5	both	none
2327.5156	1	Stimulus/S  1	1	23275156	23275164	116	4	50	pips_40_500-8000.hdf5	both	none
2328.5823	1	Stimulus/S  1	1	23285823	23285831	116	5	30	pips_40_500-8000.hdf5	both	none
2329.6489	1	Stimulus/S  1	1	23296489	23296497	117	0	20	pips_40_500-8000.hdf5	both	none
2330.7156	1	Stimulus/S  1	1	23307156	23307164	117	1	40	pips_40_500-8000.hdf5	both	none
2331.7716	1	Stimulus/S  1	1	23317716	23317724	117	2	60	pips_40_500-8000.hdf5	both	none
2332.817	1	Stimulus/S  1	1	23328170	23328178	117	3	70	pips_40_500-8000.hdf5	both	none
2333.8836	1	Stimulus/S  1	1	23338836	23338844	117	4	50	pips_40_500-8000.hdf5	both	none
2334.929	1	Stimulus/S  1	1	23349290	23349298	117	5	30	pips_40_500-8000.hdf5	both	none
2335.985	1	Stimulus/S  1	1	23359850	23359858	118	0	20	pips_40_500-8000.hdf5	both	none
2337.0303	1	Stimulus/S  1	1	23370303	23370311	118	1	40	pips_40_500-8000.hdf5	both	none
2338.097	1	Stimulus/S  1	1	23380970	23380978	118	2	60	pips_40_500-8000.hdf5	both	none
2339.153	1	Stimulus/S  1	1	23391530	23391538	118	3	70	pips_40_500-8000.hdf5	both	none
2340.1984	1	Stimulus/S  1	1	23401984	23401992	118	4	50	pips_40_500-8000.hdf5	both	none
2341.2544	1	Stimulus/S  1	1	23412544	23412552	118	5	30	pips_40_500-8000.hdf5	both	none
2342.2997	1	Stimulus/S  1	1	23422997	23423005	119	0	20	pips_40_500-8000.hdf5	both	none
2343.3664	1	Stimulus/S  1	1	23433664	23433672	119	1	40	pips_40_500-8000.hdf5	both	none
2344.4224	1	Stimulus/S  1	1	23444224	23444232	119	2	60	pips_40_500-8000.hdf5	both	none
2345.4678	1	Stimulus/S  1	1	23454678	23454686	119	3	70	pips_40_500-8000.hdf5	both	none
2346.5131	1	Stimulus/S  1	1	23465131	23465139	119	4	50	pips_40_500-8000.hdf5	both	none
2347.5798	1	Stimulus/S  1	1	23475798	23475806	119	5	30	pips_40_500-8000.hdf5	both	none
2348.6358	1	Stimulus/S  1	1	23486358	23486366	0	0	20	pips_40_500-8000.hdf5	both	none
2349.6811	1	Stimulus/S  1	1	23496811	23496819	0	1	40	pips_40_500-8000.hdf5	both	none
2350.7478	1	Stimulus/S  1	1	23507478	23507486	0	2	60	pips_40_500-8000.hdf5	both	none
2351.8038	1	Stimulus/S  1	1	23518038	23518046	0	3	70	pips_40_500-8000.hdf5	both	none
2352.8492	1	Stimulus/S  1	1	23528492	23528500	0	4	50	pips_40_500-8000.hdf5	both	none
2353.9052	1	Stimulus/S  1	1	23539052	23539060	0	5	30	pips_40_500-8000.hdf5	both	none
2354.9505	1	Stimulus/S  1	1	23549505	23549513	1	0	20	pips_40_500-8000.hdf5	both	none
2355.9959	1	Stimulus/S  1	1	23559959	23559967	1	1	40	pips_40_500-8000.hdf5	both	none
2357.0519	1	Stimulus/S  1	1	23570519	23570527	1	2	60	pips_40_500-8000.hdf5	both	none
2358.0972	1	Stimulus/S  1	1	23580972	23580980	1	3	70	pips_40_500-8000.hdf5	both	none
2359.1639	1	Stimulus/S  1	1	23591639	23591647	1	4	50	pips_40_500-8000.hdf5	both	none
2360.2199	1	Stimulus/S  1	1	23602199	23602207	1	5	30	pips_40_500-8000.hdf5	both	none
2361.2652	1	Stimulus/S  1	1	23612652	23612660	2	0	20	pips_40_500-8000.hdf5	both	none
2362.3319	1	Stimulus/S  1	1	23623319	23623327	2	1	40	pips_40_500-8000.hdf5	both	none
2363.3986	1	Stimulus/S  1	1	23633986	23633994	2	2	60	pips_40_500-8000.hdf5	both	none
2364.4546	1	Stimulus/S  1	1	23644546	23644554	2	3	70	pips_40_500-8000.hdf5	both	none
2365.4999	1	Stimulus/S  1	1	23654999	23655007	2	4	50	pips_40_500-8000.hdf5	both	none
2366.5666	1	Stimulus/S  1	1	23665666	23665674	2	5	30	pips_40_500-8000.hdf5	both	none
2367.6333	1	Stimulus/S  1	1	23676333	23676341	3	0	20	pips_40_500-8000.hdf5	both	none
2368.6893	1	Stimulus/S  1	1	23686893	23686901	3	1	40	pips_40_500-8000.hdf5	both	none
2369.7347	1	Stimulus/S  1	1	23697347	23697355	3	2	60	pips_40_500-8000.hdf5	both	none
2370.8013	1	Stimulus/S  1	1	23708013	23708021	3	3	70	pips_40_500-8000.hdf5	both	none
2371.8467	1	Stimulus/S  1	1	23718467	23718475	3	4	50	pips_40_500-8000.hdf5	both	none
2372.9027	1	Stimulus/S  1	1	23729027	23729035	3	5	30	pips_40_500-8000.hdf5	both	none
2373.9694	1	Stimulus/S  1	1	23739694	23739702	4	0	20	pips_40_500-8000.hdf5	both	none
2375.036	1	Stimulus/S  1	1	23750360	23750368	4	1	40	pips_40_500-8000.hdf5	both	none
2376.0814	1	Stimulus/S  1	1	23760814	23760822	4	2	60	pips_40_500-8000.hdf5	both	none
2377.1481	1	Stimulus/S  1	1	23771481	23771489	4	3	70	pips_40_500-8000.hdf5	both	none
2378.2147	1	Stimulus/S  1	1	23782147	23782155	4	4	50	pips_40_500-8000.hdf5	both	none
2379.2707	1	Stimulus/S  1	1	23792707	23792715	4	5	30	pips_40_500-8000.hdf5	both	none
2380.3374	1	Stimulus/S  1	1	23803374	23803382	5	0	20	pips_40_500-8000.hdf5	both	none
2381.3828	1	Stimulus/S  1	1	23813828	23813836	5	1	40	pips_40_500-8000.hdf5	both	none
2382.4388	1	Stimulus/S  1	1	23824388	23824396	5	2	60	pips_40_500-8000.hdf5	both	none
2383.5055	1	Stimulus/S  1	1	23835055	23835063	5	3	70	pips_40_500-8000.hdf5	both	none
2384.5508	1	Stimulus/S  1	1	23845508	23845516	5	4	50	pips_40_500-8000.hdf5	both	none
2385.6068	1	Stimulus/S  1	1	23856068	23856076	5	5	30	pips_40_500-8000.hdf5	both	none
2386.6735	1	Stimulus/S  1	1	23866735	23866743	6	0	20	pips_40_500-8000.hdf5	both	none
2387.7188	1	Stimulus/S  1	1	23877188	23877196	6	1	40	pips_40_500-8000.hdf5	both	none
2388.7642	1	Stimulus/S  1	1	23887642	23887650	6	2	60	pips_40_500-8000.hdf5	both	none
2389.8309	1	Stimulus/S  1	1	23898309	23898317	6	3	70	pips_40_500-8000.hdf5	both	none
2390.8975	1	Stimulus/S  1	1	23908975	23908983	6	4	50	pips_40_500-8000.hdf5	both	none
2391.9535	1	Stimulus/S  1	1	23919535	23919543	6	5	30	pips_40_500-8000.hdf5	both	none
2392.9989	1	Stimulus/S  1	1	23929989	23929997	7	0	20	pips_40_500-8000.hdf5	both	none
2394.0656	1	Stimulus/S  1	1	23940656	23940664	7	1	40	pips_40_500-8000.hdf5	both	none
2395.1216	1	Stimulus/S  1	1	23951216	23951224	7	2	60	pips_40_500-8000.hdf5	both	none
2396.1882	1	Stimulus/S  1	1	23961882	23961890	7	3	70	pips_40_500-8000.hdf5	both	none
2397.2336	1	Stimulus/S  1	1	23972336	23972344	7	4	50	pips_40_500-8000.hdf5	both	none
2398.2896	1	Stimulus/S  1	1	23982896	23982904	7	5	30	pips_40_500-8000.hdf5	both	none
2399.3563	1	Stimulus/S  1	1	23993563	23993571	8	0	20	pips_40_500-8000.hdf5	both	none
2400.4016	1	Stimulus/S  1	1	24004016	24004024	8	1	40	pips_40_500-8000.hdf5	both	none
2401.4683	1	Stimulus/S  1	1	24014683	24014691	8	2	60	pips_40_500-8000.hdf5	both	none
2402.5243	1	Stimulus/S  1	1	24025243	24025251	8	3	70	pips_40_500-8000.hdf5	both	none
2403.5696	1	Stimulus/S  1	1	24035696	24035704	8	4	50	pips_40_500-8000.hdf5	both	none
2404.6363	1	Stimulus/S  1	1	24046363	24046371	8	5	30	pips_40_500-8000.hdf5	both	none
2405.703	1	Stimulus/S  1	1	24057030	24057038	9	0	20	pips_40_500-8000.hdf5	both	none
2406.7483	1	Stimulus/S  1	1	24067483	24067491	9	1	40	pips_40_500-8000.hdf5	both	none
2407.8044	1	Stimulus/S  1	1	24078044	24078052	9	2	60	pips_40_500-8000.hdf5	both	none
2408.871	1	Stimulus/S  1	1	24088710	24088718	9	3	70	pips_40_500-8000.hdf5	both	none
2409.9377	1	Stimulus/S  1	1	24099377	24099385	9	4	50	pips_40_500-8000.hdf5	both	none
2410.9831	1	Stimulus/S  1	1	24109831	24109839	9	5	30	pips_40_500-8000.hdf5	both	none
2412.0497	1	Stimulus/S  1	1	24120497	24120505	10	0	20	pips_40_500-8000.hdf5	both	none
2413.1164	1	Stimulus/S  1	1	24131164	24131172	10	1	40	pips_40_500-8000.hdf5	both	none
2414.1724	1	Stimulus/S  1	1	24141724	24141732	10	2	60	pips_40_500-8000.hdf5	both	none
2415.2178	1	Stimulus/S  1	1	24152178	24152186	10	3	70	pips_40_500-8000.hdf5	both	none
2416.2844	1	Stimulus/S  1	1	24162844	24162852	10	4	50	pips_40_500-8000.hdf5	both	none
2417.3404	1	Stimulus/S  1	1	24173404	24173412	10	5	30	pips_40_500-8000.hdf5	both	none
2418.3858	1	Stimulus/S  1	1	24183858	24183866	11	0	20	pips_40_500-8000.hdf5	both	none
2419.4311	1	Stimulus/S  1	1	24194311	24194319	11	1	40	pips_40_500-8000.hdf5	both	none
2420.4978	1	Stimulus/S  1	1	24204978	24204986	11	2	60	pips_40_500-8000.hdf5	both	none
2421.5645	1	Stimulus/S  1	1	24215645	24215653	11	3	70	pips_40_500-8000.hdf5	both	none
2422.6312	1	Stimulus/S  1	1	24226312	24226320	11	4	50	pips_40_500-8000.hdf5	both	none
2423.6872	1	Stimulus/S  1	1	24236872	24236880	11	5	30	pips_40_500-8000.hdf5	both	none
2424.7325	1	Stimulus/S  1	1	24247325	24247333	12	0	20	pips_40_500-8000.hdf5	both	none
2425.7992	1	Stimulus/S  1	1	24257992	24258000	12	1	40	pips_40_500-8000.hdf5	both	none
2426.8659	1	Stimulus/S  1	1	24268659	24268667	12	2	60	pips_40_500-8000.hdf5	both	none
2427.9219	1	Stimulus/S  1	1	24279219	24279227	12	3	70	pips_40_500-8000.hdf5	both	none
2428.9672	1	Stimulus/S  1	1	24289672	24289680	12	4	50	pips_40_500-8000.hdf5	both	none
2430.0232	1	Stimulus/S  1	1	24300232	24300240	12	5	30	pips_40_500-8000.hdf5	both	none
2431.0899	1	Stimulus/S  1	1	24310899	24310907	13	0	20	pips_40_500-8000.hdf5	both	none
2432.1353	1	Stimulus/S  1	1	24321353	24321361	13	1	40	pips_40_500-8000.hdf5	both	none
2433.1913	1	Stimulus/S  1	1	24331913	24331921	13	2	60	pips_40_500-8000.hdf5	both	none
2434.2366	1	Stimulus/S  1	1	24342366	24342374	13	3	70	pips_40_500-8000.hdf5	both	none
2435.282	1	Stimulus/S  1	1	24352820	24352828	13	4	50	pips_40_500-8000.hdf5	both	none
2436.3486	1	Stimulus/S  1	1	24363486	24363494	13	5	30	pips_40_500-8000.hdf5	both	none
2437.4153	1	Stimulus/S  1	1	24374153	24374161	14	0	20	pips_40_500-8000.hdf5	both	none
2438.4713	1	Stimulus/S  1	1	24384713	24384721	14	1	40	pips_40_500-8000.hdf5	both	none
2439.5167	1	Stimulus/S  1	1	24395167	24395175	14	2	60	pips_40_500-8000.hdf5	both	none
2440.5833	1	Stimulus/S  1	1	24405833	24405841	14	3	70	pips_40_500-8000.hdf5	both	none
2441.65	1	Stimulus/S  1	1	24416500	24416508	14	4	50	pips_40_500-8000.hdf5	both	none
2442.7167	1	Stimulus/S  1	1	24427167	24427175	14	5	30	pips_40_500-8000.hdf5	both	none
2443.7834	1	Stimulus/S  1	1	24437834	24437842	15	0	20	pips_40_500-8000.hdf5	both	none
2444.85	1	Stimulus/S  1	1	24448500	24448508	15	1	40	pips_40_500-8000.hdf5	both	none
2445.9061	1	Stimulus/S  1	1	24459061	24459069	15	2	60	pips_40_500-8000.hdf5	both	none
2446.9514	1	Stimulus/S  1	1	24469514	24469522	15	3	70	pips_40_500-8000.hdf5	both	none
2448.0074	1	Stimulus/S  1	1	24480074	24480082	15	4	50	pips_40_500-8000.hdf5	both	none
2449.0528	1	Stimulus/S  1	1	24490528	24490536	15	5	30	pips_40_500-8000.hdf5	both	none
2450.0981	1	Stimulus/S  1	1	24500981	24500989	16	0	20	pips_40_500-8000.hdf5	both	none
2451.1541	1	Stimulus/S  1	1	24511541	24511549	16	1	40	pips_40_500-8000.hdf5	both	none
2452.2208	1	Stimulus/S  1	1	24522208	24522216	16	2	60	pips_40_500-8000.hdf5	both	none
2453.2661	1	Stimulus/S  1	1	24532661	24532669	16	3	70	pips_40_500-8000.hdf5	both	none
2454.3221	1	Stimulus/S  1	1	24543221	24543229	16	4	50	pips_40_500-8000.hdf5	both	none
2455.3888	1	Stimulus/S  1	1	24553888	24553896	16	5	30	pips_40_500-8000.hdf5	both	none
2456.4555	1	Stimulus/S  1	1	24564555	24564563	17	0	20	pips_40_500-8000.hdf5	both	none
2457.5008	1	Stimulus/S  1	1	24575008	24575016	17	1	40	pips_40_500-8000.hdf5	both	none
2458.5568	1	Stimulus/S  1	1	24585568	24585576	17	2	60	pips_40_500-8000.hdf5	both	none
2459.6022	1	Stimulus/S  1	1	24596022	24596030	17	3	70	pips_40_500-8000.hdf5	both	none
2460.6582	1	Stimulus/S  1	1	24606582	24606590	17	4	50	pips_40_500-8000.hdf5	both	none
2461.7249	1	Stimulus/S  1	1	24617249	24617257	17	5	30	pips_40_500-8000.hdf5	both	none
2462.7702	1	Stimulus/S  1	1	24627702	24627710	18	0	20	pips_40_500-8000.hdf5	both	none
2463.8156	1	Stimulus/S  1	1	24638156	24638164	18	1	40	pips_40_500-8000.hdf5	both	none
2464.8822	1	Stimulus/S  1	1	24648822	24648830	18	2	60	pips_40_500-8000.hdf5	both	none
2465.9382	1	Stimulus/S  1	1	24659382	24659390	18	3	70	pips_40_500-8000.hdf5	both	none
2466.9836	1	Stimulus/S  1	1	24669836	24669844	18	4	50	pips_40_500-8000.hdf5	both	none
2468.0503	1	Stimulus/S  1	1	24680503	24680511	18	5	30	pips_40_500-8000.hdf5	both	none
2469.1063	1	Stimulus/S  1	1	24691063	24691071	19	0	20	pips_40_500-8000.hdf5	both	none
2470.1516	1	Stimulus/S  1	1	24701516	24701524	19	1	40	pips_40_500-8000.hdf5	both	none
2471.2183	1	Stimulus/S  1	1	24712183	24712191	19	2	60	pips_40_500-8000.hdf5	both	none
2472.2743	1	Stimulus/S  1	1	24722743	24722751	19	3	70	pips_40_500-8000.hdf5	both	none
2473.3197	1	Stimulus/S  1	1	24733197	24733205	19	4	50	pips_40_500-8000.hdf5	both	none
2474.3863	1	Stimulus/S  1	1	24743863	24743871	19	5	30	pips_40_500-8000.hdf5	both	none
2475.4423	1	Stimulus/S  1	1	24754423	24754431	20	0	20	pips_40_500-8000.hdf5	both	none
2476.4877	1	Stimulus/S  1	1	24764877	24764885	20	1	40	pips_40_500-8000.hdf5	both	none
2477.5544	1	Stimulus/S  1	1	24775544	24775552	20	2	60	pips_40_500-8000.hdf5	both	none
2478.5997	1	Stimulus/S  1	1	24785997	24786005	20	3	70	pips_40_500-8000.hdf5	both	none
2479.6557	1	Stimulus/S  1	1	24796557	24796565	20	4	50	pips_40_500-8000.hdf5	both	none
2480.7011	1	Stimulus/S  1	1	24807011	24807019	20	5	30	pips_40_500-8000.hdf5	both	none
2481.7677	1	Stimulus/S  1	1	24817677	24817685	21	0	20	pips_40_500-8000.hdf5	both	none
2482.8344	1	Stimulus/S  1	1	24828344	24828352	21	1	40	pips_40_500-8000.hdf5	both	none
2483.8904	1	Stimulus/S  1	1	24838904	24838912	21	2	60	pips_40_500-8000.hdf5	both	none
2484.9358	1	Stimulus/S  1	1	24849358	24849366	21	3	70	pips_40_500-8000.hdf5	both	none
2486.0024	1	Stimulus/S  1	1	24860024	24860032	21	4	50	pips_40_500-8000.hdf5	both	none
2487.0691	1	Stimulus/S  1	1	24870691	24870699	21	5	30	pips_40_500-8000.hdf5	both	none
2488.1251	1	Stimulus/S  1	1	24881251	24881259	22	0	20	pips_40_500-8000.hdf5	both	none
2489.1705	1	Stimulus/S  1	1	24891705	24891713	22	1	40	pips_40_500-8000.hdf5	both	none
2490.2372	1	Stimulus/S  1	1	24902372	24902380	22	2	60	pips_40_500-8000.hdf5	both	none
2491.3038	1	Stimulus/S  1	1	24913038	24913046	22	3	70	pips_40_500-8000.hdf5	both	none
2492.3705	1	Stimulus/S  1	1	24923705	24923713	22	4	50	pips_40_500-8000.hdf5	both	none
2493.4158	1	Stimulus/S  1	1	24934158	24934166	22	5	30	pips_40_500-8000.hdf5	both	none
2494.4719	1	Stimulus/S  1	1	24944719	24944727	23	0	20	pips_40_500-8000.hdf5	both	none
2495.5385	1	Stimulus/S  1	1	24955385	24955393	23	1	40	pips_40_500-8000.hdf5	both	none
2496.6052	1	Stimulus/S  1	1	24966052	24966060	23	2	60	pips_40_500-8000.hdf5	both	none
2497.6506	1	Stimulus/S  1	1	24976506	24976514	23	3	70	pips_40_500-8000.hdf5	both	none
2498.7066	1	Stimulus/S  1	1	24987066	24987074	23	4	50	pips_40_500-8000.hdf5	both	none
2499.7732	1	Stimulus/S  1	1	24997732	24997740	23	5	30	pips_40_500-8000.hdf5	both	none
2500.8399	1	Stimulus/S  1	1	25008399	25008407	24	0	20	pips_40_500-8000.hdf5	both	none
2501.9066	1	Stimulus/S  1	1	25019066	25019074	24	1	40	pips_40_500-8000.hdf5	both	none
2502.9519	1	Stimulus/S  1	1	25029519	25029527	24	2	60	pips_40_500-8000.hdf5	both	none
2504.0079	1	Stimulus/S  1	1	25040079	25040087	24	3	70	pips_40_500-8000.hdf5	both	none
2505.0533	1	Stimulus/S  1	1	25050533	25050541	24	4	50	pips_40_500-8000.hdf5	both	none
2506.12	1	Stimulus/S  1	1	25061200	25061208	24	5	30	pips_40_500-8000.hdf5	both	none
2507.176	1	Stimulus/S  1	1	25071760	25071768	25	0	20	pips_40_500-8000.hdf5	both	none
2508.2213	1	Stimulus/S  1	1	25082213	25082221	25	1	40	pips_40_500-8000.hdf5	both	none
2509.288	1	Stimulus/S  1	1	25092880	25092888	25	2	60	pips_40_500-8000.hdf5	both	none
2510.3547	1	Stimulus/S  1	1	25103547	25103555	25	3	70	pips_40_500-8000.hdf5	both	none
2511.4	1	Stimulus/S  1	1	25114000	25114008	25	4	50	pips_40_500-8000.hdf5	both	none
2512.456	1	Stimulus/S  1	1	25124560	25124568	25	5	30	pips_40_500-8000.hdf5	both	none
2513.5227	1	Stimulus/S  1	1	25135227	25135235	26	0	20	pips_40_500-8000.hdf5	both	none
2514.5894	1	Stimulus/S  1	1	25145894	25145902	26	1	40	pips_40_500-8000.hdf5	both	none
2515.6347	1	Stimulus/S  1	1	25156347	25156355	26	2	60	pips_40_500-8000.hdf5	both	none
2516.7014	1	Stimulus/S  1	1	25167014	25167022	26	3	70	pips_40_500-8000.hdf5	both	none
2517.7681	1	Stimulus/S  1	1	25177681	25177689	26	4	50	pips_40_500-8000.hdf5	both	none
2518.8348	1	Stimulus/S  1	1	25188348	25188356	26	5	30	pips_40_500-8000.hdf5	both	none
2519.9014	1	Stimulus/S  1	1	25199014	25199022	27	0	20	pips_40_500-8000.hdf5	both	none
2520.9681	1	Stimulus/S  1	1	25209681	25209689	27	1	40	pips_40_500-8000.hdf5	both	none
2522.0348	1	Stimulus/S  1	1	25220348	25220356	27	2	60	pips_40_500-8000.hdf5	both	none
2523.1015	1	Stimulus/S  1	1	25231015	25231023	27	3	70	pips_40_500-8000.hdf5	both	none
2524.1681	1	Stimulus/S  1	1	25241681	25241689	27	4	50	pips_40_500-8000.hdf5	both	none
2525.2348	1	Stimulus/S  1	1	25252348	25252356	27	5	30	pips_40_500-8000.hdf5	both	none
2526.3015	1	Stimulus/S  1	1	25263015	25263023	28	0	20	pips_40_500-8000.hdf5	both	none
2527.3682	1	Stimulus/S  1	1	25273682	25273690	28	1	40	pips_40_500-8000.hdf5	both	none
2528.4349	1	Stimulus/S  1	1	25284349	25284357	28	2	60	pips_40_500-8000.hdf5	both	none
2529.5015	1	Stimulus/S  1	1	25295015	25295023	28	3	70	pips_40_500-8000.hdf5	both	none
2530.5575	1	Stimulus/S  1	1	25305575	25305583	28	4	50	pips_40_500-8000.hdf5	both	none
2531.6029	1	Stimulus/S  1	1	25316029	25316037	28	5	30	pips_40_500-8000.hdf5	both	none
2532.6589	1	Stimulus/S  1	1	25326589	25326597	29	0	20	pips_40_500-8000.hdf5	both	none
2533.7042	1	Stimulus/S  1	1	25337042	25337050	29	1	40	pips_40_500-8000.hdf5	both	none
2534.7496	1	Stimulus/S  1	1	25347496	25347504	29	2	60	pips_40_500-8000.hdf5	both	none
2535.8056	1	Stimulus/S  1	1	25358056	25358064	29	3	70	pips_40_500-8000.hdf5	both	none
2536.8509	1	Stimulus/S  1	1	25368509	25368517	29	4	50	pips_40_500-8000.hdf5	both	none
2537.9069	1	Stimulus/S  1	1	25379069	25379077	29	5	30	pips_40_500-8000.hdf5	both	none
2538.9736	1	Stimulus/S  1	1	25389736	25389744	30	0	20	pips_40_500-8000.hdf5	both	none
2540.0403	1	Stimulus/S  1	1	25400403	25400411	30	1	40	pips_40_500-8000.hdf5	both	none
2541.0856	1	Stimulus/S  1	1	25410856	25410864	30	2	60	pips_40_500-8000.hdf5	both	none
2542.1523	1	Stimulus/S  1	1	25421523	25421531	30	3	70	pips_40_500-8000.hdf5	both	none
2543.219	1	Stimulus/S  1	1	25432190	25432198	30	4	50	pips_40_500-8000.hdf5	both	none
2544.2857	1	Stimulus/S  1	1	25442857	25442865	30	5	30	pips_40_500-8000.hdf5	both	none
2545.3523	1	Stimulus/S  1	1	25453523	25453531	31	0	20	pips_40_500-8000.hdf5	both	none
2546.419	1	Stimulus/S  1	1	25464190	25464198	31	1	40	pips_40_500-8000.hdf5	both	none
2547.475	1	Stimulus/S  1	1	25474750	25474758	31	2	60	pips_40_500-8000.hdf5	both	none
2548.5204	1	Stimulus/S  1	1	25485204	25485212	31	3	70	pips_40_500-8000.hdf5	both	none
2549.5764	1	Stimulus/S  1	1	25495764	25495772	31	4	50	pips_40_500-8000.hdf5	both	none
2550.6217	1	Stimulus/S  1	1	25506217	25506225	31	5	30	pips_40_500-8000.hdf5	both	none
2551.6671	1	Stimulus/S  1	1	25516671	25516679	32	0	20	pips_40_500-8000.hdf5	both	none
2552.7231	1	Stimulus/S  1	1	25527231	25527239	32	1	40	pips_40_500-8000.hdf5	both	none
2553.7684	1	Stimulus/S  1	1	25537684	25537692	32	2	60	pips_40_500-8000.hdf5	both	none
2554.8351	1	Stimulus/S  1	1	25548351	25548359	32	3	70	pips_40_500-8000.hdf5	both	none
2555.9018	1	Stimulus/S  1	1	25559018	25559026	32	4	50	pips_40_500-8000.hdf5	both	none
2556.9685	1	Stimulus/S  1	1	25569685	25569693	32	5	30	pips_40_500-8000.hdf5	both	none
2558.0351	1	Stimulus/S  1	1	25580351	25580359	33	0	20	pips_40_500-8000.hdf5	both	none
2559.1018	1	Stimulus/S  1	1	25591018	25591026	33	1	40	pips_40_500-8000.hdf5	both	none
2560.1578	1	Stimulus/S  1	1	25601578	25601586	33	2	60	pips_40_500-8000.hdf5	both	none
2561.2032	1	Stimulus/S  1	1	25612032	25612040	33	3	70	pips_40_500-8000.hdf5	both	none
2562.2592	1	Stimulus/S  1	1	25622592	25622600	33	4	50	pips_40_500-8000.hdf5	both	none
2563.3259	1	Stimulus/S  1	1	25633259	25633267	33	5	30	pips_40_500-8000.hdf5	both	none
2564.3925	1	Stimulus/S  1	1	25643925	25643933	34	0	20	pips_40_500-8000.hdf5	both	none
2565.4379	1	Stimulus/S  1	1	25654379	25654387	34	1	40	pips_40_500-8000.hdf5	both	none
2566.4832	1	Stimulus/S  1	1	25664832	25664840	34	2	60	pips_40_500-8000.hdf5	both	none
2567.5499	1	Stimulus/S  1	1	25675499	25675507	34	3	70	pips_40_500-8000.hdf5	both	none
2568.6166	1	Stimulus/S  1	1	25686166	25686174	34	4	50	pips_40_500-8000.hdf5	both	none
2569.6726	1	Stimulus/S  1	1	25696726	25696734	34	5	30	pips_40_500-8000.hdf5	both	none
2570.7179	1	Stimulus/S  1	1	25707179	25707187	35	0	20	pips_40_500-8000.hdf5	both	none
2571.7846	1	Stimulus/S  1	1	25717846	25717854	35	1	40	pips_40_500-8000.hdf5	both	none
2572.8513	1	Stimulus/S  1	1	25728513	25728521	35	2	60	pips_40_500-8000.hdf5	both	none
2573.918	1	Stimulus/S  1	1	25739180	25739188	35	3	70	pips_40_500-8000.hdf5	both	none
2574.974	1	Stimulus/S  1	1	25749740	25749748	35	4	50	pips_40_500-8000.hdf5	both	none
2576.0193	1	Stimulus/S  1	1	25760193	25760201	35	5	30	pips_40_500-8000.hdf5	both	none
2577.086	1	Stimulus/S  1	1	25770860	25770868	36	0	20	pips_40_500-8000.hdf5	both	none
2578.1527	1	Stimulus/S  1	1	25781527	25781535	36	1	40	pips_40_500-8000.hdf5	both	none
2579.2087	1	Stimulus/S  1	1	25792087	25792095	36	2	60	pips_40_500-8000.hdf5	both	none
2580.254	1	Stimulus/S  1	1	25802540	25802548	36	3	70	pips_40_500-8000.hdf5	both	none
2581.31	1	Stimulus/S  1	1	25813100	25813108	36	4	50	pips_40_500-8000.hdf5	both	none
2582.3767	1	Stimulus/S  1	1	25823767	25823775	36	5	30	pips_40_500-8000.hdf5	both	none
2583.422	1	Stimulus/S  1	1	25834220	25834228	37	0	20	pips_40_500-8000.hdf5	both	none
2584.4674	1	Stimulus/S  1	1	25844674	25844682	37	1	40	pips_40_500-8000.hdf5	both	none
2585.5341	1	Stimulus/S  1	1	25855341	25855349	37	2	60	pips_40_500-8000.hdf5	both	none
2586.6007	1	Stimulus/S  1	1	25866007	25866015	37	3	70	pips_40_500-8000.hdf5	both	none
2587.6568	1	Stimulus/S  1	1	25876568	25876576	37	4	50	pips_40_500-8000.hdf5	both	none
2588.7021	1	Stimulus/S  1	1	25887021	25887029	37	5	30	pips_40_500-8000.hdf5	both	none
2589.7581	1	Stimulus/S  1	1	25897581	25897589	38	0	20	pips_40_500-8000.hdf5	both	none
2590.8248	1	Stimulus/S  1	1	25908248	25908256	38	1	40	pips_40_500-8000.hdf5	both	none
2591.8915	1	Stimulus/S  1	1	25918915	25918923	38	2	60	pips_40_500-8000.hdf5	both	none
2592.9368	1	Stimulus/S  1	1	25929368	25929376	38	3	70	pips_40_500-8000.hdf5	both	none
2593.9928	1	Stimulus/S  1	1	25939928	25939936	38	4	50	pips_40_500-8000.hdf5	both	none
2595.0595	1	Stimulus/S  1	1	25950595	25950603	38	5	30	pips_40_500-8000.hdf5	both	none
2596.1262	1	Stimulus/S  1	1	25961262	25961270	39	0	20	pips_40_500-8000.hdf5	both	none
2597.1715	1	Stimulus/S  1	1	25971715	25971723	39	1	40	pips_40_500-8000.hdf5	both	none
2598.2275	1	Stimulus/S  1	1	25982275	25982283	39	2	60	pips_40_500-8000.hdf5	both	none
2599.2942	1	Stimulus/S  1	1	25992942	25992950	39	3	70	pips_40_500-8000.hdf5	both	none
2600.3609	1	Stimulus/S  1	1	26003609	26003617	39	4	50	pips_40_500-8000.hdf5	both	none
2601.4276	1	Stimulus/S  1	1	26014276	26014284	39	5	30	pips_40_500-8000.hdf5	both	none
2602.4942	1	Stimulus/S  1	1	26024942	26024950	40	0	20	pips_40_500-8000.hdf5	both	none
2603.5609	1	Stimulus/S  1	1	26035609	26035617	40	1	40	pips_40_500-8000.hdf5	both	none
2604.6063	1	Stimulus/S  1	1	26046063	26046071	40	2	60	pips_40_500-8000.hdf5	both	none
2605.6516	1	Stimulus/S  1	1	26056516	26056524	40	3	70	pips_40_500-8000.hdf5	both	none
2606.7076	1	Stimulus/S  1	1	26067076	26067084	40	4	50	pips_40_500-8000.hdf5	both	none
2607.7743	1	Stimulus/S  1	1	26077743	26077751	40	5	30	pips_40_500-8000.hdf5	both	none
2608.8196	1	Stimulus/S  1	1	26088196	26088204	41	0	20	pips_40_500-8000.hdf5	both	none
2609.8756	1	Stimulus/S  1	1	26098756	26098764	41	1	40	pips_40_500-8000.hdf5	both	none
2610.921	1	Stimulus/S  1	1	26109210	26109218	41	2	60	pips_40_500-8000.hdf5	both	none
2611.9877	1	Stimulus/S  1	1	26119877	26119885	41	3	70	pips_40_500-8000.hdf5	both	none
2613.0543	1	Stimulus/S  1	1	26130543	26130551	41	4	50	pips_40_500-8000.hdf5	both	none
2614.1103	1	Stimulus/S  1	1	26141103	26141111	41	5	30	pips_40_500-8000.hdf5	both	none
2615.1557	1	Stimulus/S  1	1	26151557	26151565	42	0	20	pips_40_500-8000.hdf5	both	none
2616.201	1	Stimulus/S  1	1	26162010	26162018	42	1	40	pips_40_500-8000.hdf5	both	none
2617.2677	1	Stimulus/S  1	1	26172677	26172685	42	2	60	pips_40_500-8000.hdf5	both	none
2618.345	1	Stimulus/S  1	1	26183450	26183458	42	3	70	pips_40_500-8000.hdf5	both	none
2619.4011	1	Stimulus/S  1	1	26194011	26194019	42	4	50	pips_40_500-8000.hdf5	both	none
2620.4677	1	Stimulus/S  1	1	26204677	26204685	42	5	30	pips_40_500-8000.hdf5	both	none
2621.5344	1	Stimulus/S  1	1	26215344	26215352	43	0	20	pips_40_500-8000.hdf5	both	none
2622.6011	1	Stimulus/S  1	1	26226011	26226019	43	1	40	pips_40_500-8000.hdf5	both	none
2623.6678	1	Stimulus/S  1	1	26236678	26236686	43	2	60	pips_40_500-8000.hdf5	both	none
2624.7451	1	Stimulus/S  1	1	26247451	26247459	43	3	70	pips_40_500-8000.hdf5	both	none
2625.8011	1	Stimulus/S  1	1	26258011	26258019	43	4	50	pips_40_500-8000.hdf5	both	none
2626.8678	1	Stimulus/S  1	1	26268678	26268686	43	5	30	pips_40_500-8000.hdf5	both	none
2627.9345	1	Stimulus/S  1	1	26279345	26279353	44	0	20	pips_40_500-8000.hdf5	both	none
2629.0012	1	Stimulus/S  1	1	26290012	26290020	44	1	40	pips_40_500-8000.hdf5	both	none
2630.0678	1	Stimulus/S  1	1	26300678	26300686	44	2	60	pips_40_500-8000.hdf5	both	none
2631.1238	1	Stimulus/S  1	1	26311238	26311246	44	3	70	pips_40_500-8000.hdf5	both	none
2632.1692	1	Stimulus/S  1	1	26321692	26321700	44	4	50	pips_40_500-8000.hdf5	both	none
2633.2252	1	Stimulus/S  1	1	26332252	26332260	44	5	30	pips_40_500-8000.hdf5	both	none
2634.2705	1	Stimulus/S  1	1	26342705	26342713	45	0	20	pips_40_500-8000.hdf5	both	none
2635.3372	1	Stimulus/S  1	1	26353372	26353380	45	1	40	pips_40_500-8000.hdf5	both	none
2636.4039	1	Stimulus/S  1	1	26364039	26364047	45	2	60	pips_40_500-8000.hdf5	both	none
2637.4706	1	Stimulus/S  1	1	26374706	26374714	45	3	70	pips_40_500-8000.hdf5	both	none
2638.5372	1	Stimulus/S  1	1	26385372	26385380	45	4	50	pips_40_500-8000.hdf5	both	none
2639.6039	1	Stimulus/S  1	1	26396039	26396047	45	5	30	pips_40_500-8000.hdf5	both	none
2640.6706	1	Stimulus/S  1	1	26406706	26406714	46	0	20	pips_40_500-8000.hdf5	both	none
2641.7373	1	Stimulus/S  1	1	26417373	26417381	46	1	40	pips_40_500-8000.hdf5	both	none
2642.804	1	Stimulus/S  1	1	26428040	26428048	46	2	60	pips_40_500-8000.hdf5	both	none
2643.8706	1	Stimulus/S  1	1	26438706	26438714	46	3	70	pips_40_500-8000.hdf5	both	none
2644.9373	1	Stimulus/S  1	1	26449373	26449381	46	4	50	pips_40_500-8000.hdf5	both	none
2646.004	1	Stimulus/S  1	1	26460040	26460048	46	5	30	pips_40_500-8000.hdf5	both	none
2647.0707	1	Stimulus/S  1	1	26470707	26470715	47	0	20	pips_40_500-8000.hdf5	both	none
2648.1267	1	Stimulus/S  1	1	26481267	26481275	47	1	40	pips_40_500-8000.hdf5	both	none
2649.1933	1	Stimulus/S  1	1	26491933	26491941	47	2	60	pips_40_500-8000.hdf5	both	none
2650.2387	1	Stimulus/S  1	1	26502387	26502395	47	3	70	pips_40_500-8000.hdf5	both	none
2651.3054	1	Stimulus/S  1	1	26513054	26513062	47	4	50	pips_40_500-8000.hdf5	both	none
2652.372	1	Stimulus/S  1	1	26523720	26523728	47	5	30	pips_40_500-8000.hdf5	both	none
2653.4387	1	Stimulus/S  1	1	26534387	26534395	48	0	20	pips_40_500-8000.hdf5	both	none
2654.5054	1	Stimulus/S  1	1	26545054	26545062	48	1	40	pips_40_500-8000.hdf5	both	none
2655.5614	1	Stimulus/S  1	1	26555614	26555622	48	2	60	pips_40_500-8000.hdf5	both	none
2656.6068	1	Stimulus/S  1	1	26566068	26566076	48	3	70	pips_40_500-8000.hdf5	both	none
2657.6734	1	Stimulus/S  1	1	26576734	26576742	48	4	50	pips_40_500-8000.hdf5	both	none
2658.7401	1	Stimulus/S  1	1	26587401	26587409	48	5	30	pips_40_500-8000.hdf5	both	none
2659.8068	1	Stimulus/S  1	1	26598068	26598076	49	0	20	pips_40_500-8000.hdf5	both	none
2660.8735	1	Stimulus/S  1	1	26608735	26608743	49	1	40	pips_40_500-8000.hdf5	both	none
2661.9401	1	Stimulus/S  1	1	26619401	26619409	49	2	60	pips_40_500-8000.hdf5	both	none
2663.0068	1	Stimulus/S  1	1	26630068	26630076	49	3	70	pips_40_500-8000.hdf5	both	none
2664.0735	1	Stimulus/S  1	1	26640735	26640743	49	4	50	pips_40_500-8000.hdf5	both	none
2665.1188	1	Stimulus/S  1	1	26651188	26651196	49	5	30	pips_40_500-8000.hdf5	both	none
2666.1748	1	Stimulus/S  1	1	26661748	26661756	50	0	20	pips_40_500-8000.hdf5	both	none
2667.2415	1	Stimulus/S  1	1	26672415	26672423	50	1	40	pips_40_500-8000.hdf5	both	none
2668.3082	1	Stimulus/S  1	1	26683082	26683090	50	2	60	pips_40_500-8000.hdf5	both	none
2669.3749	1	Stimulus/S  1	1	26693749	26693757	50	3	70	pips_40_500-8000.hdf5	both	none
2670.4416	1	Stimulus/S  1	1	26704416	26704424	50	4	50	pips_40_500-8000.hdf5	both	none
2671.5082	1	Stimulus/S  1	1	26715082	26715090	50	5	30	pips_40_500-8000.hdf5	both	none
2672.5749	1	Stimulus/S  1	1	26725749	26725757	51	0	20	pips_40_500-8000.hdf5	both	none
2673.6416	1	Stimulus/S  1	1	26736416	26736424	51	1	40	pips_40_500-8000.hdf5	both	none
2674.7083	1	Stimulus/S  1	1	26747083	26747091	51	2	60	pips_40_500-8000.hdf5	both	none
2675.7749	1	Stimulus/S  1	1	26757749	26757757	51	3	70	pips_40_500-8000.hdf5	both	none
2676.8416	1	Stimulus/S  1	1	26768416	26768424	51	4	50	pips_40_500-8000.hdf5	both	none
2677.9083	1	Stimulus/S  1	1	26779083	26779091	51	5	30	pips_40_500-8000.hdf5	both	none
2678.975	1	Stimulus/S  1	1	26789750	26789758	52	0	20	pips_40_500-8000.hdf5	both	none
2680.0416	1	Stimulus/S  1	1	26800416	26800424	52	1	40	pips_40_500-8000.hdf5	both	none
2681.087	1	Stimulus/S  1	1	26810870	26810878	52	2	60	pips_40_500-8000.hdf5	both	none
2682.143	1	Stimulus/S  1	1	26821430	26821438	52	3	70	pips_40_500-8000.hdf5	both	none
2683.1883	1	Stimulus/S  1	1	26831883	26831891	52	4	50	pips_40_500-8000.hdf5	both	none
2684.2443	1	Stimulus/S  1	1	26842443	26842451	52	5	30	pips_40_500-8000.hdf5	both	none
2685.311	1	Stimulus/S  1	1	26853110	26853118	53	0	20	pips_40_500-8000.hdf5	both	none
2686.3777	1	Stimulus/S  1	1	26863777	26863785	53	1	40	pips_40_500-8000.hdf5	both	none
2687.4444	1	Stimulus/S  1	1	26874444	26874452	53	2	60	pips_40_500-8000.hdf5	both	none
2688.5111	1	Stimulus/S  1	1	26885111	26885119	53	3	70	pips_40_500-8000.hdf5	both	none
2689.5777	1	Stimulus/S  1	1	26895777	26895785	53	4	50	pips_40_500-8000.hdf5	both	none
2690.6231	1	Stimulus/S  1	1	26906231	26906239	53	5	30	pips_40_500-8000.hdf5	both	none
2691.6791	1	Stimulus/S  1	1	26916791	26916799	54	0	20	pips_40_500-8000.hdf5	both	none
2692.7244	1	Stimulus/S  1	1	26927244	26927252	54	1	40	pips_40_500-8000.hdf5	both	none
2693.7698	1	Stimulus/S  1	1	26937698	26937706	54	2	60	pips_40_500-8000.hdf5	both	none
2694.8258	1	Stimulus/S  1	1	26948258	26948266	54	3	70	pips_40_500-8000.hdf5	both	none
2695.8925	1	Stimulus/S  1	1	26958925	26958933	54	4	50	pips_40_500-8000.hdf5	both	none
2696.9591	1	Stimulus/S  1	1	26969591	26969599	54	5	30	pips_40_500-8000.hdf5	both	none
2698.0045	1	Stimulus/S  1	1	26980045	26980053	55	0	20	pips_40_500-8000.hdf5	both	none
2699.0605	1	Stimulus/S  1	1	26990605	26990613	55	1	40	pips_40_500-8000.hdf5	both	none
2700.1272	1	Stimulus/S  1	1	27001272	27001280	55	2	60	pips_40_500-8000.hdf5	both	none
2701.1938	1	Stimulus/S  1	1	27011938	27011946	55	3	70	pips_40_500-8000.hdf5	both	none
2702.2605	1	Stimulus/S  1	1	27022605	27022613	55	4	50	pips_40_500-8000.hdf5	both	none
2703.3272	1	Stimulus/S  1	1	27033272	27033280	55	5	30	pips_40_500-8000.hdf5	both	none
2704.3725	1	Stimulus/S  1	1	27043725	27043733	56	0	20	pips_40_500-8000.hdf5	both	none
2705.4286	1	Stimulus/S  1	1	27054286	27054294	56	1	40	pips_40_500-8000.hdf5	both	none
2706.4952	1	Stimulus/S  1	1	27064952	27064960	56	2	60	pips_40_500-8000.hdf5	both	none
2707.5619	1	Stimulus/S  1	1	27075619	27075627	56	3	70	pips_40_500-8000.hdf5	both	none
2708.6286	1	Stimulus/S  1	1	27086286	27086294	56	4	50	pips_40_500-8000.hdf5	both	none
2709.6953	1	Stimulus/S  1	1	27096953	27096961	56	5	30	pips_40_500-8000.hdf5	both	none
2710.7406	1	Stimulus/S  1	1	27107406	27107414	57	0	20	pips_40_500-8000.hdf5	both	none
2711.7859	1	Stimulus/S  1	1	27117859	27117867	57	1	40	pips_40_500-8000.hdf5	both	none
2712.842	1	Stimulus/S  1	1	27128420	27128428	57	2	60	pips_40_500-8000.hdf5	both	none
2713.8873	1	Stimulus/S  1	1	27138873	27138881	57	3	70	pips_40_500-8000.hdf5	both	none
2714.954	1	Stimulus/S  1	1	27149540	27149548	57	4	50	pips_40_500-8000.hdf5	both	none
2716.0207	1	Stimulus/S  1	1	27160207	27160215	57	5	30	pips_40_500-8000.hdf5	both	none
2717.0767	1	Stimulus/S  1	1	27170767	27170775	58	0	20	pips_40_500-8000.hdf5	both	none
2718.122	1	Stimulus/S  1	1	27181220	27181228	58	1	40	pips_40_500-8000.hdf5	both	none
2719.178	1	Stimulus/S  1	1	27191780	27191788	58	2	60	pips_40_500-8000.hdf5	both	none
2720.2234	1	Stimulus/S  1	1	27202234	27202242	58	3	70	pips_40_500-8000.hdf5	both	none
2721.2794	1	Stimulus/S  1	1	27212794	27212802	58	4	50	pips_40_500-8000.hdf5	both	none
2722.346	1	Stimulus/S  1	1	27223460	27223468	58	5	30	pips_40_500-8000.hdf5	both	none
2723.4127	1	Stimulus/S  1	1	27234127	27234135	59	0	20	pips_40_500-8000.hdf5	both	none
2724.4794	1	Stimulus/S  1	1	27244794	27244802	59	1	40	pips_40_500-8000.hdf5	both	none
2725.5247	1	Stimulus/S  1	1	27255247	27255255	59	2	60	pips_40_500-8000.hdf5	both	none
2726.5701	1	Stimulus/S  1	1	27265701	27265709	59	3	70	pips_40_500-8000.hdf5	both	none
2727.6261	1	Stimulus/S  1	1	27276261	27276269	59	4	50	pips_40_500-8000.hdf5	both	none
2728.6928	1	Stimulus/S  1	1	27286928	27286936	59	5	30	pips_40_500-8000.hdf5	both	none
2729.7595	1	Stimulus/S  1	1	27297595	27297603	60	0	20	pips_40_500-8000.hdf5	both	none
2730.8261	1	Stimulus/S  1	1	27308261	27308269	60	1	40	pips_40_500-8000.hdf5	both	none
2731.8715	1	Stimulus/S  1	1	27318715	27318723	60	2	60	pips_40_500-8000.hdf5	both	none
2732.9275	1	Stimulus/S  1	1	27329275	27329283	60	3	70	pips_40_500-8000.hdf5	both	none
2733.9728	1	Stimulus/S  1	1	27339728	27339736	60	4	50	pips_40_500-8000.hdf5	both	none
2735.0288	1	Stimulus/S  1	1	27350288	27350296	60	5	30	pips_40_500-8000.hdf5	both	none
2736.0742	1	Stimulus/S  1	1	27360742	27360750	61	0	20	pips_40_500-8000.hdf5	both	none
2737.1302	1	Stimulus/S  1	1	27371302	27371310	61	1	40	pips_40_500-8000.hdf5	both	none
2738.1755	1	Stimulus/S  1	1	27381755	27381763	61	2	60	pips_40_500-8000.hdf5	both	none
2739.2209	1	Stimulus/S  1	1	27392209	27392217	61	3	70	pips_40_500-8000.hdf5	both	none
2740.2769	1	Stimulus/S  1	1	27402769	27402777	61	4	50	pips_40_500-8000.hdf5	both	none
2741.3436	1	Stimulus/S  1	1	27413436	27413444	61	5	30	pips_40_500-8000.hdf5	both	none
2742.4102	1	Stimulus/S  1	1	27424102	27424110	62	0	20	pips_40_500-8000.hdf5	both	none
2743.4769	1	Stimulus/S  1	1	27434769	27434777	62	1	40	pips_40_500-8000.hdf5	both	none
2744.5223	1	Stimulus/S  1	1	27445223	27445231	62	2	60	pips_40_500-8000.hdf5	both	none
2745.5783	1	Stimulus/S  1	1	27455783	27455791	62	3	70	pips_40_500-8000.hdf5	both	none
2746.6236	1	Stimulus/S  1	1	27466236	27466244	62	4	50	pips_40_500-8000.hdf5	both	none
2747.6903	1	Stimulus/S  1	1	27476903	27476911	62	5	30	pips_40_500-8000.hdf5	both	none
2748.7463	1	Stimulus/S  1	1	27487463	27487471	63	0	20	pips_40_500-8000.hdf5	both	none
2749.7916	1	Stimulus/S  1	1	27497916	27497924	63	1	40	pips_40_500-8000.hdf5	both	none
2750.837	1	Stimulus/S  1	1	27508370	27508378	63	2	60	pips_40_500-8000.hdf5	both	none
2751.893	1	Stimulus/S  1	1	27518930	27518938	63	3	70	pips_40_500-8000.hdf5	both	none
2752.9597	1	Stimulus/S  1	1	27529597	27529605	63	4	50	pips_40_500-8000.hdf5	both	none
2754.0264	1	Stimulus/S  1	1	27540264	27540272	63	5	30	pips_40_500-8000.hdf5	both	none
2755.093	1	Stimulus/S  1	1	27550930	27550938	64	0	20	pips_40_500-8000.hdf5	both	none
2756.1384	1	Stimulus/S  1	1	27561384	27561392	64	1	40	pips_40_500-8000.hdf5	both	none
2757.1944	1	Stimulus/S  1	1	27571944	27571952	64	2	60	pips_40_500-8000.hdf5	both	none
2758.2611	1	Stimulus/S  1	1	27582611	27582619	64	3	70	pips_40_500-8000.hdf5	both	none
2759.3277	1	Stimulus/S  1	1	27593277	27593285	64	4	50	pips_40_500-8000.hdf5	both	none
2760.3731	1	Stimulus/S  1	1	27603731	27603739	64	5	30	pips_40_500-8000.hdf5	both	none
2761.4291	1	Stimulus/S  1	1	27614291	27614299	65	0	20	pips_40_500-8000.hdf5	both	none
2762.4958	1	Stimulus/S  1	1	27624958	27624966	65	1	40	pips_40_500-8000.hdf5	both	none
2763.5411	1	Stimulus/S  1	1	27635411	27635419	65	2	60	pips_40_500-8000.hdf5	both	none
2764.5971	1	Stimulus/S  1	1	27645971	27645979	65	3	70	pips_40_500-8000.hdf5	both	none
2765.6638	1	Stimulus/S  1	1	27656638	27656646	65	4	50	pips_40_500-8000.hdf5	both	none
2766.7198	1	Stimulus/S  1	1	27667198	27667206	65	5	30	pips_40_500-8000.hdf5	both	none
2767.7758	1	Stimulus/S  1	1	27677758	27677766	66	0	20	pips_40_500-8000.hdf5	both	none
2768.8212	1	Stimulus/S  1	1	27688212	27688220	66	1	40	pips_40_500-8000.hdf5	both	none
2769.8878	1	Stimulus/S  1	1	27698878	27698886	66	2	60	pips_40_500-8000.hdf5	both	none
2770.9545	1	Stimulus/S  1	1	27709545	27709553	66	3	70	pips_40_500-8000.hdf5	both	none
2772.0105	1	Stimulus/S  1	1	27720105	27720113	66	4	50	pips_40_500-8000.hdf5	both	none
2773.0559	1	Stimulus/S  1	1	27730559	27730567	66	5	30	pips_40_500-8000.hdf5	both	none
2774.1225	1	Stimulus/S  1	1	27741225	27741233	67	0	20	pips_40_500-8000.hdf5	both	none
2775.1786	1	Stimulus/S  1	1	27751786	27751794	67	1	40	pips_40_500-8000.hdf5	both	none
2776.2452	1	Stimulus/S  1	1	27762452	27762460	67	2	60	pips_40_500-8000.hdf5	both	none
2777.3119	1	Stimulus/S  1	1	27773119	27773127	67	3	70	pips_40_500-8000.hdf5	both	none
2778.3573	1	Stimulus/S  1	1	27783573	27783581	67	4	50	pips_40_500-8000.hdf5	both	none
2779.4133	1	Stimulus/S  1	1	27794133	27794141	67	5	30	pips_40_500-8000.hdf5	both	none
2780.4799	1	Stimulus/S  1	1	27804799	27804807	68	0	20	pips_40_500-8000.hdf5	both	none
2781.5253	1	Stimulus/S  1	1	27815253	27815261	68	1	40	pips_40_500-8000.hdf5	both	none
2782.5706	1	Stimulus/S  1	1	27825706	27825714	68	2	60	pips_40_500-8000.hdf5	both	none
2783.6373	1	Stimulus/S  1	1	27836373	27836381	68	3	70	pips_40_500-8000.hdf5	both	none
2784.704	1	Stimulus/S  1	1	27847040	27847048	68	4	50	pips_40_500-8000.hdf5	both	none
2785.7707	1	Stimulus/S  1	1	27857707	27857715	68	5	30	pips_40_500-8000.hdf5	both	none
2786.8267	1	Stimulus/S  1	1	27868267	27868275	69	0	20	pips_40_500-8000.hdf5	both	none
2787.8933	1	Stimulus/S  1	1	27878933	27878941	69	1	40	pips_40_500-8000.hdf5	both	none
2788.96	1	Stimulus/S  1	1	27889600	27889608	69	2	60	pips_40_500-8000.hdf5	both	none
2790.0054	1	Stimulus/S  1	1	27900054	27900062	69	3	70	pips_40_500-8000.hdf5	both	none
2791.072	1	Stimulus/S  1	1	27910720	27910728	69	4	50	pips_40_500-8000.hdf5	both	none
2792.1387	1	Stimulus/S  1	1	27921387	27921395	69	5	30	pips_40_500-8000.hdf5	both	none
2793.1947	1	Stimulus/S  1	1	27931947	27931955	70	0	20	pips_40_500-8000.hdf5	both	none
2794.2401	1	Stimulus/S  1	1	27942401	27942409	70	1	40	pips_40_500-8000.hdf5	both	none
2795.3068	1	Stimulus/S  1	1	27953068	27953076	70	2	60	pips_40_500-8000.hdf5	both	none
2796.3628	1	Stimulus/S  1	1	27963628	27963636	70	3	70	pips_40_500-8000.hdf5	both	none
2797.4081	1	Stimulus/S  1	1	27974081	27974089	70	4	50	pips_40_500-8000.hdf5	both	none
2799.5308	1	Stimulus/S  1	1	27995308	27995316	71	0	20	pips_40_500-8000.hdf5	both	none
2800.5761	1	Stimulus/S  1	1	28005761	28005769	71	1	40	pips_40_500-8000.hdf5	both	none
2801.6215	1	Stimulus/S  1	1	28016215	28016223	71	2	60	pips_40_500-8000.hdf5	both	none
2802.6882	1	Stimulus/S  1	1	28026882	28026890	71	3	70	pips_40_500-8000.hdf5	both	none
2803.7442	1	Stimulus/S  1	1	28037442	28037450	71	4	50	pips_40_500-8000.hdf5	both	none
2804.7895	1	Stimulus/S  1	1	28047895	28047903	71	5	30	pips_40_500-8000.hdf5	both	none
2805.8562	1	Stimulus/S  1	1	28058562	28058570	72	0	20	pips_40_500-8000.hdf5	both	none
2806.9122	1	Stimulus/S  1	1	28069122	28069130	72	1	40	pips_40_500-8000.hdf5	both	none
2807.9575	1	Stimulus/S  1	1	28079575	28079583	72	2	60	pips_40_500-8000.hdf5	both	none
2809.0135	1	Stimulus/S  1	1	28090135	28090143	72	3	70	pips_40_500-8000.hdf5	both	none
2810.0802	1	Stimulus/S  1	1	28100802	28100810	72	4	50	pips_40_500-8000.hdf5	both	none
2811.1256	1	Stimulus/S  1	1	28111256	28111264	72	5	30	pips_40_500-8000.hdf5	both	none
2812.1709	1	Stimulus/S  1	1	28121709	28121717	73	0	20	pips_40_500-8000.hdf5	both	none
2813.2376	1	Stimulus/S  1	1	28132376	28132384	73	1	40	pips_40_500-8000.hdf5	both	none
2814.3043	1	Stimulus/S  1	1	28143043	28143051	73	2	60	pips_40_500-8000.hdf5	both	none
2815.3603	1	Stimulus/S  1	1	28153603	28153611	73	3	70	pips_40_500-8000.hdf5	both	none
2816.4056	1	Stimulus/S  1	1	28164056	28164064	73	4	50	pips_40_500-8000.hdf5	both	none
2817.4723	1	Stimulus/S  1	1	28174723	28174731	73	5	30	pips_40_500-8000.hdf5	both	none
2818.5283	1	Stimulus/S  1	1	28185283	28185291	74	0	20	pips_40_500-8000.hdf5	both	none
2819.5736	1	Stimulus/S  1	1	28195736	28195744	74	1	40	pips_40_500-8000.hdf5	both	none
2820.6297	1	Stimulus/S  1	1	28206297	28206305	74	2	60	pips_40_500-8000.hdf5	both	none
2821.675	1	Stimulus/S  1	1	28216750	28216758	74	3	70	pips_40_500-8000.hdf5	both	none
2822.7417	1	Stimulus/S  1	1	28227417	28227425	74	4	50	pips_40_500-8000.hdf5	both	none
2823.8084	1	Stimulus/S  1	1	28238084	28238092	74	5	30	pips_40_500-8000.hdf5	both	none
2824.8644	1	Stimulus/S  1	1	28248644	28248652	75	0	20	pips_40_500-8000.hdf5	both	none
2825.931	1	Stimulus/S  1	1	28259310	28259318	75	1	40	pips_40_500-8000.hdf5	both	none
2826.9764	1	Stimulus/S  1	1	28269764	28269772	75	2	60	pips_40_500-8000.hdf5	both	none
2828.0217	1	Stimulus/S  1	1	28280217	28280225	75	3	70	pips_40_500-8000.hdf5	both	none
2829.0884	1	Stimulus/S  1	1	28290884	28290892	75	4	50	pips_40_500-8000.hdf5	both	none
2830.1551	1	Stimulus/S  1	1	28301551	28301559	75	5	30	pips_40_500-8000.hdf5	both	none
2831.2111	1	Stimulus/S  1	1	28312111	28312119	76	0	20	pips_40_500-8000.hdf5	both	none
2832.2564	1	Stimulus/S  1	1	28322564	28322572	76	1	40	pips_40_500-8000.hdf5	both	none
2833.3231	1	Stimulus/S  1	1	28333231	28333239	76	2	60	pips_40_500-8000.hdf5	both	none
2834.3898	1	Stimulus/S  1	1	28343898	28343906	76	3	70	pips_40_500-8000.hdf5	both	none
2835.4565	1	Stimulus/S  1	1	28354565	28354573	76	4	50	pips_40_500-8000.hdf5	both	none
2836.5125	1	Stimulus/S  1	1	28365125	28365133	76	5	30	pips_40_500-8000.hdf5	both	none
2837.5578	1	Stimulus/S  1	1	28375578	28375586	77	0	20	pips_40_500-8000.hdf5	both	none
2838.6245	1	Stimulus/S  1	1	28386245	28386253	77	1	40	pips_40_500-8000.hdf5	both	none
2839.6912	1	Stimulus/S  1	1	28396912	28396920	77	2	60	pips_40_500-8000.hdf5	both	none
2840.7472	1	Stimulus/S  1	1	28407472	28407480	77	3	70	pips_40_500-8000.hdf5	both	none
2841.8139	1	Stimulus/S  1	1	28418139	28418147	77	4	50	pips_40_500-8000.hdf5	both	none
2842.8592	1	Stimulus/S  1	1	28428592	28428600	77	5	30	pips_40_500-8000.hdf5	both	none
2843.9152	1	Stimulus/S  1	1	28439152	28439160	78	0	20	pips_40_500-8000.hdf5	both	none
2844.9712	1	Stimulus/S  1	1	28449712	28449720	78	1	40	pips_40_500-8000.hdf5	both	none
2846.0379	1	Stimulus/S  1	1	28460379	28460387	78	2	60	pips_40_500-8000.hdf5	both	none
2847.1152	1	Stimulus/S  1	1	28471152	28471160	78	3	70	pips_40_500-8000.hdf5	both	none
2848.1606	1	Stimulus/S  1	1	28481606	28481614	78	4	50	pips_40_500-8000.hdf5	both	none
2849.2059	1	Stimulus/S  1	1	28492059	28492067	78	5	30	pips_40_500-8000.hdf5	both	none
2850.2619	1	Stimulus/S  1	1	28502619	28502627	79	0	20	pips_40_500-8000.hdf5	both	none
2851.3286	1	Stimulus/S  1	1	28513286	28513294	79	1	40	pips_40_500-8000.hdf5	both	none
2852.3953	1	Stimulus/S  1	1	28523953	28523961	79	2	60	pips_40_500-8000.hdf5	both	none
2853.4406	1	Stimulus/S  1	1	28534406	28534414	79	3	70	pips_40_500-8000.hdf5	both	none
2854.4967	1	Stimulus/S  1	1	28544967	28544975	79	4	50	pips_40_500-8000.hdf5	both	none
2855.5633	1	Stimulus/S  1	1	28555633	28555641	79	5	30	pips_40_500-8000.hdf5	both	none
2856.6087	1	Stimulus/S  1	1	28566087	28566095	80	0	20	pips_40_500-8000.hdf5	both	none
2857.6647	1	Stimulus/S  1	1	28576647	28576655	80	1	40	pips_40_500-8000.hdf5	both	none
2858.7314	1	Stimulus/S  1	1	28587314	28587322	80	2	60	pips_40_500-8000.hdf5	both	none
2859.7767	1	Stimulus/S  1	1	28597767	28597775	80	3	70	pips_40_500-8000.hdf5	both	none
2860.822	1	Stimulus/S  1	1	28608220	28608228	80	4	50	pips_40_500-8000.hdf5	both	none
2861.8887	1	Stimulus/S  1	1	28618887	28618895	80	5	30	pips_40_500-8000.hdf5	both	none
2862.9554	1	Stimulus/S  1	1	28629554	28629562	81	0	20	pips_40_500-8000.hdf5	both	none
2864.0114	1	Stimulus/S  1	1	28640114	28640122	81	1	40	pips_40_500-8000.hdf5	both	none
2865.0781	1	Stimulus/S  1	1	28650781	28650789	81	2	60	pips_40_500-8000.hdf5	both	none
2866.1234	1	Stimulus/S  1	1	28661234	28661242	81	3	70	pips_40_500-8000.hdf5	both	none
2867.1794	1	Stimulus/S  1	1	28671794	28671802	81	4	50	pips_40_500-8000.hdf5	both	none
2868.2248	1	Stimulus/S  1	1	28682248	28682256	81	5	30	pips_40_500-8000.hdf5	both	none
2869.2808	1	Stimulus/S  1	1	28692808	28692816	82	0	20	pips_40_500-8000.hdf5	both	none
2870.3475	1	Stimulus/S  1	1	28703475	28703483	82	1	40	pips_40_500-8000.hdf5	both	none
2871.3928	1	Stimulus/S  1	1	28713928	28713936	82	2	60	pips_40_500-8000.hdf5	both	none
2872.4488	1	Stimulus/S  1	1	28724488	28724496	82	3	70	pips_40_500-8000.hdf5	both	none
2873.5048	1	Stimulus/S  1	1	28735048	28735056	82	4	50	pips_40_500-8000.hdf5	both	none
2874.5822	1	Stimulus/S  1	1	28745822	28745830	82	5	30	pips_40_500-8000.hdf5	both	none
2875.6275	1	Stimulus/S  1	1	28756275	28756283	83	0	20	pips_40_500-8000.hdf5	both	none
2876.6729	1	Stimulus/S  1	1	28766729	28766737	83	1	40	pips_40_500-8000.hdf5	both	none
2877.7395	1	Stimulus/S  1	1	28777395	28777403	83	2	60	pips_40_500-8000.hdf5	both	none
2878.7956	1	Stimulus/S  1	1	28787956	28787964	83	3	70	pips_40_500-8000.hdf5	both	none
2879.8409	1	Stimulus/S  1	1	28798409	28798417	83	4	50	pips_40_500-8000.hdf5	both	none
2880.9076	1	Stimulus/S  1	1	28809076	28809084	83	5	30	pips_40_500-8000.hdf5	both	none
2881.9636	1	Stimulus/S  1	1	28819636	28819644	84	0	20	pips_40_500-8000.hdf5	both	none
2883.0089	1	Stimulus/S  1	1	28830089	28830097	84	1	40	pips_40_500-8000.hdf5	both	none
2884.0756	1	Stimulus/S  1	1	28840756	28840764	84	2	60	pips_40_500-8000.hdf5	both	none
2885.1316	1	Stimulus/S  1	1	28851316	28851324	84	3	70	pips_40_500-8000.hdf5	both	none
2886.177	1	Stimulus/S  1	1	28861770	28861778	84	4	50	pips_40_500-8000.hdf5	both	none
2887.2436	1	Stimulus/S  1	1	28872436	28872444	84	5	30	pips_40_500-8000.hdf5	both	none
2888.289	1	Stimulus/S  1	1	28882890	28882898	85	0	20	pips_40_500-8000.hdf5	both	none
2889.345	1	Stimulus/S  1	1	28893450	28893458	85	1	40	pips_40_500-8000.hdf5	both	none
2890.4117	1	Stimulus/S  1	1	28904117	28904125	85	2	60	pips_40_500-8000.hdf5	both	none
2891.457	1	Stimulus/S  1	1	28914570	28914578	85	3	70	pips_40_500-8000.hdf5	both	none
2892.513	1	Stimulus/S  1	1	28925130	28925138	85	4	50	pips_40_500-8000.hdf5	both	none
2893.5797	1	Stimulus/S  1	1	28935797	28935805	85	5	30	pips_40_500-8000.hdf5	both	none
2894.625	1	Stimulus/S  1	1	28946250	28946258	86	0	20	pips_40_500-8000.hdf5	both	none
2895.681	1	Stimulus/S  1	1	28956810	28956818	86	1	40	pips_40_500-8000.hdf5	both	none
2896.7477	1	Stimulus/S  1	1	28967477	28967485	86	2	60	pips_40_500-8000.hdf5	both	none
2897.7931	1	Stimulus/S  1	1	28977931	28977939	86	3	70	pips_40_500-8000.hdf5	both	none
2898.8597	1	Stimulus/S  1	1	28988597	28988605	86	4	50	pips_40_500-8000.hdf5	both	none
2899.9264	1	Stimulus/S  1	1	28999264	28999272	86	5	30	pips_40_500-8000.hdf5	both	none
2900.9824	1	Stimulus/S  1	1	29009824	29009832	87	0	20	pips_40_500-8000.hdf5	both	none
2902.0491	1	Stimulus/S  1	1	29020491	29020499	87	1	40	pips_40_500-8000.hdf5	both	none
2903.1158	1	Stimulus/S  1	1	29031158	29031166	87	2	60	pips_40_500-8000.hdf5	both	none
2904.1611	1	Stimulus/S  1	1	29041611	29041619	87	3	70	pips_40_500-8000.hdf5	both	none
2905.2065	1	Stimulus/S  1	1	29052065	29052073	87	4	50	pips_40_500-8000.hdf5	both	none
2906.2731	1	Stimulus/S  1	1	29062731	29062739	87	5	30	pips_40_500-8000.hdf5	both	none
2907.3398	1	Stimulus/S  1	1	29073398	29073406	88	0	20	pips_40_500-8000.hdf5	both	none
2908.3958	1	Stimulus/S  1	1	29083958	29083966	88	1	40	pips_40_500-8000.hdf5	both	none
2909.4412	1	Stimulus/S  1	1	29094412	29094420	88	2	60	pips_40_500-8000.hdf5	both	none
2910.5079	1	Stimulus/S  1	1	29105079	29105087	88	3	70	pips_40_500-8000.hdf5	both	none
2911.5639	1	Stimulus/S  1	1	29115639	29115647	88	4	50	pips_40_500-8000.hdf5	both	none
2912.6092	1	Stimulus/S  1	1	29126092	29126100	88	5	30	pips_40_500-8000.hdf5	both	none
2913.6759	1	Stimulus/S  1	1	29136759	29136767	89	0	20	pips_40_500-8000.hdf5	both	none
2914.7319	1	Stimulus/S  1	1	29147319	29147327	89	1	40	pips_40_500-8000.hdf5	both	none
2915.7772	1	Stimulus/S  1	1	29157772	29157780	89	2	60	pips_40_500-8000.hdf5	both	none
2916.8439	1	Stimulus/S  1	1	29168439	29168447	89	3	70	pips_40_500-8000.hdf5	both	none
2917.8893	1	Stimulus/S  1	1	29178893	29178901	89	4	50	pips_40_500-8000.hdf5	both	none
2918.9559	1	Stimulus/S  1	1	29189559	29189567	89	5	30	pips_40_500-8000.hdf5	both	none
2920.0119	1	Stimulus/S  1	1	29200119	29200127	90	0	20	pips_40_500-8000.hdf5	both	none
2921.0573	1	Stimulus/S  1	1	29210573	29210581	90	1	40	pips_40_500-8000.hdf5	both	none
2922.1133	1	Stimulus/S  1	1	29221133	29221141	90	2	60	pips_40_500-8000.hdf5	both	none
2923.1586	1	Stimulus/S  1	1	29231586	29231594	90	3	70	pips_40_500-8000.hdf5	both	none
2924.2253	1	Stimulus/S  1	1	29242253	29242261	90	4	50	pips_40_500-8000.hdf5	both	none
2925.2813	1	Stimulus/S  1	1	29252813	29252821	90	5	30	pips_40_500-8000.hdf5	both	none
2926.3267	1	Stimulus/S  1	1	29263267	29263275	91	0	20	pips_40_500-8000.hdf5	both	none
2927.3934	1	Stimulus/S  1	1	29273934	29273942	91	1	40	pips_40_500-8000.hdf5	both	none
2928.4494	1	Stimulus/S  1	1	29284494	29284502	91	2	60	pips_40_500-8000.hdf5	both	none
2929.4947	1	Stimulus/S  1	1	29294947	29294955	91	3	70	pips_40_500-8000.hdf5	both	none
2930.54	1	Stimulus/S  1	1	29305400	29305408	91	4	50	pips_40_500-8000.hdf5	both	none
2931.6067	1	Stimulus/S  1	1	29316067	29316075	91	5	30	pips_40_500-8000.hdf5	both	none
2932.6627	1	Stimulus/S  1	1	29326627	29326635	92	0	20	pips_40_500-8000.hdf5	both	none
2933.7081	1	Stimulus/S  1	1	29337081	29337089	92	1	40	pips_40_500-8000.hdf5	both	none
2934.7748	1	Stimulus/S  1	1	29347748	29347756	92	2	60	pips_40_500-8000.hdf5	both	none
2935.8308	1	Stimulus/S  1	1	29358308	29358316	92	3	70	pips_40_500-8000.hdf5	both	none
2936.8761	1	Stimulus/S  1	1	29368761	29368769	92	4	50	pips_40_500-8000.hdf5	both	none
2937.9321	1	Stimulus/S  1	1	29379321	29379329	92	5	30	pips_40_500-8000.hdf5	both	none
2938.9988	1	Stimulus/S  1	1	29389988	29389996	93	0	20	pips_40_500-8000.hdf5	both	none
2940.0441	1	Stimulus/S  1	1	29400441	29400449	93	1	40	pips_40_500-8000.hdf5	both	none
2941.1002	1	Stimulus/S  1	1	29411002	29411010	93	2	60	pips_40_500-8000.hdf5	both	none
2942.1455	1	Stimulus/S  1	1	29421455	29421463	93	3	70	pips_40_500-8000.hdf5	both	none
2943.2122	1	Stimulus/S  1	1	29432122	29432130	93	4	50	pips_40_500-8000.hdf5	both	none
2944.2788	1	Stimulus/S  1	1	29442788	29442796	93	5	30	pips_40_500-8000.hdf5	both	none
2945.3242	1	Stimulus/S  1	1	29453242	29453250	94	0	20	pips_40_500-8000.hdf5	both	none
2946.3802	1	Stimulus/S  1	1	29463802	29463810	94	1	40	pips_40_500-8000.hdf5	both	none
2947.4255	1	Stimulus/S  1	1	29474255	29474263	94	2	60	pips_40_500-8000.hdf5	both	none
2948.4922	1	Stimulus/S  1	1	29484922	29484930	94	3	70	pips_40_500-8000.hdf5	both	none
2949.5589	1	Stimulus/S  1	1	29495589	29495597	94	4	50	pips_40_500-8000.hdf5	both	none
2950.6149	1	Stimulus/S  1	1	29506149	29506157	94	5	30	pips_40_500-8000.hdf5	both	none
2951.6603	1	Stimulus/S  1	1	29516603	29516611	95	0	20	pips_40_500-8000.hdf5	both	none
2952.7269	1	Stimulus/S  1	1	29527269	29527277	95	1	40	pips_40_500-8000.hdf5	both	none
2953.7936	1	Stimulus/S  1	1	29537936	29537944	95	2	60	pips_40_500-8000.hdf5	both	none
2954.8496	1	Stimulus/S  1	1	29548496	29548504	95	3	70	pips_40_500-8000.hdf5	both	none
2955.895	1	Stimulus/S  1	1	29558950	29558958	95	4	50	pips_40_500-8000.hdf5	both	none
2956.9403	1	Stimulus/S  1	1	29569403	29569411	95	5	30	pips_40_500-8000.hdf5	both	none
2957.9963	1	Stimulus/S  1	1	29579963	29579971	96	0	20	pips_40_500-8000.hdf5	both	none
2959.063	1	Stimulus/S  1	1	29590630	29590638	96	1	40	pips_40_500-8000.hdf5	both	none
2960.1297	1	Stimulus/S  1	1	29601297	29601305	96	2	60	pips_40_500-8000.hdf5	both	none
2961.175	1	Stimulus/S  1	1	29611750	29611758	96	3	70	pips_40_500-8000.hdf5	both	none
2962.231	1	Stimulus/S  1	1	29622310	29622318	96	4	50	pips_40_500-8000.hdf5	both	none
2963.2764	1	Stimulus/S  1	1	29632764	29632772	96	5	30	pips_40_500-8000.hdf5	both	none
2964.3324	1	Stimulus/S  1	1	29643324	29643332	97	0	20	pips_40_500-8000.hdf5	both	none
2965.3991	1	Stimulus/S  1	1	29653991	29653999	97	1	40	pips_40_500-8000.hdf5	both	none
2966.4657	1	Stimulus/S  1	1	29664657	29664665	97	2	60	pips_40_500-8000.hdf5	both	none
2967.5111	1	Stimulus/S  1	1	29675111	29675119	97	3	70	pips_40_500-8000.hdf5	both	none
2968.5777	1	Stimulus/S  1	1	29685777	29685785	97	4	50	pips_40_500-8000.hdf5	both	none
2969.6338	1	Stimulus/S  1	1	29696338	29696346	97	5	30	pips_40_500-8000.hdf5	both	none
2970.7004	1	Stimulus/S  1	1	29707004	29707012	98	0	20	pips_40_500-8000.hdf5	both	none
2971.7671	1	Stimulus/S  1	1	29717671	29717679	98	1	40	pips_40_500-8000.hdf5	both	none
2972.8125	1	Stimulus/S  1	1	29728125	29728133	98	2	60	pips_40_500-8000.hdf5	both	none
2973.8791	1	Stimulus/S  1	1	29738791	29738799	98	3	70	pips_40_500-8000.hdf5	both	none
2974.9458	1	Stimulus/S  1	1	29749458	29749466	98	4	50	pips_40_500-8000.hdf5	both	none
2976.0125	1	Stimulus/S  1	1	29760125	29760133	98	5	30	pips_40_500-8000.hdf5	both	none
2977.0578	1	Stimulus/S  1	1	29770578	29770586	99	0	20	pips_40_500-8000.hdf5	both	none
2978.1245	1	Stimulus/S  1	1	29781245	29781253	99	1	40	pips_40_500-8000.hdf5	both	none
2979.1912	1	Stimulus/S  1	1	29791912	29791920	99	2	60	pips_40_500-8000.hdf5	both	none
2980.2472	1	Stimulus/S  1	1	29802472	29802480	99	3	70	pips_40_500-8000.hdf5	both	none
2981.2925	1	Stimulus/S  1	1	29812925	29812933	99	4	50	pips_40_500-8000.hdf5	both	none
2982.3485	1	Stimulus/S  1	1	29823485	29823493	99	5	30	pips_40_500-8000.hdf5	both	none
2983.3939	1	Stimulus/S  1	1	29833939	29833947	100	0	20	pips_40_500-8000.hdf5	both	none
2984.4499	1	Stimulus/S  1	1	29844499	29844507	100	1	40	pips_40_500-8000.hdf5	both	none
2985.4952	1	Stimulus/S  1	1	29854952	29854960	100	2	60	pips_40_500-8000.hdf5	both	none
2986.5619	1	Stimulus/S  1	1	29865619	29865627	100	3	70	pips_40_500-8000.hdf5	both	none
2987.6073	1	Stimulus/S  1	1	29876073	29876081	100	4	50	pips_40_500-8000.hdf5	both	none
2988.6739	1	Stimulus/S  1	1	29886739	29886747	100	5	30	pips_40_500-8000.hdf5	both	none
2989.73	1	Stimulus/S  1	1	29897300	29897308	101	0	20	pips_40_500-8000.hdf5	both	none
2990.7753	1	Stimulus/S  1	1	29907753	29907761	101	1	40	pips_40_500-8000.hdf5	both	none
2991.842	1	Stimulus/S  1	1	29918420	29918428	101	2	60	pips_40_500-8000.hdf5	both	none
2992.9086	1	Stimulus/S  1	1	29929086	29929094	101	3	70	pips_40_500-8000.hdf5	both	none
2993.9647	1	Stimulus/S  1	1	29939647	29939655	101	4	50	pips_40_500-8000.hdf5	both	none
2995.0313	1	Stimulus/S  1	1	29950313	29950321	101	5	30	pips_40_500-8000.hdf5	both	none
2996.098	1	Stimulus/S  1	1	29960980	29960988	102	0	20	pips_40_500-8000.hdf5	both	none
2997.1434	1	Stimulus/S  1	1	29971434	29971442	102	1	40	pips_40_500-8000.hdf5	both	none
2998.1994	1	Stimulus/S  1	1	29981994	29982002	102	2	60	pips_40_500-8000.hdf5	both	none
2999.266	1	Stimulus/S  1	1	29992660	29992668	102	3	70	pips_40_500-8000.hdf5	both	none
3000.3114	1	Stimulus/S  1	1	30003114	30003122	102	4	50	pips_40_500-8000.hdf5	both	none
3001.3674	1	Stimulus/S  1	1	30013674	30013682	102	5	30	pips_40_500-8000.hdf5	both	none
3002.4127	1	Stimulus/S  1	1	30024127	30024135	103	0	20	pips_40_500-8000.hdf5	both	none
3003.4581	1	Stimulus/S  1	1	30034581	30034589	103	1	40	pips_40_500-8000.hdf5	both	none
3004.5248	1	Stimulus/S  1	1	30045248	30045256	103	2	60	pips_40_500-8000.hdf5	both	none
3005.5914	1	Stimulus/S  1	1	30055914	30055922	103	3	70	pips_40_500-8000.hdf5	both	none
3006.6474	1	Stimulus/S  1	1	30066474	30066482	103	4	50	pips_40_500-8000.hdf5	both	none
3007.7141	1	Stimulus/S  1	1	30077141	30077149	103	5	30	pips_40_500-8000.hdf5	both	none
3008.7595	1	Stimulus/S  1	1	30087595	30087603	104	0	20	pips_40_500-8000.hdf5	both	none
3009.8155	1	Stimulus/S  1	1	30098155	30098163	104	1	40	pips_40_500-8000.hdf5	both	none
3010.8822	1	Stimulus/S  1	1	30108822	30108830	104	2	60	pips_40_500-8000.hdf5	both	none
3011.9275	1	Stimulus/S  1	1	30119275	30119283	104	3	70	pips_40_500-8000.hdf5	both	none
3012.9835	1	Stimulus/S  1	1	30129835	30129843	104	4	50	pips_40_500-8000.hdf5	both	none
3014.0502	1	Stimulus/S  1	1	30140502	30140510	104	5	30	pips_40_500-8000.hdf5	both	none
3015.1169	1	Stimulus/S  1	1	30151169	30151177	105	0	20	pips_40_500-8000.hdf5	both	none
3016.1622	1	Stimulus/S  1	1	30161622	30161630	105	1	40	pips_40_500-8000.hdf5	both	none
3017.2289	1	Stimulus/S  1	1	30172289	30172297	105	2	60	pips_40_500-8000.hdf5	both	none
3018.2742	1	Stimulus/S  1	1	30182742	30182750	105	3	70	pips_40_500-8000.hdf5	both	none
3019.3302	1	Stimulus/S  1	1	30193302	30193310	105	4	50	pips_40_500-8000.hdf5	both	none
3020.3756	1	Stimulus/S  1	1	30203756	30203764	105	5	30	pips_40_500-8000.hdf5	both	none
3021.4316	1	Stimulus/S  1	1	30214316	30214324	106	0	20	pips_40_500-8000.hdf5	both	none
3022.4983	1	Stimulus/S  1	1	30224983	30224991	106	1	40	pips_40_500-8000.hdf5	both	none
3023.5436	1	Stimulus/S  1	1	30235436	30235444	106	2	60	pips_40_500-8000.hdf5	both	none
3024.6103	1	Stimulus/S  1	1	30246103	30246111	106	3	70	pips_40_500-8000.hdf5	both	none
3025.677	1	Stimulus/S  1	1	30256770	30256778	106	4	50	pips_40_500-8000.hdf5	both	none
3026.733	1	Stimulus/S  1	1	30267330	30267338	106	5	30	pips_40_500-8000.hdf5	both	none
3027.7996	1	Stimulus/S  1	1	30277996	30278004	107	0	20	pips_40_500-8000.hdf5	both	none
3028.845	1	Stimulus/S  1	1	30288450	30288458	107	1	40	pips_40_500-8000.hdf5	both	none
3029.901	1	Stimulus/S  1	1	30299010	30299018	107	2	60	pips_40_500-8000.hdf5	both	none
3030.9463	1	Stimulus/S  1	1	30309463	30309471	107	3	70	pips_40_500-8000.hdf5	both	none
3031.9917	1	Stimulus/S  1	1	30319917	30319925	107	4	50	pips_40_500-8000.hdf5	both	none
3033.0477	1	Stimulus/S  1	1	30330477	30330485	107	5	30	pips_40_500-8000.hdf5	both	none
3034.1144	1	Stimulus/S  1	1	30341144	30341152	108	0	20	pips_40_500-8000.hdf5	both	none
3035.1811	1	Stimulus/S  1	1	30351811	30351819	108	1	40	pips_40_500-8000.hdf5	both	none
3036.2264	1	Stimulus/S  1	1	30362264	30362272	108	2	60	pips_40_500-8000.hdf5	both	none
3037.2824	1	Stimulus/S  1	1	30372824	30372832	108	3	70	pips_40_500-8000.hdf5	both	none
3038.3277	1	Stimulus/S  1	1	30383277	30383285	108	4	50	pips_40_500-8000.hdf5	both	none
3039.3944	1	Stimulus/S  1	1	30393944	30393952	108	5	30	pips_40_500-8000.hdf5	both	none
3040.4611	1	Stimulus/S  1	1	30404611	30404619	109	0	20	pips_40_500-8000.hdf5	both	none
3041.5171	1	Stimulus/S  1	1	30415171	30415179	109	1	40	pips_40_500-8000.hdf5	both	none
3042.5625	1	Stimulus/S  1	1	30425625	30425633	109	2	60	pips_40_500-8000.hdf5	both	none
3043.6291	1	Stimulus/S  1	1	30436291	30436299	109	3	70	pips_40_500-8000.hdf5	both	none
3044.6851	1	Stimulus/S  1	1	30446851	30446859	109	4	50	pips_40_500-8000.hdf5	both	none
3045.7305	1	Stimulus/S  1	1	30457305	30457313	109	5	30	pips_40_500-8000.hdf5	both	none
3046.7758	1	Stimulus/S  1	1	30467758	30467766	110	0	20	pips_40_500-8000.hdf5	both	none
3047.8425	1	Stimulus/S  1	1	30478425	30478433	110	1	40	pips_40_500-8000.hdf5	both	none
3048.8985	1	Stimulus/S  1	1	30488985	30488993	110	2	60	pips_40_500-8000.hdf5	both	none
3049.9439	1	Stimulus/S  1	1	30499439	30499447	110	3	70	pips_40_500-8000.hdf5	both	none
3051.0105	1	Stimulus/S  1	1	30510105	30510113	110	4	50	pips_40_500-8000.hdf5	both	none
3052.0772	1	Stimulus/S  1	1	30520772	30520780	110	5	30	pips_40_500-8000.hdf5	both	none
3053.1332	1	Stimulus/S  1	1	30531332	30531340	111	0	20	pips_40_500-8000.hdf5	both	none
3054.1786	1	Stimulus/S  1	1	30541786	30541794	111	1	40	pips_40_500-8000.hdf5	both	none
3055.2346	1	Stimulus/S  1	1	30552346	30552354	111	2	60	pips_40_500-8000.hdf5	both	none
3056.3013	1	Stimulus/S  1	1	30563013	30563021	111	3	70	pips_40_500-8000.hdf5	both	none
3057.3679	1	Stimulus/S  1	1	30573679	30573687	111	4	50	pips_40_500-8000.hdf5	both	none
3058.4133	1	Stimulus/S  1	1	30584133	30584141	111	5	30	pips_40_500-8000.hdf5	both	none
3059.4693	1	Stimulus/S  1	1	30594693	30594701	112	0	20	pips_40_500-8000.hdf5	both	none
3060.5146	1	Stimulus/S  1	1	30605146	30605154	112	1	40	pips_40_500-8000.hdf5	both	none
3061.5813	1	Stimulus/S  1	1	30615813	30615821	112	2	60	pips_40_500-8000.hdf5	both	none
3062.648	1	Stimulus/S  1	1	30626480	30626488	112	3	70	pips_40_500-8000.hdf5	both	none
3063.7147	1	Stimulus/S  1	1	30637147	30637155	112	4	50	pips_40_500-8000.hdf5	both	none
3064.76	1	Stimulus/S  1	1	30647600	30647608	112	5	30	pips_40_500-8000.hdf5	both	none
3065.816	1	Stimulus/S  1	1	30658160	30658168	113	0	20	pips_40_500-8000.hdf5	both	none
3066.8827	1	Stimulus/S  1	1	30668827	30668835	113	1	40	pips_40_500-8000.hdf5	both	none
3067.928	1	Stimulus/S  1	1	30679280	30679288	113	2	60	pips_40_500-8000.hdf5	both	none
3068.984	1	Stimulus/S  1	1	30689840	30689848	113	3	70	pips_40_500-8000.hdf5	both	none
3070.0507	1	Stimulus/S  1	1	30700507	30700515	113	4	50	pips_40_500-8000.hdf5	both	none
3071.0961	1	Stimulus/S  1	1	30710961	30710969	113	5	30	pips_40_500-8000.hdf5	both	none
3072.1627	1	Stimulus/S  1	1	30721627	30721635	114	0	20	pips_40_500-8000.hdf5	both	none
3073.2188	1	Stimulus/S  1	1	30732188	30732196	114	1	40	pips_40_500-8000.hdf5	both	none
3074.2641	1	Stimulus/S  1	1	30742641	30742649	114	2	60	pips_40_500-8000.hdf5	both	none
3075.3094	1	Stimulus/S  1	1	30753094	30753102	114	3	70	pips_40_500-8000.hdf5	both	none
3076.3654	1	Stimulus/S  1	1	30763654	30763662	114	4	50	pips_40_500-8000.hdf5	both	none
3077.4108	1	Stimulus/S  1	1	30774108	30774116	114	5	30	pips_40_500-8000.hdf5	both	none
3078.4775	1	Stimulus/S  1	1	30784775	30784783	115	0	20	pips_40_500-8000.hdf5	both	none
3079.5335	1	Stimulus/S  1	1	30795335	30795343	115	1	40	pips_40_500-8000.hdf5	both	none
3080.5788	1	Stimulus/S  1	1	30805788	30805796	115	2	60	pips_40_500-8000.hdf5	both	none
3081.6455	1	Stimulus/S  1	1	30816455	30816463	115	3	70	pips_40_500-8000.hdf5	both	none
3082.7015	1	Stimulus/S  1	1	30827015	30827023	115	4	50	pips_40_500-8000.hdf5	both	none
3083.7682	1	Stimulus/S  1	1	30837682	30837690	115	5	30	pips_40_500-8000.hdf5	both	none
3084.8349	1	Stimulus/S  1	1	30848349	30848357	116	0	20	pips_40_500-8000.hdf5	both	none
3085.8802	1	Stimulus/S  1	1	30858802	30858810	116	1	40	pips_40_500-8000.hdf5	both	none
3086.9469	1	Stimulus/S  1	1	30869469	30869477	116	2	60	pips_40_500-8000.hdf5	both	none
3088.0136	1	Stimulus/S  1	1	30880136	30880144	116	3	70	pips_40_500-8000.hdf5	both	none
3089.0589	1	Stimulus/S  1	1	30890589	30890597	116	4	50	pips_40_500-8000.hdf5	both	none
3090.1149	1	Stimulus/S  1	1	30901149	30901157	116	5	30	pips_40_500-8000.hdf5	both	none
3091.1816	1	Stimulus/S  1	1	30911816	30911824	117	0	20	pips_40_500-8000.hdf5	both	none
3092.2483	1	Stimulus/S  1	1	30922483	30922491	117	1	40	pips_40_500-8000.hdf5	both	none
3093.3149	1	Stimulus/S  1	1	30933149	30933157	117	2	60	pips_40_500-8000.hdf5	both	none
3094.3816	1	Stimulus/S  1	1	30943816	30943824	117	3	70	pips_40_500-8000.hdf5	both	none
3095.4483	1	Stimulus/S  1	1	30954483	30954491	117	4	50	pips_40_500-8000.hdf5	both	none
3096.4936	1	Stimulus/S  1	1	30964936	30964944	117	5	30	pips_40_500-8000.hdf5	both	none
3097.5497	1	Stimulus/S  1	1	30975497	30975505	118	0	20	pips_40_500-8000.hdf5	both	none
3098.6163	1	Stimulus/S  1	1	30986163	30986171	118	1	40	pips_40_500-8000.hdf5	both	none
3099.6617	1	Stimulus/S  1	1	30996617	30996625	118	2	60	pips_40_500-8000.hdf5	both	none
3100.7283	1	Stimulus/S  1	1	31007283	31007291	118	3	70	pips_40_500-8000.hdf5	both	none
3101.7844	1	Stimulus/S  1	1	31017844	31017852	118	4	50	pips_40_500-8000.hdf5	both	none
3102.8297	1	Stimulus/S  1	1	31028297	31028305	118	5	30	pips_40_500-8000.hdf5	both	none
3103.8964	1	Stimulus/S  1	1	31038964	31038972	119	0	20	pips_40_500-8000.hdf5	both	none
3104.9631	1	Stimulus/S  1	1	31049631	31049639	119	1	40	pips_40_500-8000.hdf5	both	none
3106.0191	1	Stimulus/S  1	1	31060191	31060199	119	2	60	pips_40_500-8000.hdf5	both	none
3107.0857	1	Stimulus/S  1	1	31070857	31070865	119	3	70	pips_40_500-8000.hdf5	both	none
3108.1524	1	Stimulus/S  1	1	31081524	31081532	119	4	50	pips_40_500-8000.hdf5	both	none
3109.1978	1	Stimulus/S  1	1	31091978	31091986	119	5	30	pips_40_500-8000.hdf5	both	none
3110.2644	1	Stimulus/S  1	1	31102644	31102652	0	0	20	pips_40_500-8000.hdf5	both	none
3111.3311	1	Stimulus/S  1	1	31113311	31113319	0	1	40	pips_40_500-8000.hdf5	both	none
3112.3765	1	Stimulus/S  1	1	31123765	31123773	0	2	60	pips_40_500-8000.hdf5	both	none
3113.4431	1	Stimulus/S  1	1	31134431	31134439	0	3	70	pips_40_500-8000.hdf5	both	none
3114.4991	1	Stimulus/S  1	1	31144991	31144999	0	4	50	pips_40_500-8000.hdf5	both	none
3115.5445	1	Stimulus/S  1	1	31155445	31155453	0	5	30	pips_40_500-8000.hdf5	both	none
3116.6112	1	Stimulus/S  1	1	31166112	31166120	1	0	20	pips_40_500-8000.hdf5	both	none
3117.6672	1	Stimulus/S  1	1	31176672	31176680	1	1	40	pips_40_500-8000.hdf5	both	none
3118.7125	1	Stimulus/S  1	1	31187125	31187133	1	2	60	pips_40_500-8000.hdf5	both	none
3119.7792	1	Stimulus/S  1	1	31197792	31197800	1	3	70	pips_40_500-8000.hdf5	both	none
3120.8352	1	Stimulus/S  1	1	31208352	31208360	1	4	50	pips_40_500-8000.hdf5	both	none
3121.9019	1	Stimulus/S  1	1	31219019	31219027	1	5	30	pips_40_500-8000.hdf5	both	none
3122.9472	1	Stimulus/S  1	1	31229472	31229480	2	0	20	pips_40_500-8000.hdf5	both	none
3124.0139	1	Stimulus/S  1	1	31240139	31240147	2	1	40	pips_40_500-8000.hdf5	both	none
3125.0806	1	Stimulus/S  1	1	31250806	31250814	2	2	60	pips_40_500-8000.hdf5	both	none
3126.1366	1	Stimulus/S  1	1	31261366	31261374	2	3	70	pips_40_500-8000.hdf5	both	none
3127.2033	1	Stimulus/S  1	1	31272033	31272041	2	4	50	pips_40_500-8000.hdf5	both	none
3128.2486	1	Stimulus/S  1	1	31282486	31282494	2	5	30	pips_40_500-8000.hdf5	both	none
3129.294	1	Stimulus/S  1	1	31292940	31292948	3	0	20	pips_40_500-8000.hdf5	both	none
3130.35	1	Stimulus/S  1	1	31303500	31303508	3	1	40	pips_40_500-8000.hdf5	both	none
3131.3953	1	Stimulus/S  1	1	31313953	31313961	3	2	60	pips_40_500-8000.hdf5	both	none
3132.4513	1	Stimulus/S  1	1	31324513	31324521	3	3	70	pips_40_500-8000.hdf5	both	none
3133.4967	1	Stimulus/S  1	1	31334967	31334975	3	4	50	pips_40_500-8000.hdf5	both	none
3134.5633	1	Stimulus/S  1	1	31345633	31345641	3	5	30	pips_40_500-8000.hdf5	both	none
3135.6193	1	Stimulus/S  1	1	31356193	31356201	4	0	20	pips_40_500-8000.hdf5	both	none
3136.686	1	Stimulus/S  1	1	31366860	31366868	4	1	40	pips_40_500-8000.hdf5	both	none
3137.7527	1	Stimulus/S  1	1	31377527	31377535	4	2	60	pips_40_500-8000.hdf5	both	none
3138.798	1	Stimulus/S  1	1	31387980	31387988	4	3	70	pips_40_500-8000.hdf5	both	none
3139.8434	1	Stimulus/S  1	1	31398434	31398442	4	4	50	pips_40_500-8000.hdf5	both	none
3140.9101	1	Stimulus/S  1	1	31409101	31409109	4	5	30	pips_40_500-8000.hdf5	both	none
3141.9767	1	Stimulus/S  1	1	31419767	31419775	5	0	20	pips_40_500-8000.hdf5	both	none
3143.0434	1	Stimulus/S  1	1	31430434	31430442	5	1	40	pips_40_500-8000.hdf5	both	none
3144.0994	1	Stimulus/S  1	1	31440994	31441002	5	2	60	pips_40_500-8000.hdf5	both	none
3145.1661	1	Stimulus/S  1	1	31451661	31451669	5	3	70	pips_40_500-8000.hdf5	both	none
3146.2328	1	Stimulus/S  1	1	31462328	31462336	5	4	50	pips_40_500-8000.hdf5	both	none
3147.2781	1	Stimulus/S  1	1	31472781	31472789	5	5	30	pips_40_500-8000.hdf5	both	none
3148.3341	1	Stimulus/S  1	1	31483341	31483349	6	0	20	pips_40_500-8000.hdf5	both	none
3149.4008	1	Stimulus/S  1	1	31494008	31494016	6	1	40	pips_40_500-8000.hdf5	both	none
3150.4675	1	Stimulus/S  1	1	31504675	31504683	6	2	60	pips_40_500-8000.hdf5	both	none
3151.5342	1	Stimulus/S  1	1	31515342	31515350	6	3	70	pips_40_500-8000.hdf5	both	none
3152.5795	1	Stimulus/S  1	1	31525795	31525803	6	4	50	pips_40_500-8000.hdf5	both	none
3153.6355	1	Stimulus/S  1	1	31536355	31536363	6	5	30	pips_40_500-8000.hdf5	both	none
3154.6809	1	Stimulus/S  1	1	31546809	31546817	7	0	20	pips_40_500-8000.hdf5	both	none
3155.7475	1	Stimulus/S  1	1	31557475	31557483	7	1	40	pips_40_500-8000.hdf5	both	none
3156.8142	1	Stimulus/S  1	1	31568142	31568150	7	2	60	pips_40_500-8000.hdf5	both	none
3157.8702	1	Stimulus/S  1	1	31578702	31578710	7	3	70	pips_40_500-8000.hdf5	both	none
3158.9156	1	Stimulus/S  1	1	31589156	31589164	7	4	50	pips_40_500-8000.hdf5	both	none
3159.9822	1	Stimulus/S  1	1	31599822	31599830	7	5	30	pips_40_500-8000.hdf5	both	none
3161.0276	1	Stimulus/S  1	1	31610276	31610284	8	0	20	pips_40_500-8000.hdf5	both	none
3162.0836	1	Stimulus/S  1	1	31620836	31620844	8	1	40	pips_40_500-8000.hdf5	both	none
3163.1289	1	Stimulus/S  1	1	31631289	31631297	8	2	60	pips_40_500-8000.hdf5	both	none
3164.1956	1	Stimulus/S  1	1	31641956	31641964	8	3	70	pips_40_500-8000.hdf5	both	none
3165.2623	1	Stimulus/S  1	1	31652623	31652631	8	4	50	pips_40_500-8000.hdf5	both	none
3166.3183	1	Stimulus/S  1	1	31663183	31663191	8	5	30	pips_40_500-8000.hdf5	both	none
3167.3637	1	Stimulus/S  1	1	31673637	31673645	9	0	20	pips_40_500-8000.hdf5	both	none
3168.4303	1	Stimulus/S  1	1	31684303	31684311	9	1	40	pips_40_500-8000.hdf5	both	none
3169.4863	1	Stimulus/S  1	1	31694863	31694871	9	2	60	pips_40_500-8000.hdf5	both	none
3170.553	1	Stimulus/S  1	1	31705530	31705538	9	3	70	pips_40_500-8000.hdf5	both	none
3171.5984	1	Stimulus/S  1	1	31715984	31715992	9	4	50	pips_40_500-8000.hdf5	both	none
3172.6437	1	Stimulus/S  1	1	31726437	31726445	9	5	30	pips_40_500-8000.hdf5	both	none
3173.721	1	Stimulus/S  1	1	31737210	31737218	10	0	20	pips_40_500-8000.hdf5	both	none
3174.7664	1	Stimulus/S  1	1	31747664	31747672	10	1	40	pips_40_500-8000.hdf5	both	none
3175.8117	1	Stimulus/S  1	1	31758117	31758125	10	2	60	pips_40_500-8000.hdf5	both	none
3176.8784	1	Stimulus/S  1	1	31768784	31768792	10	3	70	pips_40_500-8000.hdf5	both	none
3177.9344	1	Stimulus/S  1	1	31779344	31779352	10	4	50	pips_40_500-8000.hdf5	both	none
3178.9798	1	Stimulus/S  1	1	31789798	31789806	10	5	30	pips_40_500-8000.hdf5	both	none
3180.0464	1	Stimulus/S  1	1	31800464	31800472	11	0	20	pips_40_500-8000.hdf5	both	none
3181.1025	1	Stimulus/S  1	1	31811025	31811033	11	1	40	pips_40_500-8000.hdf5	both	none
3182.1691	1	Stimulus/S  1	1	31821691	31821699	11	2	60	pips_40_500-8000.hdf5	both	none
3183.2145	1	Stimulus/S  1	1	31832145	31832153	11	3	70	pips_40_500-8000.hdf5	both	none
3184.2705	1	Stimulus/S  1	1	31842705	31842713	11	4	50	pips_40_500-8000.hdf5	both	none
3185.3372	1	Stimulus/S  1	1	31853372	31853380	11	5	30	pips_40_500-8000.hdf5	both	none
3186.3825	1	Stimulus/S  1	1	31863825	31863833	12	0	20	pips_40_500-8000.hdf5	both	none
3187.4492	1	Stimulus/S  1	1	31874492	31874500	12	1	40	pips_40_500-8000.hdf5	both	none
3188.4945	1	Stimulus/S  1	1	31884945	31884953	12	2	60	pips_40_500-8000.hdf5	both	none
3189.5612	1	Stimulus/S  1	1	31895612	31895620	12	3	70	pips_40_500-8000.hdf5	both	none
3190.6279	1	Stimulus/S  1	1	31906279	31906287	12	4	50	pips_40_500-8000.hdf5	both	none
3191.6839	1	Stimulus/S  1	1	31916839	31916847	12	5	30	pips_40_500-8000.hdf5	both	none
3192.7292	1	Stimulus/S  1	1	31927292	31927300	13	0	20	pips_40_500-8000.hdf5	both	none
3193.7852	1	Stimulus/S  1	1	31937852	31937860	13	1	40	pips_40_500-8000.hdf5	both	none
3194.8306	1	Stimulus/S  1	1	31948306	31948314	13	2	60	pips_40_500-8000.hdf5	both	none
3195.8973	1	Stimulus/S  1	1	31958973	31958981	13	3	70	pips_40_500-8000.hdf5	both	none
3196.9533	1	Stimulus/S  1	1	31969533	31969541	13	4	50	pips_40_500-8000.hdf5	both	none
3197.9986	1	Stimulus/S  1	1	31979986	31979994	13	5	30	pips_40_500-8000.hdf5	both	none
3199.0653	1	Stimulus/S  1	1	31990653	31990661	14	0	20	pips_40_500-8000.hdf5	both	none
3200.1106	1	Stimulus/S  1	1	32001106	32001114	14	1	40	pips_40_500-8000.hdf5	both	none
3201.1666	1	Stimulus/S  1	1	32011666	32011674	14	2	60	pips_40_500-8000.hdf5	both	none
3202.212	1	Stimulus/S  1	1	32022120	32022128	14	3	70	pips_40_500-8000.hdf5	both	none
3203.268	1	Stimulus/S  1	1	32032680	32032688	14	4	50	pips_40_500-8000.hdf5	both	none
3204.3133	1	Stimulus/S  1	1	32043133	32043141	14	5	30	pips_40_500-8000.hdf5	both	none
3205.3694	1	Stimulus/S  1	1	32053694	32053702	15	0	20	pips_40_500-8000.hdf5	both	none
3206.436	1	Stimulus/S  1	1	32064360	32064368	15	1	40	pips_40_500-8000.hdf5	both	none
3207.4814	1	Stimulus/S  1	1	32074814	32074822	15	2	60	pips_40_500-8000.hdf5	both	none
3208.5374	1	Stimulus/S  1	1	32085374	32085382	15	3	70	pips_40_500-8000.hdf5	both	none
3209.5827	1	Stimulus/S  1	1	32095827	32095835	15	4	50	pips_40_500-8000.hdf5	both	none
3210.6281	1	Stimulus/S  1	1	32106281	32106289	15	5	30	pips_40_500-8000.hdf5	both	none
3211.6947	1	Stimulus/S  1	1	32116947	32116955	16	0	20	pips_40_500-8000.hdf5	both	none
3212.7508	1	Stimulus/S  1	1	32127508	32127516	16	1	40	pips_40_500-8000.hdf5	both	none
3213.8174	1	Stimulus/S  1	1	32138174	32138182	16	2	60	pips_40_500-8000.hdf5	both	none
3214.8841	1	Stimulus/S  1	1	32148841	32148849	16	3	70	pips_40_500-8000.hdf5	both	none
3215.9295	1	Stimulus/S  1	1	32159295	32159303	16	4	50	pips_40_500-8000.hdf5	both	none
3216.9855	1	Stimulus/S  1	1	32169855	32169863	16	5	30	pips_40_500-8000.hdf5	both	none
3218.0308	1	Stimulus/S  1	1	32180308	32180316	17	0	20	pips_40_500-8000.hdf5	both	none
3219.0868	1	Stimulus/S  1	1	32190868	32190876	17	1	40	pips_40_500-8000.hdf5	both	none
3220.1535	1	Stimulus/S  1	1	32201535	32201543	17	2	60	pips_40_500-8000.hdf5	both	none
3221.1988	1	Stimulus/S  1	1	32211988	32211996	17	3	70	pips_40_500-8000.hdf5	both	none
3222.2655	1	Stimulus/S  1	1	32222655	32222663	17	4	50	pips_40_500-8000.hdf5	both	none
3223.3215	1	Stimulus/S  1	1	32233215	32233223	17	5	30	pips_40_500-8000.hdf5	both	none
3224.3669	1	Stimulus/S  1	1	32243669	32243677	18	0	20	pips_40_500-8000.hdf5	both	none
3225.4335	1	Stimulus/S  1	1	32254335	32254343	18	1	40	pips_40_500-8000.hdf5	both	none
3226.4789	1	Stimulus/S  1	1	32264789	32264797	18	2	60	pips_40_500-8000.hdf5	both	none
3227.5349	1	Stimulus/S  1	1	32275349	32275357	18	3	70	pips_40_500-8000.hdf5	both	none
3228.6016	1	Stimulus/S  1	1	32286016	32286024	18	4	50	pips_40_500-8000.hdf5	both	none
3229.6469	1	Stimulus/S  1	1	32296469	32296477	18	5	30	pips_40_500-8000.hdf5	both	none
3230.7029	1	Stimulus/S  1	1	32307029	32307037	19	0	20	pips_40_500-8000.hdf5	both	none
3231.7483	1	Stimulus/S  1	1	32317483	32317491	19	1	40	pips_40_500-8000.hdf5	both	none
3232.8043	1	Stimulus/S  1	1	32328043	32328051	19	2	60	pips_40_500-8000.hdf5	both	none
3233.871	1	Stimulus/S  1	1	32338710	32338718	19	3	70	pips_40_500-8000.hdf5	both	none
3234.9376	1	Stimulus/S  1	1	32349376	32349384	19	4	50	pips_40_500-8000.hdf5	both	none
3235.983	1	Stimulus/S  1	1	32359830	32359838	19	5	30	pips_40_500-8000.hdf5	both	none
3237.039	1	Stimulus/S  1	1	32370390	32370398	20	0	20	pips_40_500-8000.hdf5	both	none
3238.0843	1	Stimulus/S  1	1	32380843	32380851	20	1	40	pips_40_500-8000.hdf5	both	none
3239.151	1	Stimulus/S  1	1	32391510	32391518	20	2	60	pips_40_500-8000.hdf5	both	none
3240.1964	1	Stimulus/S  1	1	32401964	32401972	20	3	70	pips_40_500-8000.hdf5	both	none
3241.263	1	Stimulus/S  1	1	32412630	32412638	20	4	50	pips_40_500-8000.hdf5	both	none
3242.319	1	Stimulus/S  1	1	32423190	32423198	20	5	30	pips_40_500-8000.hdf5	both	none
3243.3644	1	Stimulus/S  1	1	32433644	32433652	21	0	20	pips_40_500-8000.hdf5	both	none
3244.4311	1	Stimulus/S  1	1	32444311	32444319	21	1	40	pips_40_500-8000.hdf5	both	none
3245.4977	1	Stimulus/S  1	1	32454977	32454985	21	2	60	pips_40_500-8000.hdf5	both	none
3246.5644	1	Stimulus/S  1	1	32465644	32465652	21	3	70	pips_40_500-8000.hdf5	both	none
3247.6204	1	Stimulus/S  1	1	32476204	32476212	21	4	50	pips_40_500-8000.hdf5	both	none
3248.6658	1	Stimulus/S  1	1	32486658	32486666	21	5	30	pips_40_500-8000.hdf5	both	none
3249.7218	1	Stimulus/S  1	1	32497218	32497226	22	0	20	pips_40_500-8000.hdf5	both	none
3250.7671	1	Stimulus/S  1	1	32507671	32507679	22	1	40	pips_40_500-8000.hdf5	both	none
3251.8125	1	Stimulus/S  1	1	32518125	32518133	22	2	60	pips_40_500-8000.hdf5	both	none
3252.8791	1	Stimulus/S  1	1	32528791	32528799	22	3	70	pips_40_500-8000.hdf5	both	none
3253.9458	1	Stimulus/S  1	1	32539458	32539466	22	4	50	pips_40_500-8000.hdf5	both	none
3255.0125	1	Stimulus/S  1	1	32550125	32550133	22	5	30	pips_40_500-8000.hdf5	both	none
3256.0792	1	Stimulus/S  1	1	32560792	32560800	23	0	20	pips_40_500-8000.hdf5	both	none
3257.1352	1	Stimulus/S  1	1	32571352	32571360	23	1	40	pips_40_500-8000.hdf5	both	none
3258.1805	1	Stimulus/S  1	1	32581805	32581813	23	2	60	pips_40_500-8000.hdf5	both	none
3259.2365	1	Stimulus/S  1	1	32592365	32592373	23	3	70	pips_40_500-8000.hdf5	both	none
3260.3032	1	Stimulus/S  1	1	32603032	32603040	23	4	50	pips_40_500-8000.hdf5	both	none
3261.3699	1	Stimulus/S  1	1	32613699	32613707	23	5	30	pips_40_500-8000.hdf5	both	none
3262.4152	1	Stimulus/S  1	1	32624152	32624160	24	0	20	pips_40_500-8000.hdf5	both	none
3263.4712	1	Stimulus/S  1	1	32634712	32634720	24	1	40	pips_40_500-8000.hdf5	both	none
3264.5379	1	Stimulus/S  1	1	32645379	32645387	24	2	60	pips_40_500-8000.hdf5	both	none
3265.6046	1	Stimulus/S  1	1	32656046	32656054	24	3	70	pips_40_500-8000.hdf5	both	none
3266.6499	1	Stimulus/S  1	1	32666499	32666507	24	4	50	pips_40_500-8000.hdf5	both	none
3267.6953	1	Stimulus/S  1	1	32676953	32676961	24	5	30	pips_40_500-8000.hdf5	both	none
3268.7726	1	Stimulus/S  1	1	32687726	32687734	25	0	20	pips_40_500-8000.hdf5	both	none
3269.8286	1	Stimulus/S  1	1	32698286	32698294	25	1	40	pips_40_500-8000.hdf5	both	none
3270.8846	1	Stimulus/S  1	1	32708846	32708854	25	2	60	pips_40_500-8000.hdf5	both	none
3271.93	1	Stimulus/S  1	1	32719300	32719308	25	3	70	pips_40_500-8000.hdf5	both	none
3272.9967	1	Stimulus/S  1	1	32729967	32729975	25	4	50	pips_40_500-8000.hdf5	both	none
3274.0633	1	Stimulus/S  1	1	32740633	32740641	25	5	30	pips_40_500-8000.hdf5	both	none
3275.13	1	Stimulus/S  1	1	32751300	32751308	26	0	20	pips_40_500-8000.hdf5	both	none
3276.186	1	Stimulus/S  1	1	32761860	32761868	26	1	40	pips_40_500-8000.hdf5	both	none
3277.2527	1	Stimulus/S  1	1	32772527	32772535	26	2	60	pips_40_500-8000.hdf5	both	none
3278.298	1	Stimulus/S  1	1	32782980	32782988	26	3	70	pips_40_500-8000.hdf5	both	none
3279.3541	1	Stimulus/S  1	1	32793541	32793549	26	4	50	pips_40_500-8000.hdf5	both	none
3280.4207	1	Stimulus/S  1	1	32804207	32804215	26	5	30	pips_40_500-8000.hdf5	both	none
3281.4661	1	Stimulus/S  1	1	32814661	32814669	27	0	20	pips_40_500-8000.hdf5	both	none
3282.5221	1	Stimulus/S  1	1	32825221	32825229	27	1	40	pips_40_500-8000.hdf5	both	none
3283.5888	1	Stimulus/S  1	1	32835888	32835896	27	2	60	pips_40_500-8000.hdf5	both	none
3284.6341	1	Stimulus/S  1	1	32846341	32846349	27	3	70	pips_40_500-8000.hdf5	both	none
3285.6795	1	Stimulus/S  1	1	32856795	32856803	27	4	50	pips_40_500-8000.hdf5	both	none
3286.7461	1	Stimulus/S  1	1	32867461	32867469	27	5	30	pips_40_500-8000.hdf5	both	none
3287.8021	1	Stimulus/S  1	1	32878021	32878029	28	0	20	pips_40_500-8000.hdf5	both	none
3288.8688	1	Stimulus/S  1	1	32888688	32888696	28	1	40	pips_40_500-8000.hdf5	both	none
3289.9355	1	Stimulus/S  1	1	32899355	32899363	28	2	60	pips_40_500-8000.hdf5	both	none
3290.9808	1	Stimulus/S  1	1	32909808	32909816	28	3	70	pips_40_500-8000.hdf5	both	none
3292.0368	1	Stimulus/S  1	1	32920368	32920376	28	4	50	pips_40_500-8000.hdf5	both	none
3293.1035	1	Stimulus/S  1	1	32931035	32931043	28	5	30	pips_40_500-8000.hdf5	both	none
3294.1489	1	Stimulus/S  1	1	32941489	32941497	29	0	20	pips_40_500-8000.hdf5	both	none
3295.2049	1	Stimulus/S  1	1	32952049	32952057	29	1	40	pips_40_500-8000.hdf5	both	none
3296.2716	1	Stimulus/S  1	1	32962716	32962724	29	2	60	pips_40_500-8000.hdf5	both	none
3297.3382	1	Stimulus/S  1	1	32973382	32973390	29	3	70	pips_40_500-8000.hdf5	both	none
3298.3836	1	Stimulus/S  1	1	32983836	32983844	29	4	50	pips_40_500-8000.hdf5	both	none
3299.4289	1	Stimulus/S  1	1	32994289	32994297	29	5	30	pips_40_500-8000.hdf5	both	none
3300.4849	1	Stimulus/S  1	1	33004849	33004857	30	0	20	pips_40_500-8000.hdf5	both	none
3301.5303	1	Stimulus/S  1	1	33015303	33015311	30	1	40	pips_40_500-8000.hdf5	both	none
3302.5969	1	Stimulus/S  1	1	33025969	33025977	30	2	60	pips_40_500-8000.hdf5	both	none
3303.6636	1	Stimulus/S  1	1	33036636	33036644	30	3	70	pips_40_500-8000.hdf5	both	none
3304.7196	1	Stimulus/S  1	1	33047196	33047204	30	4	50	pips_40_500-8000.hdf5	both	none
3305.7863	1	Stimulus/S  1	1	33057863	33057871	30	5	30	pips_40_500-8000.hdf5	both	none
3306.853	1	Stimulus/S  1	1	33068530	33068538	31	0	20	pips_40_500-8000.hdf5	both	none
3307.8983	1	Stimulus/S  1	1	33078983	33078991	31	1	40	pips_40_500-8000.hdf5	both	none
3308.9543	1	Stimulus/S  1	1	33089543	33089551	31	2	60	pips_40_500-8000.hdf5	both	none
3309.9997	1	Stimulus/S  1	1	33099997	33100005	31	3	70	pips_40_500-8000.hdf5	both	none
3311.0664	1	Stimulus/S  1	1	33110664	33110672	31	4	50	pips_40_500-8000.hdf5	both	none
3312.1224	1	Stimulus/S  1	1	33121224	33121232	31	5	30	pips_40_500-8000.hdf5	both	none
3313.1677	1	Stimulus/S  1	1	33131677	33131685	32	0	20	pips_40_500-8000.hdf5	both	none
3314.2344	1	Stimulus/S  1	1	33142344	33142352	32	1	40	pips_40_500-8000.hdf5	both	none
3315.3011	1	Stimulus/S  1	1	33153011	33153019	32	2	60	pips_40_500-8000.hdf5	both	none
3316.3677	1	Stimulus/S  1	1	33163677	33163685	32	3	70	pips_40_500-8000.hdf5	both	none
3317.4131	1	Stimulus/S  1	1	33174131	33174139	32	4	50	pips_40_500-8000.hdf5	both	none
3318.4691	1	Stimulus/S  1	1	33184691	33184699	32	5	30	pips_40_500-8000.hdf5	both	none
3319.5358	1	Stimulus/S  1	1	33195358	33195366	33	0	20	pips_40_500-8000.hdf5	both	none
3320.6025	1	Stimulus/S  1	1	33206025	33206033	33	1	40	pips_40_500-8000.hdf5	both	none
3321.6478	1	Stimulus/S  1	1	33216478	33216486	33	2	60	pips_40_500-8000.hdf5	both	none
3322.7038	1	Stimulus/S  1	1	33227038	33227046	33	3	70	pips_40_500-8000.hdf5	both	none
3323.7705	1	Stimulus/S  1	1	33237705	33237713	33	4	50	pips_40_500-8000.hdf5	both	none
3324.8158	1	Stimulus/S  1	1	33248158	33248166	33	5	30	pips_40_500-8000.hdf5	both	none
3325.8718	1	Stimulus/S  1	1	33258718	33258726	34	0	20	pips_40_500-8000.hdf5	both	none
3326.9385	1	Stimulus/S  1	1	33269385	33269393	34	1	40	pips_40_500-8000.hdf5	both	none
3327.9839	1	Stimulus/S  1	1	33279839	33279847	34	2	60	pips_40_500-8000.hdf5	both	none
3329.0399	1	Stimulus/S  1	1	33290399	33290407	34	3	70	pips_40_500-8000.hdf5	both	none
3330.0852	1	Stimulus/S  1	1	33300852	33300860	34	4	50	pips_40_500-8000.hdf5	both	none
3331.1519	1	Stimulus/S  1	1	33311519	33311527	34	5	30	pips_40_500-8000.hdf5	both	none
3332.2186	1	Stimulus/S  1	1	33322186	33322194	35	0	20	pips_40_500-8000.hdf5	both	none
3333.2639	1	Stimulus/S  1	1	33332639	33332647	35	1	40	pips_40_500-8000.hdf5	both	none
3334.3306	1	Stimulus/S  1	1	33343306	33343314	35	2	60	pips_40_500-8000.hdf5	both	none
3335.3973	1	Stimulus/S  1	1	33353973	33353981	35	3	70	pips_40_500-8000.hdf5	both	none
3336.4639	1	Stimulus/S  1	1	33364639	33364647	35	4	50	pips_40_500-8000.hdf5	both	none
3337.5306	1	Stimulus/S  1	1	33375306	33375314	35	5	30	pips_40_500-8000.hdf5	both	none
3338.5866	1	Stimulus/S  1	1	33385866	33385874	36	0	20	pips_40_500-8000.hdf5	both	none
3339.632	1	Stimulus/S  1	1	33396320	33396328	36	1	40	pips_40_500-8000.hdf5	both	none
3340.6986	1	Stimulus/S  1	1	33406986	33406994	36	2	60	pips_40_500-8000.hdf5	both	none
3341.7547	1	Stimulus/S  1	1	33417547	33417555	36	3	70	pips_40_500-8000.hdf5	both	none
3342.8	1	Stimulus/S  1	1	33428000	33428008	36	4	50	pips_40_500-8000.hdf5	both	none
3343.8667	1	Stimulus/S  1	1	33438667	33438675	36	5	30	pips_40_500-8000.hdf5	both	none
3344.9334	1	Stimulus/S  1	1	33449334	33449342	37	0	20	pips_40_500-8000.hdf5	both	none
3345.9894	1	Stimulus/S  1	1	33459894	33459902	37	1	40	pips_40_500-8000.hdf5	both	none
3347.0347	1	Stimulus/S  1	1	33470347	33470355	37	2	60	pips_40_500-8000.hdf5	both	none
3348.1014	1	Stimulus/S  1	1	33481014	33481022	37	3	70	pips_40_500-8000.hdf5	both	none
3349.1681	1	Stimulus/S  1	1	33491681	33491689	37	4	50	pips_40_500-8000.hdf5	both	none
3350.2347	1	Stimulus/S  1	1	33502347	33502355	37	5	30	pips_40_500-8000.hdf5	both	none
3351.2801	1	Stimulus/S  1	1	33512801	33512809	38	0	20	pips_40_500-8000.hdf5	both	none
3352.3361	1	Stimulus/S  1	1	33523361	33523369	38	1	40	pips_40_500-8000.hdf5	both	none
3353.3814	1	Stimulus/S  1	1	33533814	33533822	38	2	60	pips_40_500-8000.hdf5	both	none
3354.4374	1	Stimulus/S  1	1	33544374	33544382	38	3	70	pips_40_500-8000.hdf5	both	none
3355.4828	1	Stimulus/S  1	1	33554828	33554836	38	4	50	pips_40_500-8000.hdf5	both	none
3356.5388	1	Stimulus/S  1	1	33565388	33565396	38	5	30	pips_40_500-8000.hdf5	both	none
3357.5841	1	Stimulus/S  1	1	33575841	33575849	39	0	20	pips_40_500-8000.hdf5	both	none
3358.6402	1	Stimulus/S  1	1	33586402	33586410	39	1	40	pips_40_500-8000.hdf5	both	none
3359.7068	1	Stimulus/S  1	1	33597068	33597076	39	2	60	pips_40_500-8000.hdf5	both	none
3360.7735	1	Stimulus/S  1	1	33607735	33607743	39	3	70	pips_40_500-8000.hdf5	both	none
3361.8402	1	Stimulus/S  1	1	33618402	33618410	39	4	50	pips_40_500-8000.hdf5	both	none
3362.8855	1	Stimulus/S  1	1	33628855	33628863	39	5	30	pips_40_500-8000.hdf5	both	none
3363.9309	1	Stimulus/S  1	1	33639309	33639317	40	0	20	pips_40_500-8000.hdf5	both	none
3364.9869	1	Stimulus/S  1	1	33649869	33649877	40	1	40	pips_40_500-8000.hdf5	both	none
3366.0536	1	Stimulus/S  1	1	33660536	33660544	40	2	60	pips_40_500-8000.hdf5	both	none
3367.1202	1	Stimulus/S  1	1	33671202	33671210	40	3	70	pips_40_500-8000.hdf5	both	none
3368.1869	1	Stimulus/S  1	1	33681869	33681877	40	4	50	pips_40_500-8000.hdf5	both	none
3369.2323	1	Stimulus/S  1	1	33692323	33692331	40	5	30	pips_40_500-8000.hdf5	both	none
3370.2883	1	Stimulus/S  1	1	33702883	33702891	41	0	20	pips_40_500-8000.hdf5	both	none
3371.3336	1	Stimulus/S  1	1	33713336	33713344	41	1	40	pips_40_500-8000.hdf5	both	none
3372.3896	1	Stimulus/S  1	1	33723896	33723904	41	2	60	pips_40_500-8000.hdf5	both	none
3373.435	1	Stimulus/S  1	1	33734350	33734358	41	3	70	pips_40_500-8000.hdf5	both	none
3374.4803	1	Stimulus/S  1	1	33744803	33744811	41	4	50	pips_40_500-8000.hdf5	both	none
3375.5363	1	Stimulus/S  1	1	33755363	33755371	41	5	30	pips_40_500-8000.hdf5	both	none
3376.5817	1	Stimulus/S  1	1	33765817	33765825	42	0	20	pips_40_500-8000.hdf5	both	none
3377.6377	1	Stimulus/S  1	1	33776377	33776385	42	1	40	pips_40_500-8000.hdf5	both	none
3378.683	1	Stimulus/S  1	1	33786830	33786838	42	2	60	pips_40_500-8000.hdf5	both	none
3379.7497	1	Stimulus/S  1	1	33797497	33797505	42	3	70	pips_40_500-8000.hdf5	both	none
3380.8164	1	Stimulus/S  1	1	33808164	33808172	42	4	50	pips_40_500-8000.hdf5	both	none
3381.8724	1	Stimulus/S  1	1	33818724	33818732	42	5	30	pips_40_500-8000.hdf5	both	none
3382.9177	1	Stimulus/S  1	1	33829177	33829185	43	0	20	pips_40_500-8000.hdf5	both	none
3383.9737	1	Stimulus/S  1	1	33839737	33839745	43	1	40	pips_40_500-8000.hdf5	both	none
3385.0404	1	Stimulus/S  1	1	33850404	33850412	43	2	60	pips_40_500-8000.hdf5	both	none
3386.0857	1	Stimulus/S  1	1	33860857	33860865	43	3	70	pips_40_500-8000.hdf5	both	none
3387.1311	1	Stimulus/S  1	1	33871311	33871319	43	4	50	pips_40_500-8000.hdf5	both	none
3388.1978	1	Stimulus/S  1	1	33881978	33881986	43	5	30	pips_40_500-8000.hdf5	both	none
3389.2644	1	Stimulus/S  1	1	33892644	33892652	44	0	20	pips_40_500-8000.hdf5	both	none
3390.3311	1	Stimulus/S  1	1	33903311	33903319	44	1	40	pips_40_500-8000.hdf5	both	none
3391.3978	1	Stimulus/S  1	1	33913978	33913986	44	2	60	pips_40_500-8000.hdf5	both	none
3392.4538	1	Stimulus/S  1	1	33924538	33924546	44	3	70	pips_40_500-8000.hdf5	both	none
3393.4992	1	Stimulus/S  1	1	33934992	33935000	44	4	50	pips_40_500-8000.hdf5	both	none
3394.5552	1	Stimulus/S  1	1	33945552	33945560	44	5	30	pips_40_500-8000.hdf5	both	none
3395.6218	1	Stimulus/S  1	1	33956218	33956226	45	0	20	pips_40_500-8000.hdf5	both	none
3396.6672	1	Stimulus/S  1	1	33966672	33966680	45	1	40	pips_40_500-8000.hdf5	both	none
3397.7232	1	Stimulus/S  1	1	33977232	33977240	45	2	60	pips_40_500-8000.hdf5	both	none
3398.7899	1	Stimulus/S  1	1	33987899	33987907	45	3	70	pips_40_500-8000.hdf5	both	none
3399.8565	1	Stimulus/S  1	1	33998565	33998573	45	4	50	pips_40_500-8000.hdf5	both	none
3400.9019	1	Stimulus/S  1	1	34009019	34009027	45	5	30	pips_40_500-8000.hdf5	both	none
3401.9579	1	Stimulus/S  1	1	34019579	34019587	46	0	20	pips_40_500-8000.hdf5	both	none
3403.0032	1	Stimulus/S  1	1	34030032	34030040	46	1	40	pips_40_500-8000.hdf5	both	none
3404.0699	1	Stimulus/S  1	1	34040699	34040707	46	2	60	pips_40_500-8000.hdf5	both	none
3405.1366	1	Stimulus/S  1	1	34051366	34051374	46	3	70	pips_40_500-8000.hdf5	both	none
3406.2033	1	Stimulus/S  1	1	34062033	34062041	46	4	50	pips_40_500-8000.hdf5	both	none
3407.27	1	Stimulus/S  1	1	34072700	34072708	46	5	30	pips_40_500-8000.hdf5	both	none
3408.3153	1	Stimulus/S  1	1	34083153	34083161	47	0	20	pips_40_500-8000.hdf5	both	none
3409.3713	1	Stimulus/S  1	1	34093713	34093721	47	1	40	pips_40_500-8000.hdf5	both	none
3410.4166	1	Stimulus/S  1	1	34104166	34104174	47	2	60	pips_40_500-8000.hdf5	both	none
3411.4833	1	Stimulus/S  1	1	34114833	34114841	47	3	70	pips_40_500-8000.hdf5	both	none
3412.55	1	Stimulus/S  1	1	34125500	34125508	47	4	50	pips_40_500-8000.hdf5	both	none
3413.6167	1	Stimulus/S  1	1	34136167	34136175	47	5	30	pips_40_500-8000.hdf5	both	none
3414.6834	1	Stimulus/S  1	1	34146834	34146842	48	0	20	pips_40_500-8000.hdf5	both	none
3415.7394	1	Stimulus/S  1	1	34157394	34157402	48	1	40	pips_40_500-8000.hdf5	both	none
3416.7847	1	Stimulus/S  1	1	34167847	34167855	48	2	60	pips_40_500-8000.hdf5	both	none
3417.8514	1	Stimulus/S  1	1	34178514	34178522	48	3	70	pips_40_500-8000.hdf5	both	none
3418.9181	1	Stimulus/S  1	1	34189181	34189189	48	4	50	pips_40_500-8000.hdf5	both	none
3419.9741	1	Stimulus/S  1	1	34199741	34199749	48	5	30	pips_40_500-8000.hdf5	both	none
3421.0407	1	Stimulus/S  1	1	34210407	34210415	49	0	20	pips_40_500-8000.hdf5	both	none
3422.1074	1	Stimulus/S  1	1	34221074	34221082	49	1	40	pips_40_500-8000.hdf5	both	none
3423.1528	1	Stimulus/S  1	1	34231528	34231536	49	2	60	pips_40_500-8000.hdf5	both	none
3424.1981	1	Stimulus/S  1	1	34241981	34241989	49	3	70	pips_40_500-8000.hdf5	both	none
3425.2648	1	Stimulus/S  1	1	34252648	34252656	49	4	50	pips_40_500-8000.hdf5	both	none
3426.3315	1	Stimulus/S  1	1	34263315	34263323	49	5	30	pips_40_500-8000.hdf5	both	none
3427.3875	1	Stimulus/S  1	1	34273875	34273883	50	0	20	pips_40_500-8000.hdf5	both	none
3428.4328	1	Stimulus/S  1	1	34284328	34284336	50	1	40	pips_40_500-8000.hdf5	both	none
3429.4995	1	Stimulus/S  1	1	34294995	34295003	50	2	60	pips_40_500-8000.hdf5	both	none
3430.5662	1	Stimulus/S  1	1	34305662	34305670	50	3	70	pips_40_500-8000.hdf5	both	none
3431.6329	1	Stimulus/S  1	1	34316329	34316337	50	4	50	pips_40_500-8000.hdf5	both	none
3432.6995	1	Stimulus/S  1	1	34326995	34327003	50	5	30	pips_40_500-8000.hdf5	both	none
3433.7555	1	Stimulus/S  1	1	34337555	34337563	51	0	20	pips_40_500-8000.hdf5	both	none
3434.8222	1	Stimulus/S  1	1	34348222	34348230	51	1	40	pips_40_500-8000.hdf5	both	none
3435.8676	1	Stimulus/S  1	1	34358676	34358684	51	2	60	pips_40_500-8000.hdf5	both	none
3436.9236	1	Stimulus/S  1	1	34369236	34369244	51	3	70	pips_40_500-8000.hdf5	both	none
3437.9902	1	Stimulus/S  1	1	34379902	34379910	51	4	50	pips_40_500-8000.hdf5	both	none
3439.0356	1	Stimulus/S  1	1	34390356	34390364	51	5	30	pips_40_500-8000.hdf5	both	none
3440.1023	1	Stimulus/S  1	1	34401023	34401031	52	0	20	pips_40_500-8000.hdf5	both	none
3441.1583	1	Stimulus/S  1	1	34411583	34411591	52	1	40	pips_40_500-8000.hdf5	both	none
3442.225	1	Stimulus/S  1	1	34422250	34422258	52	2	60	pips_40_500-8000.hdf5	both	none
3443.2703	1	Stimulus/S  1	1	34432703	34432711	52	3	70	pips_40_500-8000.hdf5	both	none
3444.3156	1	Stimulus/S  1	1	34443156	34443164	52	4	50	pips_40_500-8000.hdf5	both	none
3445.3716	1	Stimulus/S  1	1	34453716	34453724	52	5	30	pips_40_500-8000.hdf5	both	none
3446.4383	1	Stimulus/S  1	1	34464383	34464391	53	0	20	pips_40_500-8000.hdf5	both	none
3447.505	1	Stimulus/S  1	1	34475050	34475058	53	1	40	pips_40_500-8000.hdf5	both	none
3448.5503	1	Stimulus/S  1	1	34485503	34485511	53	2	60	pips_40_500-8000.hdf5	both	none
3449.6064	1	Stimulus/S  1	1	34496064	34496072	53	3	70	pips_40_500-8000.hdf5	both	none
3450.6517	1	Stimulus/S  1	1	34506517	34506525	53	4	50	pips_40_500-8000.hdf5	both	none
3451.7077	1	Stimulus/S  1	1	34517077	34517085	53	5	30	pips_40_500-8000.hdf5	both	none
3452.7744	1	Stimulus/S  1	1	34527744	34527752	54	0	20	pips_40_500-8000.hdf5	both	none
3453.8411	1	Stimulus/S  1	1	34538411	34538419	54	1	40	pips_40_500-8000.hdf5	both	none
3454.8864	1	Stimulus/S  1	1	34548864	34548872	54	2	60	pips_40_500-8000.hdf5	both	none
3455.9318	1	Stimulus/S  1	1	34559318	34559326	54	3	70	pips_40_500-8000.hdf5	both	none
3456.9878	1	Stimulus/S  1	1	34569878	34569886	54	4	50	pips_40_500-8000.hdf5	both	none
3458.0544	1	Stimulus/S  1	1	34580544	34580552	54	5	30	pips_40_500-8000.hdf5	both	none
3459.1211	1	Stimulus/S  1	1	34591211	34591219	55	0	20	pips_40_500-8000.hdf5	both	none
3460.1665	1	Stimulus/S  1	1	34601665	34601673	55	1	40	pips_40_500-8000.hdf5	both	none
3461.2225	1	Stimulus/S  1	1	34612225	34612233	55	2	60	pips_40_500-8000.hdf5	both	none
3462.2891	1	Stimulus/S  1	1	34622891	34622899	55	3	70	pips_40_500-8000.hdf5	both	none
3463.3558	1	Stimulus/S  1	1	34633558	34633566	55	4	50	pips_40_500-8000.hdf5	both	none
3464.4225	1	Stimulus/S  1	1	34644225	34644233	55	5	30	pips_40_500-8000.hdf5	both	none
3465.4678	1	Stimulus/S  1	1	34654678	34654686	56	0	20	pips_40_500-8000.hdf5	both	none
3466.5239	1	Stimulus/S  1	1	34665239	34665247	56	1	40	pips_40_500-8000.hdf5	both	none
3467.5692	1	Stimulus/S  1	1	34675692	34675700	56	2	60	pips_40_500-8000.hdf5	both	none
3468.6359	1	Stimulus/S  1	1	34686359	34686367	56	3	70	pips_40_500-8000.hdf5	both	none
3469.6919	1	Stimulus/S  1	1	34696919	34696927	56	4	50	pips_40_500-8000.hdf5	both	none
3470.7372	1	Stimulus/S  1	1	34707372	34707380	56	5	30	pips_40_500-8000.hdf5	both	none
3471.8039	1	Stimulus/S  1	1	34718039	34718047	57	0	20	pips_40_500-8000.hdf5	both	none
3472.8492	1	Stimulus/S  1	1	34728492	34728500	57	1	40	pips_40_500-8000.hdf5	both	none
3473.9053	1	Stimulus/S  1	1	34739053	34739061	57	2	60	pips_40_500-8000.hdf5	both	none
3474.9719	1	Stimulus/S  1	1	34749719	34749727	57	3	70	pips_40_500-8000.hdf5	both	none
3476.0173	1	Stimulus/S  1	1	34760173	34760181	57	4	50	pips_40_500-8000.hdf5	both	none
3477.0733	1	Stimulus/S  1	1	34770733	34770741	57	5	30	pips_40_500-8000.hdf5	both	none
3478.14	1	Stimulus/S  1	1	34781400	34781408	58	0	20	pips_40_500-8000.hdf5	both	none
3479.1853	1	Stimulus/S  1	1	34791853	34791861	58	1	40	pips_40_500-8000.hdf5	both	none
3480.2413	1	Stimulus/S  1	1	34802413	34802421	58	2	60	pips_40_500-8000.hdf5	both	none
3481.308	1	Stimulus/S  1	1	34813080	34813088	58	3	70	pips_40_500-8000.hdf5	both	none
3482.3747	1	Stimulus/S  1	1	34823747	34823755	58	4	50	pips_40_500-8000.hdf5	both	none
3483.4413	1	Stimulus/S  1	1	34834413	34834421	58	5	30	pips_40_500-8000.hdf5	both	none
3484.508	1	Stimulus/S  1	1	34845080	34845088	59	0	20	pips_40_500-8000.hdf5	both	none
3485.5534	1	Stimulus/S  1	1	34855534	34855542	59	1	40	pips_40_500-8000.hdf5	both	none
3486.5987	1	Stimulus/S  1	1	34865987	34865995	59	2	60	pips_40_500-8000.hdf5	both	none
3487.6761	1	Stimulus/S  1	1	34876761	34876769	59	3	70	pips_40_500-8000.hdf5	both	none
3488.7427	1	Stimulus/S  1	1	34887427	34887435	59	4	50	pips_40_500-8000.hdf5	both	none
3489.8094	1	Stimulus/S  1	1	34898094	34898102	59	5	30	pips_40_500-8000.hdf5	both	none
3490.8761	1	Stimulus/S  1	1	34908761	34908769	60	0	20	pips_40_500-8000.hdf5	both	none
3491.9214	1	Stimulus/S  1	1	34919214	34919222	60	1	40	pips_40_500-8000.hdf5	both	none
3492.9668	1	Stimulus/S  1	1	34929668	34929676	60	2	60	pips_40_500-8000.hdf5	both	none
3494.0334	1	Stimulus/S  1	1	34940334	34940342	60	3	70	pips_40_500-8000.hdf5	both	none
3495.1001	1	Stimulus/S  1	1	34951001	34951009	60	4	50	pips_40_500-8000.hdf5	both	none
3496.1561	1	Stimulus/S  1	1	34961561	34961569	60	5	30	pips_40_500-8000.hdf5	both	none
3497.2015	1	Stimulus/S  1	1	34972015	34972023	61	0	20	pips_40_500-8000.hdf5	both	none
3498.2575	1	Stimulus/S  1	1	34982575	34982583	61	1	40	pips_40_500-8000.hdf5	both	none
3499.3028	1	Stimulus/S  1	1	34993028	34993036	61	2	60	pips_40_500-8000.hdf5	both	none
3500.3695	1	Stimulus/S  1	1	35003695	35003703	61	3	70	pips_40_500-8000.hdf5	both	none
3501.4255	1	Stimulus/S  1	1	35014255	35014263	61	4	50	pips_40_500-8000.hdf5	both	none
3502.4709	1	Stimulus/S  1	1	35024709	35024717	61	5	30	pips_40_500-8000.hdf5	both	none
3503.5162	1	Stimulus/S  1	1	35035162	35035170	62	0	20	pips_40_500-8000.hdf5	both	none
3504.5829	1	Stimulus/S  1	1	35045829	35045837	62	1	40	pips_40_500-8000.hdf5	both	none
3505.6389	1	Stimulus/S  1	1	35056389	35056397	62	2	60	pips_40_500-8000.hdf5	both	none
3506.6842	1	Stimulus/S  1	1	35066842	35066850	62	3	70	pips_40_500-8000.hdf5	both	none
3507.7509	1	Stimulus/S  1	1	35077509	35077517	62	4	50	pips_40_500-8000.hdf5	both	none
3508.8069	1	Stimulus/S  1	1	35088069	35088077	62	5	30	pips_40_500-8000.hdf5	both	none
3509.8736	1	Stimulus/S  1	1	35098736	35098744	63	0	20	pips_40_500-8000.hdf5	both	none
3510.9189	1	Stimulus/S  1	1	35109189	35109197	63	1	40	pips_40_500-8000.hdf5	both	none
3511.9856	1	Stimulus/S  1	1	35119856	35119864	63	2	60	pips_40_500-8000.hdf5	both	none
3513.0416	1	Stimulus/S  1	1	35130416	35130424	63	3	70	pips_40_500-8000.hdf5	both	none
3514.087	1	Stimulus/S  1	1	35140870	35140878	63	4	50	pips_40_500-8000.hdf5	both	none
3515.1537	1	Stimulus/S  1	1	35151537	35151545	63	5	30	pips_40_500-8000.hdf5	both	none
3516.2203	1	Stimulus/S  1	1	35162203	35162211	64	0	20	pips_40_500-8000.hdf5	both	none
3517.2763	1	Stimulus/S  1	1	35172763	35172771	64	1	40	pips_40_500-8000.hdf5	both	none
3518.3217	1	Stimulus/S  1	1	35183217	35183225	64	2	60	pips_40_500-8000.hdf5	both	none
3519.3884	1	Stimulus/S  1	1	35193884	35193892	64	3	70	pips_40_500-8000.hdf5	both	none
3520.455	1	Stimulus/S  1	1	35204550	35204558	64	4	50	pips_40_500-8000.hdf5	both	none
3521.5004	1	Stimulus/S  1	1	35215004	35215012	64	5	30	pips_40_500-8000.hdf5	both	none
3522.5564	1	Stimulus/S  1	1	35225564	35225572	65	0	20	pips_40_500-8000.hdf5	both	none
3523.6231	1	Stimulus/S  1	1	35236231	35236239	65	1	40	pips_40_500-8000.hdf5	both	none
3524.6684	1	Stimulus/S  1	1	35246684	35246692	65	2	60	pips_40_500-8000.hdf5	both	none
3525.7244	1	Stimulus/S  1	1	35257244	35257252	65	3	70	pips_40_500-8000.hdf5	both	none
3526.7911	1	Stimulus/S  1	1	35267911	35267919	65	4	50	pips_40_500-8000.hdf5	both	none
3527.8364	1	Stimulus/S  1	1	35278364	35278372	65	5	30	pips_40_500-8000.hdf5	both	none
3528.8924	1	Stimulus/S  1	1	35288924	35288932	66	0	20	pips_40_500-8000.hdf5	both	none
3529.9378	1	Stimulus/S  1	1	35299378	35299386	66	1	40	pips_40_500-8000.hdf5	both	none
3530.9831	1	Stimulus/S  1	1	35309831	35309839	66	2	60	pips_40_500-8000.hdf5	both	none
3532.0498	1	Stimulus/S  1	1	35320498	35320506	66	3	70	pips_40_500-8000.hdf5	both	none
3533.1165	1	Stimulus/S  1	1	35331165	35331173	66	4	50	pips_40_500-8000.hdf5	both	none
3534.1725	1	Stimulus/S  1	1	35341725	35341733	66	5	30	pips_40_500-8000.hdf5	both	none
3535.2178	1	Stimulus/S  1	1	35352178	35352186	67	0	20	pips_40_500-8000.hdf5	both	none
3536.2845	1	Stimulus/S  1	1	35362845	35362853	67	1	40	pips_40_500-8000.hdf5	both	none
3537.3512	1	Stimulus/S  1	1	35373512	35373520	67	2	60	pips_40_500-8000.hdf5	both	none
3538.4179	1	Stimulus/S  1	1	35384179	35384187	67	3	70	pips_40_500-8000.hdf5	both	none
3539.4845	1	Stimulus/S  1	1	35394845	35394853	67	4	50	pips_40_500-8000.hdf5	both	none
3540.5406	1	Stimulus/S  1	1	35405406	35405414	67	5	30	pips_40_500-8000.hdf5	both	none
3541.5859	1	Stimulus/S  1	1	35415859	35415867	68	0	20	pips_40_500-8000.hdf5	both	none
3542.6419	1	Stimulus/S  1	1	35426419	35426427	68	1	40	pips_40_500-8000.hdf5	both	none
3543.7086	1	Stimulus/S  1	1	35437086	35437094	68	2	60	pips_40_500-8000.hdf5	both	none
3544.7753	1	Stimulus/S  1	1	35447753	35447761	68	3	70	pips_40_500-8000.hdf5	both	none
3545.8206	1	Stimulus/S  1	1	35458206	35458214	68	4	50	pips_40_500-8000.hdf5	both	none
3546.8766	1	Stimulus/S  1	1	35468766	35468774	68	5	30	pips_40_500-8000.hdf5	both	none
3547.9433	1	Stimulus/S  1	1	35479433	35479441	69	0	20	pips_40_500-8000.hdf5	both	none
3549.01	1	Stimulus/S  1	1	35490100	35490108	69	1	40	pips_40_500-8000.hdf5	both	none
3550.0553	1	Stimulus/S  1	1	35500553	35500561	69	2	60	pips_40_500-8000.hdf5	both	none
3551.1007	1	Stimulus/S  1	1	35511007	35511015	69	3	70	pips_40_500-8000.hdf5	both	none
3552.1567	1	Stimulus/S  1	1	35521567	35521575	69	4	50	pips_40_500-8000.hdf5	both	none
3553.202	1	Stimulus/S  1	1	35532020	35532028	69	5	30	pips_40_500-8000.hdf5	both	none
3554.258	1	Stimulus/S  1	1	35542580	35542588	70	0	20	pips_40_500-8000.hdf5	both	none
3555.3034	1	Stimulus/S  1	1	35553034	35553042	70	1	40	pips_40_500-8000.hdf5	both	none
3556.37	1	Stimulus/S  1	1	35563700	35563708	70	2	60	pips_40_500-8000.hdf5	both	none
3557.4367	1	Stimulus/S  1	1	35574367	35574375	70	3	70	pips_40_500-8000.hdf5	both	none
3558.5034	1	Stimulus/S  1	1	35585034	35585042	70	4	50	pips_40_500-8000.hdf5	both	none
3559.5594	1	Stimulus/S  1	1	35595594	35595602	70	5	30	pips_40_500-8000.hdf5	both	none
3560.6048	1	Stimulus/S  1	1	35606048	35606056	71	0	20	pips_40_500-8000.hdf5	both	none
3561.6714	1	Stimulus/S  1	1	35616714	35616722	71	1	40	pips_40_500-8000.hdf5	both	none
3562.7168	1	Stimulus/S  1	1	35627168	35627176	71	2	60	pips_40_500-8000.hdf5	both	none
3563.7728	1	Stimulus/S  1	1	35637728	35637736	71	3	70	pips_40_500-8000.hdf5	both	none
3564.8395	1	Stimulus/S  1	1	35648395	35648403	71	4	50	pips_40_500-8000.hdf5	both	none
3565.9061	1	Stimulus/S  1	1	35659061	35659069	71	5	30	pips_40_500-8000.hdf5	both	none
3566.9515	1	Stimulus/S  1	1	35669515	35669523	72	0	20	pips_40_500-8000.hdf5	both	none
3568.0075	1	Stimulus/S  1	1	35680075	35680083	72	1	40	pips_40_500-8000.hdf5	both	none
3569.0528	1	Stimulus/S  1	1	35690528	35690536	72	2	60	pips_40_500-8000.hdf5	both	none
3570.1195	1	Stimulus/S  1	1	35701195	35701203	72	3	70	pips_40_500-8000.hdf5	both	none
3571.1862	1	Stimulus/S  1	1	35711862	35711870	72	4	50	pips_40_500-8000.hdf5	both	none
3572.2422	1	Stimulus/S  1	1	35722422	35722430	72	5	30	pips_40_500-8000.hdf5	both	none
3573.3089	1	Stimulus/S  1	1	35733089	35733097	73	0	20	pips_40_500-8000.hdf5	both	none
3574.3756	1	Stimulus/S  1	1	35743756	35743764	73	1	40	pips_40_500-8000.hdf5	both	none
3575.4422	1	Stimulus/S  1	1	35754422	35754430	73	2	60	pips_40_500-8000.hdf5	both	none
3576.4876	1	Stimulus/S  1	1	35764876	35764884	73	3	70	pips_40_500-8000.hdf5	both	none
3577.5436	1	Stimulus/S  1	1	35775436	35775444	73	4	50	pips_40_500-8000.hdf5	both	none
3578.5889	1	Stimulus/S  1	1	35785889	35785897	73	5	30	pips_40_500-8000.hdf5	both	none
3579.6343	1	Stimulus/S  1	1	35796343	35796351	74	0	20	pips_40_500-8000.hdf5	both	none
3580.7009	1	Stimulus/S  1	1	35807009	35807017	74	1	40	pips_40_500-8000.hdf5	both	none
3581.7676	1	Stimulus/S  1	1	35817676	35817684	74	2	60	pips_40_500-8000.hdf5	both	none
3582.8236	1	Stimulus/S  1	1	35828236	35828244	74	3	70	pips_40_500-8000.hdf5	both	none
3583.869	1	Stimulus/S  1	1	35838690	35838698	74	4	50	pips_40_500-8000.hdf5	both	none
3584.9357	1	Stimulus/S  1	1	35849357	35849365	74	5	30	pips_40_500-8000.hdf5	both	none
3586.0023	1	Stimulus/S  1	1	35860023	35860031	75	0	20	pips_40_500-8000.hdf5	both	none
3587.0583	1	Stimulus/S  1	1	35870583	35870591	75	1	40	pips_40_500-8000.hdf5	both	none
3588.1037	1	Stimulus/S  1	1	35881037	35881045	75	2	60	pips_40_500-8000.hdf5	both	none
3589.1704	1	Stimulus/S  1	1	35891704	35891712	75	3	70	pips_40_500-8000.hdf5	both	none
3590.2264	1	Stimulus/S  1	1	35902264	35902272	75	4	50	pips_40_500-8000.hdf5	both	none
3591.2717	1	Stimulus/S  1	1	35912717	35912725	75	5	30	pips_40_500-8000.hdf5	both	none
3592.3384	1	Stimulus/S  1	1	35923384	35923392	76	0	20	pips_40_500-8000.hdf5	both	none
3593.4051	1	Stimulus/S  1	1	35934051	35934059	76	1	40	pips_40_500-8000.hdf5	both	none
3594.4611	1	Stimulus/S  1	1	35944611	35944619	76	2	60	pips_40_500-8000.hdf5	both	none
3595.5064	1	Stimulus/S  1	1	35955064	35955072	76	3	70	pips_40_500-8000.hdf5	both	none
3596.5518	1	Stimulus/S  1	1	35965518	35965526	76	4	50	pips_40_500-8000.hdf5	both	none
3597.6184	1	Stimulus/S  1	1	35976184	35976192	76	5	30	pips_40_500-8000.hdf5	both	none
3598.6851	1	Stimulus/S  1	1	35986851	35986859	77	0	20	pips_40_500-8000.hdf5	both	none
3599.7411	1	Stimulus/S  1	1	35997411	35997419	77	1	40	pips_40_500-8000.hdf5	both	none
3600.7865	1	Stimulus/S  1	1	36007865	36007873	77	2	60	pips_40_500-8000.hdf5	both	none
3601.8531	1	Stimulus/S  1	1	36018531	36018539	77	3	70	pips_40_500-8000.hdf5	both	none
3602.9198	1	Stimulus/S  1	1	36029198	36029206	77	4	50	pips_40_500-8000.hdf5	both	none
3603.9758	1	Stimulus/S  1	1	36039758	36039766	77	5	30	pips_40_500-8000.hdf5	both	none
3605.0212	1	Stimulus/S  1	1	36050212	36050220	78	0	20	pips_40_500-8000.hdf5	both	none
3606.0879	1	Stimulus/S  1	1	36060879	36060887	78	1	40	pips_40_500-8000.hdf5	both	none
3607.1439	1	Stimulus/S  1	1	36071439	36071447	78	2	60	pips_40_500-8000.hdf5	both	none
3608.1892	1	Stimulus/S  1	1	36081892	36081900	78	3	70	pips_40_500-8000.hdf5	both	none
3609.2346	1	Stimulus/S  1	1	36092346	36092354	78	4	50	pips_40_500-8000.hdf5	both	none
3610.2906	1	Stimulus/S  1	1	36102906	36102914	78	5	30	pips_40_500-8000.hdf5	both	none
3611.3359	1	Stimulus/S  1	1	36113359	36113367	79	0	20	pips_40_500-8000.hdf5	both	none
3612.4026	1	Stimulus/S  1	1	36124026	36124034	79	1	40	pips_40_500-8000.hdf5	both	none
3613.4693	1	Stimulus/S  1	1	36134693	36134701	79	2	60	pips_40_500-8000.hdf5	both	none
3614.5359	1	Stimulus/S  1	1	36145359	36145367	79	3	70	pips_40_500-8000.hdf5	both	none
3615.5919	1	Stimulus/S  1	1	36155919	36155927	79	4	50	pips_40_500-8000.hdf5	both	none
3616.6373	1	Stimulus/S  1	1	36166373	36166381	79	5	30	pips_40_500-8000.hdf5	both	none
3617.704	1	Stimulus/S  1	1	36177040	36177048	80	0	20	pips_40_500-8000.hdf5	both	none
3618.7706	1	Stimulus/S  1	1	36187706	36187714	80	1	40	pips_40_500-8000.hdf5	both	none
3619.8267	1	Stimulus/S  1	1	36198267	36198275	80	2	60	pips_40_500-8000.hdf5	both	none
3620.872	1	Stimulus/S  1	1	36208720	36208728	80	3	70	pips_40_500-8000.hdf5	both	none
3621.9387	1	Stimulus/S  1	1	36219387	36219395	80	4	50	pips_40_500-8000.hdf5	both	none
3622.9947	1	Stimulus/S  1	1	36229947	36229955	80	5	30	pips_40_500-8000.hdf5	both	none
3624.04	1	Stimulus/S  1	1	36240400	36240408	81	0	20	pips_40_500-8000.hdf5	both	none
3625.0854	1	Stimulus/S  1	1	36250854	36250862	81	1	40	pips_40_500-8000.hdf5	both	none
3626.152	1	Stimulus/S  1	1	36261520	36261528	81	2	60	pips_40_500-8000.hdf5	both	none
3627.2187	1	Stimulus/S  1	1	36272187	36272195	81	3	70	pips_40_500-8000.hdf5	both	none
3628.2747	1	Stimulus/S  1	1	36282747	36282755	81	4	50	pips_40_500-8000.hdf5	both	none
3629.3201	1	Stimulus/S  1	1	36293201	36293209	81	5	30	pips_40_500-8000.hdf5	both	none
3630.3761	1	Stimulus/S  1	1	36303761	36303769	82	0	20	pips_40_500-8000.hdf5	both	none
3631.4428	1	Stimulus/S  1	1	36314428	36314436	82	1	40	pips_40_500-8000.hdf5	both	none
3632.4881	1	Stimulus/S  1	1	36324881	36324889	82	2	60	pips_40_500-8000.hdf5	both	none
3633.5441	1	Stimulus/S  1	1	36335441	36335449	82	3	70	pips_40_500-8000.hdf5	both	none
3634.5895	1	Stimulus/S  1	1	36345895	36345903	82	4	50	pips_40_500-8000.hdf5	both	none
3635.6561	1	Stimulus/S  1	1	36356561	36356569	82	5	30	pips_40_500-8000.hdf5	both	none
3636.7015	1	Stimulus/S  1	1	36367015	36367023	83	0	20	pips_40_500-8000.hdf5	both	none
3637.7575	1	Stimulus/S  1	1	36377575	36377583	83	1	40	pips_40_500-8000.hdf5	both	none
3638.8028	1	Stimulus/S  1	1	36388028	36388036	83	2	60	pips_40_500-8000.hdf5	both	none
3639.8695	1	Stimulus/S  1	1	36398695	36398703	83	3	70	pips_40_500-8000.hdf5	both	none
3640.9362	1	Stimulus/S  1	1	36409362	36409370	83	4	50	pips_40_500-8000.hdf5	both	none
3641.9922	1	Stimulus/S  1	1	36419922	36419930	83	5	30	pips_40_500-8000.hdf5	both	none
3643.0375	1	Stimulus/S  1	1	36430375	36430383	84	0	20	pips_40_500-8000.hdf5	both	none
3644.0936	1	Stimulus/S  1	1	36440936	36440944	84	1	40	pips_40_500-8000.hdf5	both	none
3645.1389	1	Stimulus/S  1	1	36451389	36451397	84	2	60	pips_40_500-8000.hdf5	both	none
3646.1949	1	Stimulus/S  1	1	36461949	36461957	84	3	70	pips_40_500-8000.hdf5	both	none
3647.2402	1	Stimulus/S  1	1	36472402	36472410	84	4	50	pips_40_500-8000.hdf5	both	none
3648.2856	1	Stimulus/S  1	1	36482856	36482864	84	5	30	pips_40_500-8000.hdf5	both	none
3649.3523	1	Stimulus/S  1	1	36493523	36493531	85	0	20	pips_40_500-8000.hdf5	both	none
3650.4189	1	Stimulus/S  1	1	36504189	36504197	85	1	40	pips_40_500-8000.hdf5	both	none
3651.475	1	Stimulus/S  1	1	36514750	36514758	85	2	60	pips_40_500-8000.hdf5	both	none
3652.5203	1	Stimulus/S  1	1	36525203	36525211	85	3	70	pips_40_500-8000.hdf5	both	none
3653.5763	1	Stimulus/S  1	1	36535763	36535771	85	4	50	pips_40_500-8000.hdf5	both	none
3654.643	1	Stimulus/S  1	1	36546430	36546438	85	5	30	pips_40_500-8000.hdf5	both	none
3655.7097	1	Stimulus/S  1	1	36557097	36557105	86	0	20	pips_40_500-8000.hdf5	both	none
3656.7763	1	Stimulus/S  1	1	36567763	36567771	86	1	40	pips_40_500-8000.hdf5	both	none
3657.843	1	Stimulus/S  1	1	36578430	36578438	86	2	60	pips_40_500-8000.hdf5	both	none
3658.8884	1	Stimulus/S  1	1	36588884	36588892	86	3	70	pips_40_500-8000.hdf5	both	none
3659.9444	1	Stimulus/S  1	1	36599444	36599452	86	4	50	pips_40_500-8000.hdf5	both	none
3661.011	1	Stimulus/S  1	1	36610110	36610118	86	5	30	pips_40_500-8000.hdf5	both	none
3662.0777	1	Stimulus/S  1	1	36620777	36620785	87	0	20	pips_40_500-8000.hdf5	both	none
3663.1231	1	Stimulus/S  1	1	36631231	36631239	87	1	40	pips_40_500-8000.hdf5	both	none
3664.1791	1	Stimulus/S  1	1	36641791	36641799	87	2	60	pips_40_500-8000.hdf5	both	none
3665.2244	1	Stimulus/S  1	1	36652244	36652252	87	3	70	pips_40_500-8000.hdf5	both	none
3666.2698	1	Stimulus/S  1	1	36662698	36662706	87	4	50	pips_40_500-8000.hdf5	both	none
3667.3364	1	Stimulus/S  1	1	36673364	36673372	87	5	30	pips_40_500-8000.hdf5	both	none
3668.4031	1	Stimulus/S  1	1	36684031	36684039	88	0	20	pips_40_500-8000.hdf5	both	none
3669.4698	1	Stimulus/S  1	1	36694698	36694706	88	1	40	pips_40_500-8000.hdf5	both	none
3670.5258	1	Stimulus/S  1	1	36705258	36705266	88	2	60	pips_40_500-8000.hdf5	both	none
3671.5711	1	Stimulus/S  1	1	36715711	36715719	88	3	70	pips_40_500-8000.hdf5	both	none
3672.6378	1	Stimulus/S  1	1	36726378	36726386	88	4	50	pips_40_500-8000.hdf5	both	none
3673.6938	1	Stimulus/S  1	1	36736938	36736946	88	5	30	pips_40_500-8000.hdf5	both	none
3674.7392	1	Stimulus/S  1	1	36747392	36747400	89	0	20	pips_40_500-8000.hdf5	both	none
3675.7952	1	Stimulus/S  1	1	36757952	36757960	89	1	40	pips_40_500-8000.hdf5	both	none
3676.8619	1	Stimulus/S  1	1	36768619	36768627	89	2	60	pips_40_500-8000.hdf5	both	none
3677.9285	1	Stimulus/S  1	1	36779285	36779293	89	3	70	pips_40_500-8000.hdf5	both	none
3678.9739	1	Stimulus/S  1	1	36789739	36789747	89	4	50	pips_40_500-8000.hdf5	both	none
3680.0299	1	Stimulus/S  1	1	36800299	36800307	89	5	30	pips_40_500-8000.hdf5	both	none
3681.0859	1	Stimulus/S  1	1	36810859	36810867	90	0	20	pips_40_500-8000.hdf5	both	none
3682.1526	1	Stimulus/S  1	1	36821526	36821534	90	1	40	pips_40_500-8000.hdf5	both	none
3683.2086	1	Stimulus/S  1	1	36832086	36832094	90	2	60	pips_40_500-8000.hdf5	both	none
3684.2539	1	Stimulus/S  1	1	36842539	36842547	90	3	70	pips_40_500-8000.hdf5	both	none
3685.3099	1	Stimulus/S  1	1	36853099	36853107	90	4	50	pips_40_500-8000.hdf5	both	none
3686.3766	1	Stimulus/S  1	1	36863766	36863774	90	5	30	pips_40_500-8000.hdf5	both	none
3687.4433	1	Stimulus/S  1	1	36874433	36874441	91	0	20	pips_40_500-8000.hdf5	both	none
3688.4886	1	Stimulus/S  1	1	36884886	36884894	91	1	40	pips_40_500-8000.hdf5	both	none
3689.5447	1	Stimulus/S  1	1	36895447	36895455	91	2	60	pips_40_500-8000.hdf5	both	none
3690.59	1	Stimulus/S  1	1	36905900	36905908	91	3	70	pips_40_500-8000.hdf5	both	none
3691.6567	1	Stimulus/S  1	1	36916567	36916575	91	4	50	pips_40_500-8000.hdf5	both	none
3692.7127	1	Stimulus/S  1	1	36927127	36927135	91	5	30	pips_40_500-8000.hdf5	both	none
3693.758	1	Stimulus/S  1	1	36937580	36937588	92	0	20	pips_40_500-8000.hdf5	both	none
3694.8034	1	Stimulus/S  1	1	36948034	36948042	92	1	40	pips_40_500-8000.hdf5	both	none
3695.87	1	Stimulus/S  1	1	36958700	36958708	92	2	60	pips_40_500-8000.hdf5	both	none
3696.9261	1	Stimulus/S  1	1	36969261	36969269	92	3	70	pips_40_500-8000.hdf5	both	none
3697.9714	1	Stimulus/S  1	1	36979714	36979722	92	4	50	pips_40_500-8000.hdf5	both	none
3699.0274	1	Stimulus/S  1	1	36990274	36990282	92	5	30	pips_40_500-8000.hdf5	both	none
3700.0941	1	Stimulus/S  1	1	37000941	37000949	93	0	20	pips_40_500-8000.hdf5	both	none
3701.1608	1	Stimulus/S  1	1	37011608	37011616	93	1	40	pips_40_500-8000.hdf5	both	none
3702.2274	1	Stimulus/S  1	1	37022274	37022282	93	2	60	pips_40_500-8000.hdf5	both	none
3703.2728	1	Stimulus/S  1	1	37032728	37032736	93	3	70	pips_40_500-8000.hdf5	both	none
3704.3288	1	Stimulus/S  1	1	37043288	37043296	93	4	50	pips_40_500-8000.hdf5	both	none
3705.3741	1	Stimulus/S  1	1	37053741	37053749	93	5	30	pips_40_500-8000.hdf5	both	none
3706.4195	1	Stimulus/S  1	1	37064195	37064203	94	0	20	pips_40_500-8000.hdf5	both	none
3707.4755	1	Stimulus/S  1	1	37074755	37074763	94	1	40	pips_40_500-8000.hdf5	both	none
3708.5422	1	Stimulus/S  1	1	37085422	37085430	94	2	60	pips_40_500-8000.hdf5	both	none
3709.6088	1	Stimulus/S  1	1	37096088	37096096	94	3	70	pips_40_500-8000.hdf5	both	none
3710.6755	1	Stimulus/S  1	1	37106755	37106763	94	4	50	pips_40_500-8000.hdf5	both	none
3711.7422	1	Stimulus/S  1	1	37117422	37117430	94	5	30	pips_40_500-8000.hdf5	both	none
3712.8089	1	Stimulus/S  1	1	37128089	37128097	95	0	20	pips_40_500-8000.hdf5	both	none
3713.8756	1	Stimulus/S  1	1	37138756	37138764	95	1	40	pips_40_500-8000.hdf5	both	none
3714.9422	1	Stimulus/S  1	1	37149422	37149430	95	2	60	pips_40_500-8000.hdf5	both	none
3716.0089	1	Stimulus/S  1	1	37160089	37160097	95	3	70	pips_40_500-8000.hdf5	both	none
3717.0756	1	Stimulus/S  1	1	37170756	37170764	95	4	50	pips_40_500-8000.hdf5	both	none
3718.1423	1	Stimulus/S  1	1	37181423	37181431	95	5	30	pips_40_500-8000.hdf5	both	none
3719.1876	1	Stimulus/S  1	1	37191876	37191884	96	0	20	pips_40_500-8000.hdf5	both	none
3720.2436	1	Stimulus/S  1	1	37202436	37202444	96	1	40	pips_40_500-8000.hdf5	both	none
3721.289	1	Stimulus/S  1	1	37212890	37212898	96	2	60	pips_40_500-8000.hdf5	both	none
3722.3556	1	Stimulus/S  1	1	37223556	37223564	96	3	70	pips_40_500-8000.hdf5	both	none
3723.4223	1	Stimulus/S  1	1	37234223	37234231	96	4	50	pips_40_500-8000.hdf5	both	none
3724.489	1	Stimulus/S  1	1	37244890	37244898	96	5	30	pips_40_500-8000.hdf5	both	none
3725.545	1	Stimulus/S  1	1	37255450	37255458	97	0	20	pips_40_500-8000.hdf5	both	none
3726.5903	1	Stimulus/S  1	1	37265903	37265911	97	1	40	pips_40_500-8000.hdf5	both	none
3727.6357	1	Stimulus/S  1	1	37276357	37276365	97	2	60	pips_40_500-8000.hdf5	both	none
3728.713	1	Stimulus/S  1	1	37287130	37287138	97	3	70	pips_40_500-8000.hdf5	both	none
3729.7797	1	Stimulus/S  1	1	37297797	37297805	97	4	50	pips_40_500-8000.hdf5	both	none
3730.8464	1	Stimulus/S  1	1	37308464	37308472	97	5	30	pips_40_500-8000.hdf5	both	none
3731.8917	1	Stimulus/S  1	1	37318917	37318925	98	0	20	pips_40_500-8000.hdf5	both	none
3732.9371	1	Stimulus/S  1	1	37329371	37329379	98	1	40	pips_40_500-8000.hdf5	both	none
3734.0037	1	Stimulus/S  1	1	37340037	37340045	98	2	60	pips_40_500-8000.hdf5	both	none
3735.0598	1	Stimulus/S  1	1	37350598	37350606	98	3	70	pips_40_500-8000.hdf5	both	none
3736.1051	1	Stimulus/S  1	1	37361051	37361059	98	4	50	pips_40_500-8000.hdf5	both	none
3737.1611	1	Stimulus/S  1	1	37371611	37371619	98	5	30	pips_40_500-8000.hdf5	both	none
3738.2278	1	Stimulus/S  1	1	37382278	37382286	99	0	20	pips_40_500-8000.hdf5	both	none
3739.2945	1	Stimulus/S  1	1	37392945	37392953	99	1	40	pips_40_500-8000.hdf5	both	none
3740.3398	1	Stimulus/S  1	1	37403398	37403406	99	2	60	pips_40_500-8000.hdf5	both	none
3741.3958	1	Stimulus/S  1	1	37413958	37413966	99	3	70	pips_40_500-8000.hdf5	both	none
3742.4625	1	Stimulus/S  1	1	37424625	37424633	99	4	50	pips_40_500-8000.hdf5	both	none
3743.5078	1	Stimulus/S  1	1	37435078	37435086	99	5	30	pips_40_500-8000.hdf5	both	none
3744.5745	1	Stimulus/S  1	1	37445745	37445753	100	0	20	pips_40_500-8000.hdf5	both	none
3745.6412	1	Stimulus/S  1	1	37456412	37456420	100	1	40	pips_40_500-8000.hdf5	both	none
3746.7079	1	Stimulus/S  1	1	37467079	37467087	100	2	60	pips_40_500-8000.hdf5	both	none
3747.7639	1	Stimulus/S  1	1	37477639	37477647	100	3	70	pips_40_500-8000.hdf5	both	none
3748.8092	1	Stimulus/S  1	1	37488092	37488100	100	4	50	pips_40_500-8000.hdf5	both	none
3749.8546	1	Stimulus/S  1	1	37498546	37498554	100	5	30	pips_40_500-8000.hdf5	both	none
3750.9106	1	Stimulus/S  1	1	37509106	37509114	101	0	20	pips_40_500-8000.hdf5	both	none
3751.9772	1	Stimulus/S  1	1	37519772	37519780	101	1	40	pips_40_500-8000.hdf5	both	none
3753.0439	1	Stimulus/S  1	1	37530439	37530447	101	2	60	pips_40_500-8000.hdf5	both	none
3754.1106	1	Stimulus/S  1	1	37541106	37541114	101	3	70	pips_40_500-8000.hdf5	both	none
3755.1773	1	Stimulus/S  1	1	37551773	37551781	101	4	50	pips_40_500-8000.hdf5	both	none
3756.244	1	Stimulus/S  1	1	37562440	37562448	101	5	30	pips_40_500-8000.hdf5	both	none
3757.2893	1	Stimulus/S  1	1	37572893	37572901	102	0	20	pips_40_500-8000.hdf5	both	none
3758.3453	1	Stimulus/S  1	1	37583453	37583461	102	1	40	pips_40_500-8000.hdf5	both	none
3759.3907	1	Stimulus/S  1	1	37593907	37593915	102	2	60	pips_40_500-8000.hdf5	both	none
3760.4573	1	Stimulus/S  1	1	37604573	37604581	102	3	70	pips_40_500-8000.hdf5	both	none
3761.5133	1	Stimulus/S  1	1	37615133	37615141	102	4	50	pips_40_500-8000.hdf5	both	none
3762.5587	1	Stimulus/S  1	1	37625587	37625595	102	5	30	pips_40_500-8000.hdf5	both	none
3763.6254	1	Stimulus/S  1	1	37636254	37636262	103	0	20	pips_40_500-8000.hdf5	both	none
3764.692	1	Stimulus/S  1	1	37646920	37646928	103	1	40	pips_40_500-8000.hdf5	both	none
3765.7374	1	Stimulus/S  1	1	37657374	37657382	103	2	60	pips_40_500-8000.hdf5	both	none
3766.8041	1	Stimulus/S  1	1	37668041	37668049	103	3	70	pips_40_500-8000.hdf5	both	none
3767.8707	1	Stimulus/S  1	1	37678707	37678715	103	4	50	pips_40_500-8000.hdf5	both	none
3768.9267	1	Stimulus/S  1	1	37689267	37689275	103	5	30	pips_40_500-8000.hdf5	both	none
3769.9721	1	Stimulus/S  1	1	37699721	37699729	104	0	20	pips_40_500-8000.hdf5	both	none
3771.0281	1	Stimulus/S  1	1	37710281	37710289	104	1	40	pips_40_500-8000.hdf5	both	none
3772.0948	1	Stimulus/S  1	1	37720948	37720956	104	2	60	pips_40_500-8000.hdf5	both	none
3773.1615	1	Stimulus/S  1	1	37731615	37731623	104	3	70	pips_40_500-8000.hdf5	both	none
3774.2281	1	Stimulus/S  1	1	37742281	37742289	104	4	50	pips_40_500-8000.hdf5	both	none
3775.2948	1	Stimulus/S  1	1	37752948	37752956	104	5	30	pips_40_500-8000.hdf5	both	none
3776.3615	1	Stimulus/S  1	1	37763615	37763623	105	0	20	pips_40_500-8000.hdf5	both	none
3777.4282	1	Stimulus/S  1	1	37774282	37774290	105	1	40	pips_40_500-8000.hdf5	both	none
3778.4735	1	Stimulus/S  1	1	37784735	37784743	105	2	60	pips_40_500-8000.hdf5	both	none
3779.5402	1	Stimulus/S  1	1	37795402	37795410	105	3	70	pips_40_500-8000.hdf5	both	none
3780.6069	1	Stimulus/S  1	1	37806069	37806077	105	4	50	pips_40_500-8000.hdf5	both	none
3781.6629	1	Stimulus/S  1	1	37816629	37816637	105	5	30	pips_40_500-8000.hdf5	both	none
3782.7082	1	Stimulus/S  1	1	37827082	37827090	106	0	20	pips_40_500-8000.hdf5	both	none
3783.7642	1	Stimulus/S  1	1	37837642	37837650	106	1	40	pips_40_500-8000.hdf5	both	none
3784.8096	1	Stimulus/S  1	1	37848096	37848104	106	2	60	pips_40_500-8000.hdf5	both	none
3785.8762	1	Stimulus/S  1	1	37858762	37858770	106	3	70	pips_40_500-8000.hdf5	both	none
3786.9429	1	Stimulus/S  1	1	37869429	37869437	106	4	50	pips_40_500-8000.hdf5	both	none
3787.9883	1	Stimulus/S  1	1	37879883	37879891	106	5	30	pips_40_500-8000.hdf5	both	none
3789.0443	1	Stimulus/S  1	1	37890443	37890451	107	0	20	pips_40_500-8000.hdf5	both	none
3790.0896	1	Stimulus/S  1	1	37900896	37900904	107	1	40	pips_40_500-8000.hdf5	both	none
3791.1563	1	Stimulus/S  1	1	37911563	37911571	107	2	60	pips_40_500-8000.hdf5	both	none
3792.223	1	Stimulus/S  1	1	37922230	37922238	107	3	70	pips_40_500-8000.hdf5	both	none
3793.279	1	Stimulus/S  1	1	37932790	37932798	107	4	50	pips_40_500-8000.hdf5	both	none
3794.3243	1	Stimulus/S  1	1	37943243	37943251	107	5	30	pips_40_500-8000.hdf5	both	none
3795.391	1	Stimulus/S  1	1	37953910	37953918	108	0	20	pips_40_500-8000.hdf5	both	none
3796.4577	1	Stimulus/S  1	1	37964577	37964585	108	1	40	pips_40_500-8000.hdf5	both	none
3797.5137	1	Stimulus/S  1	1	37975137	37975145	108	2	60	pips_40_500-8000.hdf5	both	none
3798.559	1	Stimulus/S  1	1	37985590	37985598	108	3	70	pips_40_500-8000.hdf5	both	none
3799.6257	1	Stimulus/S  1	1	37996257	37996265	108	4	50	pips_40_500-8000.hdf5	both	none
3800.671	1	Stimulus/S  1	1	38006710	38006718	108	5	30	pips_40_500-8000.hdf5	both	none
3801.7271	1	Stimulus/S  1	1	38017271	38017279	109	0	20	pips_40_500-8000.hdf5	both	none
3802.7937	1	Stimulus/S  1	1	38027937	38027945	109	1	40	pips_40_500-8000.hdf5	both	none
3803.8391	1	Stimulus/S  1	1	38038391	38038399	109	2	60	pips_40_500-8000.hdf5	both	none
3804.8951	1	Stimulus/S  1	1	38048951	38048959	109	3	70	pips_40_500-8000.hdf5	both	none
3805.9618	1	Stimulus/S  1	1	38059618	38059626	109	4	50	pips_40_500-8000.hdf5	both	none
3807.0071	1	Stimulus/S  1	1	38070071	38070079	109	5	30	pips_40_500-8000.hdf5	both	none
3808.0631	1	Stimulus/S  1	1	38080631	38080639	110	0	20	pips_40_500-8000.hdf5	both	none
3809.1298	1	Stimulus/S  1	1	38091298	38091306	110	1	40	pips_40_500-8000.hdf5	both	none
3810.1965	1	Stimulus/S  1	1	38101965	38101973	110	2	60	pips_40_500-8000.hdf5	both	none
3811.2418	1	Stimulus/S  1	1	38112418	38112426	110	3	70	pips_40_500-8000.hdf5	both	none
3812.2978	1	Stimulus/S  1	1	38122978	38122986	110	4	50	pips_40_500-8000.hdf5	both	none
3813.3432	1	Stimulus/S  1	1	38133432	38133440	110	5	30	pips_40_500-8000.hdf5	both	none
3814.3885	1	Stimulus/S  1	1	38143885	38143893	111	0	20	pips_40_500-8000.hdf5	both	none
3815.4552	1	Stimulus/S  1	1	38154552	38154560	111	1	40	pips_40_500-8000.hdf5	both	none
3816.5112	1	Stimulus/S  1	1	38165112	38165120	111	2	60	pips_40_500-8000.hdf5	both	none
3817.5565	1	Stimulus/S  1	1	38175565	38175573	111	3	70	pips_40_500-8000.hdf5	both	none
3818.6232	1	Stimulus/S  1	1	38186232	38186240	111	4	50	pips_40_500-8000.hdf5	both	none
3819.6792	1	Stimulus/S  1	1	38196792	38196800	111	5	30	pips_40_500-8000.hdf5	both	none
3820.7246	1	Stimulus/S  1	1	38207246	38207254	112	0	20	pips_40_500-8000.hdf5	both	none
3821.7913	1	Stimulus/S  1	1	38217913	38217921	112	1	40	pips_40_500-8000.hdf5	both	none
3822.8579	1	Stimulus/S  1	1	38228579	38228587	112	2	60	pips_40_500-8000.hdf5	both	none
3823.9139	1	Stimulus/S  1	1	38239139	38239147	112	3	70	pips_40_500-8000.hdf5	both	none
3824.9593	1	Stimulus/S  1	1	38249593	38249601	112	4	50	pips_40_500-8000.hdf5	both	none
3826.0046	1	Stimulus/S  1	1	38260046	38260054	112	5	30	pips_40_500-8000.hdf5	both	none
3827.0606	1	Stimulus/S  1	1	38270606	38270614	113	0	20	pips_40_500-8000.hdf5	both	none
3828.1273	1	Stimulus/S  1	1	38281273	38281281	113	1	40	pips_40_500-8000.hdf5	both	none
3829.194	1	Stimulus/S  1	1	38291940	38291948	113	2	60	pips_40_500-8000.hdf5	both	none
3830.2607	1	Stimulus/S  1	1	38302607	38302615	113	3	70	pips_40_500-8000.hdf5	both	none
3831.306	1	Stimulus/S  1	1	38313060	38313068	113	4	50	pips_40_500-8000.hdf5	both	none
3832.362	1	Stimulus/S  1	1	38323620	38323628	113	5	30	pips_40_500-8000.hdf5	both	none
3833.4287	1	Stimulus/S  1	1	38334287	38334295	114	0	20	pips_40_500-8000.hdf5	both	none
3834.474	1	Stimulus/S  1	1	38344740	38344748	114	1	40	pips_40_500-8000.hdf5	both	none
3835.53	1	Stimulus/S  1	1	38355300	38355308	114	2	60	pips_40_500-8000.hdf5	both	none
3836.5754	1	Stimulus/S  1	1	38365754	38365762	114	3	70	pips_40_500-8000.hdf5	both	none
3837.6421	1	Stimulus/S  1	1	38376421	38376429	114	4	50	pips_40_500-8000.hdf5	both	none
3838.7087	1	Stimulus/S  1	1	38387087	38387095	114	5	30	pips_40_500-8000.hdf5	both	none
3839.7648	1	Stimulus/S  1	1	38397648	38397656	115	0	20	pips_40_500-8000.hdf5	both	none
3840.8314	1	Stimulus/S  1	1	38408314	38408322	115	1	40	pips_40_500-8000.hdf5	both	none
3841.8981	1	Stimulus/S  1	1	38418981	38418989	115	2	60	pips_40_500-8000.hdf5	both	none
3842.9648	1	Stimulus/S  1	1	38429648	38429656	115	3	70	pips_40_500-8000.hdf5	both	none
3844.0101	1	Stimulus/S  1	1	38440101	38440109	115	4	50	pips_40_500-8000.hdf5	both	none
3845.0768	1	Stimulus/S  1	1	38450768	38450776	115	5	30	pips_40_500-8000.hdf5	both	none
3846.1222	1	Stimulus/S  1	1	38461222	38461230	116	0	20	pips_40_500-8000.hdf5	both	none
3847.1782	1	Stimulus/S  1	1	38471782	38471790	116	1	40	pips_40_500-8000.hdf5	both	none
3848.2235	1	Stimulus/S  1	1	38482235	38482243	116	2	60	pips_40_500-8000.hdf5	both	none
3849.2795	1	Stimulus/S  1	1	38492795	38492803	116	3	70	pips_40_500-8000.hdf5	both	none
3850.3249	1	Stimulus/S  1	1	38503249	38503257	116	4	50	pips_40_500-8000.hdf5	both	none
3851.3915	1	Stimulus/S  1	1	38513915	38513923	116	5	30	pips_40_500-8000.hdf5	both	none
3852.4475	1	Stimulus/S  1	1	38524475	38524483	117	0	20	pips_40_500-8000.hdf5	both	none
3853.4929	1	Stimulus/S  1	1	38534929	38534937	117	1	40	pips_40_500-8000.hdf5	both	none
3854.5382	1	Stimulus/S  1	1	38545382	38545390	117	2	60	pips_40_500-8000.hdf5	both	none
3855.6156	1	Stimulus/S  1	1	38556156	38556164	117	3	70	pips_40_500-8000.hdf5	both	none
3856.6609	1	Stimulus/S  1	1	38566609	38566617	117	4	50	pips_40_500-8000.hdf5	both	none
3857.7063	1	Stimulus/S  1	1	38577063	38577071	117	5	30	pips_40_500-8000.hdf5	both	none
3858.7729	1	Stimulus/S  1	1	38587729	38587737	118	0	20	pips_40_500-8000.hdf5	both	none
3859.8289	1	Stimulus/S  1	1	38598289	38598297	118	1	40	pips_40_500-8000.hdf5	both	none
3860.8743	1	Stimulus/S  1	1	38608743	38608751	118	2	60	pips_40_500-8000.hdf5	both	none
3861.9303	1	Stimulus/S  1	1	38619303	38619311	118	3	70	pips_40_500-8000.hdf5	both	none
3862.9756	1	Stimulus/S  1	1	38629756	38629764	118	4	50	pips_40_500-8000.hdf5	both	none
3864.0317	1	Stimulus/S  1	1	38640317	38640325	118	5	30	pips_40_500-8000.hdf5	both	none
3865.0983	1	Stimulus/S  1	1	38650983	38650991	119	0	20	pips_40_500-8000.hdf5	both	none
3866.165	1	Stimulus/S  1	1	38661650	38661658	119	1	40	pips_40_500-8000.hdf5	both	none
3867.2104	1	Stimulus/S  1	1	38672104	38672112	119	2	60	pips_40_500-8000.hdf5	both	none
3868.2557	1	Stimulus/S  1	1	38682557	38682565	119	3	70	pips_40_500-8000.hdf5	both	none
3869.3117	1	Stimulus/S  1	1	38693117	38693125	119	4	50	pips_40_500-8000.hdf5	both	none
3870.3784	1	Stimulus/S  1	1	38703784	38703792	119	5	30	pips_40_500-8000.hdf5	both	none
