onset	duration	trial_type	value	sample	sample_corrected	token	run	level	stim_file	ear_ac	ear_bc
26.4332	1	Stimulus/S  1	1	264332	264340	0	0	20	pips_l40_r400_500-8000.hdf5	right	left
27.4999	1	Stimulus/S  1	1	274999	275007	0	1	40	pips_l40_r400_500-8000.hdf5	right	left
28.5453	1	Stimulus/S  1	1	285453	285461	0	2	60	pips_l40_r400_500-8000.hdf5	right	left
29.6119	1	Stimulus/S  1	1	296119	296127	0	3	70	pips_l40_r400_500-8000.hdf5	right	left
30.6786	1	Stimulus/S  1	1	306786	306794	0	4	50	pips_l40_r400_500-8000.hdf5	right	left
31.724	1	Stimulus/S  1	1	317240	317248	0	5	30	pips_l40_r400_500-8000.hdf5	right	left
32.8013	1	Stimulus/S  1	1	328013	328021	1	0	20	pips_l40_r400_500-8000.hdf5	right	left
33.8467	1	Stimulus/S  1	1	338467	338475	1	1	40	pips_l40_r400_500-8000.hdf5	right	left
34.9133	1	Stimulus/S  1	1	349133	349141	1	2	60	pips_l40_r400_500-8000.hdf5	right	left
35.98	1	Stimulus/S  1	1	359800	359808	1	3	70	pips_l40_r400_500-8000.hdf5	right	left
37.0253	1	Stimulus/S  1	1	370253	370261	1	4	50	pips_l40_r400_500-8000.hdf5	right	left
38.0814	1	Stimulus/S  1	1	380814	380822	1	5	30	pips_l40_r400_500-8000.hdf5	right	left
39.1267	1	Stimulus/S  1	1	391267	391275	2	0	20	pips_l40_r400_500-8000.hdf5	right	left
40.1934	1	Stimulus/S  1	1	401934	401942	2	1	40	pips_l40_r400_500-8000.hdf5	right	left
41.2494	1	Stimulus/S  1	1	412494	412502	2	2	60	pips_l40_r400_500-8000.hdf5	right	left
42.3161	1	Stimulus/S  1	1	423161	423169	2	3	70	pips_l40_r400_500-8000.hdf5	right	left
43.3614	1	Stimulus/S  1	1	433614	433622	2	4	50	pips_l40_r400_500-8000.hdf5	right	left
44.4174	1	Stimulus/S  1	1	444174	444182	2	5	30	pips_l40_r400_500-8000.hdf5	right	left
45.4628	1	Stimulus/S  1	1	454628	454636	3	0	20	pips_l40_r400_500-8000.hdf5	right	left
46.5294	1	Stimulus/S  1	1	465294	465302	3	1	40	pips_l40_r400_500-8000.hdf5	right	left
47.5748	1	Stimulus/S  1	1	475748	475756	3	2	60	pips_l40_r400_500-8000.hdf5	right	left
48.6308	1	Stimulus/S  1	1	486308	486316	3	3	70	pips_l40_r400_500-8000.hdf5	right	left
49.6975	1	Stimulus/S  1	1	496975	496983	3	4	50	pips_l40_r400_500-8000.hdf5	right	left
50.7641	1	Stimulus/S  1	1	507641	507649	3	5	30	pips_l40_r400_500-8000.hdf5	right	left
51.8095	1	Stimulus/S  1	1	518095	518103	4	0	20	pips_l40_r400_500-8000.hdf5	right	left
52.8762	1	Stimulus/S  1	1	528762	528770	4	1	40	pips_l40_r400_500-8000.hdf5	right	left
53.9428	1	Stimulus/S  1	1	539428	539436	4	2	60	pips_l40_r400_500-8000.hdf5	right	left
54.9989	1	Stimulus/S  1	1	549989	549997	4	3	70	pips_l40_r400_500-8000.hdf5	right	left
56.0442	1	Stimulus/S  1	1	560442	560450	4	4	50	pips_l40_r400_500-8000.hdf5	right	left
57.1002	1	Stimulus/S  1	1	571002	571010	4	5	30	pips_l40_r400_500-8000.hdf5	right	left
58.1456	1	Stimulus/S  1	1	581456	581464	5	0	20	pips_l40_r400_500-8000.hdf5	right	left
59.2016	1	Stimulus/S  1	1	592016	592024	5	1	40	pips_l40_r400_500-8000.hdf5	right	left
60.2576	1	Stimulus/S  1	1	602576	602584	5	2	60	pips_l40_r400_500-8000.hdf5	right	left
61.3136	1	Stimulus/S  1	1	613136	613144	5	3	70	pips_l40_r400_500-8000.hdf5	right	left
62.3803	1	Stimulus/S  1	1	623803	623811	5	4	50	pips_l40_r400_500-8000.hdf5	right	left
63.4256	1	Stimulus/S  1	1	634256	634264	5	5	30	pips_l40_r400_500-8000.hdf5	right	left
64.4923	1	Stimulus/S  1	1	644923	644931	6	0	20	pips_l40_r400_500-8000.hdf5	right	left
65.559	1	Stimulus/S  1	1	655590	655598	6	1	40	pips_l40_r400_500-8000.hdf5	right	left
66.615	1	Stimulus/S  1	1	666150	666158	6	2	60	pips_l40_r400_500-8000.hdf5	right	left
67.6603	1	Stimulus/S  1	1	676603	676611	6	3	70	pips_l40_r400_500-8000.hdf5	right	left
68.727	1	Stimulus/S  1	1	687270	687278	6	4	50	pips_l40_r400_500-8000.hdf5	right	left
69.783	1	Stimulus/S  1	1	697830	697838	6	5	30	pips_l40_r400_500-8000.hdf5	right	left
70.8497	1	Stimulus/S  1	1	708497	708505	7	0	20	pips_l40_r400_500-8000.hdf5	right	left
71.9163	1	Stimulus/S  1	1	719163	719171	7	1	40	pips_l40_r400_500-8000.hdf5	right	left
72.9617	1	Stimulus/S  1	1	729617	729625	7	2	60	pips_l40_r400_500-8000.hdf5	right	left
74.0177	1	Stimulus/S  1	1	740177	740185	7	3	70	pips_l40_r400_500-8000.hdf5	right	left
75.063	1	Stimulus/S  1	1	750630	750638	7	4	50	pips_l40_r400_500-8000.hdf5	right	left
76.1084	1	Stimulus/S  1	1	761084	761092	7	5	30	pips_l40_r400_500-8000.hdf5	right	left
77.1644	1	Stimulus/S  1	1	771644	771652	8	0	20	pips_l40_r400_500-8000.hdf5	right	left
78.2311	1	Stimulus/S  1	1	782311	782319	8	1	40	pips_l40_r400_500-8000.hdf5	right	left
79.2764	1	Stimulus/S  1	1	792764	792772	8	2	60	pips_l40_r400_500-8000.hdf5	right	left
80.3431	1	Stimulus/S  1	1	803431	803439	8	3	70	pips_l40_r400_500-8000.hdf5	right	left
81.3991	1	Stimulus/S  1	1	813991	813999	8	4	50	pips_l40_r400_500-8000.hdf5	right	left
82.4445	1	Stimulus/S  1	1	824445	824453	8	5	30	pips_l40_r400_500-8000.hdf5	right	left
83.5005	1	Stimulus/S  1	1	835005	835013	9	0	20	pips_l40_r400_500-8000.hdf5	right	left
84.5458	1	Stimulus/S  1	1	845458	845466	9	1	40	pips_l40_r400_500-8000.hdf5	right	left
85.6018	1	Stimulus/S  1	1	856018	856026	9	2	60	pips_l40_r400_500-8000.hdf5	right	left
86.6472	1	Stimulus/S  1	1	866472	866480	9	3	70	pips_l40_r400_500-8000.hdf5	right	left
87.7138	1	Stimulus/S  1	1	877138	877146	9	4	50	pips_l40_r400_500-8000.hdf5	right	left
88.7805	1	Stimulus/S  1	1	887805	887813	9	5	30	pips_l40_r400_500-8000.hdf5	right	left
89.8259	1	Stimulus/S  1	1	898259	898267	10	0	20	pips_l40_r400_500-8000.hdf5	right	left
90.8925	1	Stimulus/S  1	1	908925	908933	10	1	40	pips_l40_r400_500-8000.hdf5	right	left
91.9485	1	Stimulus/S  1	1	919485	919493	10	2	60	pips_l40_r400_500-8000.hdf5	right	left
92.9939	1	Stimulus/S  1	1	929939	929947	10	3	70	pips_l40_r400_500-8000.hdf5	right	left
94.0606	1	Stimulus/S  1	1	940606	940614	10	4	50	pips_l40_r400_500-8000.hdf5	right	left
95.1166	1	Stimulus/S  1	1	951166	951174	10	5	30	pips_l40_r400_500-8000.hdf5	right	left
96.1619	1	Stimulus/S  1	1	961619	961627	11	0	20	pips_l40_r400_500-8000.hdf5	right	left
97.2286	1	Stimulus/S  1	1	972286	972294	11	1	40	pips_l40_r400_500-8000.hdf5	right	left
98.2846	1	Stimulus/S  1	1	982846	982854	11	2	60	pips_l40_r400_500-8000.hdf5	right	left
99.3513	1	Stimulus/S  1	1	993513	993521	11	3	70	pips_l40_r400_500-8000.hdf5	right	left
100.418	1	Stimulus/S  1	1	1004180	1004188	11	4	50	pips_l40_r400_500-8000.hdf5	right	left
101.4633	1	Stimulus/S  1	1	1014633	1014641	11	5	30	pips_l40_r400_500-8000.hdf5	right	left
102.53	1	Stimulus/S  1	1	1025300	1025308	12	0	20	pips_l40_r400_500-8000.hdf5	right	left
103.5753	1	Stimulus/S  1	1	1035753	1035761	12	1	40	pips_l40_r400_500-8000.hdf5	right	left
104.6313	1	Stimulus/S  1	1	1046313	1046321	12	2	60	pips_l40_r400_500-8000.hdf5	right	left
105.698	1	Stimulus/S  1	1	1056980	1056988	12	3	70	pips_l40_r400_500-8000.hdf5	right	left
106.7647	1	Stimulus/S  1	1	1067647	1067655	12	4	50	pips_l40_r400_500-8000.hdf5	right	left
107.81	1	Stimulus/S  1	1	1078100	1078108	12	5	30	pips_l40_r400_500-8000.hdf5	right	left
108.8767	1	Stimulus/S  1	1	1088767	1088775	13	0	20	pips_l40_r400_500-8000.hdf5	right	left
109.9434	1	Stimulus/S  1	1	1099434	1099442	13	1	40	pips_l40_r400_500-8000.hdf5	right	left
110.9994	1	Stimulus/S  1	1	1109994	1110002	13	2	60	pips_l40_r400_500-8000.hdf5	right	left
112.0447	1	Stimulus/S  1	1	1120447	1120455	13	3	70	pips_l40_r400_500-8000.hdf5	right	left
113.1007	1	Stimulus/S  1	1	1131007	1131015	13	4	50	pips_l40_r400_500-8000.hdf5	right	left
114.1461	1	Stimulus/S  1	1	1141461	1141469	13	5	30	pips_l40_r400_500-8000.hdf5	right	left
115.2021	1	Stimulus/S  1	1	1152021	1152029	14	0	20	pips_l40_r400_500-8000.hdf5	right	left
116.2474	1	Stimulus/S  1	1	1162474	1162482	14	1	40	pips_l40_r400_500-8000.hdf5	right	left
117.3141	1	Stimulus/S  1	1	1173141	1173149	14	2	60	pips_l40_r400_500-8000.hdf5	right	left
118.3701	1	Stimulus/S  1	1	1183701	1183709	14	3	70	pips_l40_r400_500-8000.hdf5	right	left
119.4155	1	Stimulus/S  1	1	1194155	1194163	14	4	50	pips_l40_r400_500-8000.hdf5	right	left
120.4821	1	Stimulus/S  1	1	1204821	1204829	14	5	30	pips_l40_r400_500-8000.hdf5	right	left
121.5488	1	Stimulus/S  1	1	1215488	1215496	15	0	20	pips_l40_r400_500-8000.hdf5	right	left
122.5942	1	Stimulus/S  1	1	1225942	1225950	15	1	40	pips_l40_r400_500-8000.hdf5	right	left
123.6608	1	Stimulus/S  1	1	1236608	1236616	15	2	60	pips_l40_r400_500-8000.hdf5	right	left
124.7169	1	Stimulus/S  1	1	1247169	1247177	15	3	70	pips_l40_r400_500-8000.hdf5	right	left
125.7622	1	Stimulus/S  1	1	1257622	1257630	15	4	50	pips_l40_r400_500-8000.hdf5	right	left
126.8182	1	Stimulus/S  1	1	1268182	1268190	15	5	30	pips_l40_r400_500-8000.hdf5	right	left
127.8636	1	Stimulus/S  1	1	1278636	1278644	16	0	20	pips_l40_r400_500-8000.hdf5	right	left
128.9302	1	Stimulus/S  1	1	1289302	1289310	16	1	40	pips_l40_r400_500-8000.hdf5	right	left
129.9756	1	Stimulus/S  1	1	1299756	1299764	16	2	60	pips_l40_r400_500-8000.hdf5	right	left
131.0422	1	Stimulus/S  1	1	1310422	1310430	16	3	70	pips_l40_r400_500-8000.hdf5	right	left
132.1089	1	Stimulus/S  1	1	1321089	1321097	16	4	50	pips_l40_r400_500-8000.hdf5	right	left
133.1649	1	Stimulus/S  1	1	1331649	1331657	16	5	30	pips_l40_r400_500-8000.hdf5	right	left
134.2316	1	Stimulus/S  1	1	1342316	1342324	17	0	20	pips_l40_r400_500-8000.hdf5	right	left
135.2983	1	Stimulus/S  1	1	1352983	1352991	17	1	40	pips_l40_r400_500-8000.hdf5	right	left
136.3436	1	Stimulus/S  1	1	1363436	1363444	17	2	60	pips_l40_r400_500-8000.hdf5	right	left
137.4103	1	Stimulus/S  1	1	1374103	1374111	17	3	70	pips_l40_r400_500-8000.hdf5	right	left
138.4663	1	Stimulus/S  1	1	1384663	1384671	17	4	50	pips_l40_r400_500-8000.hdf5	right	left
139.533	1	Stimulus/S  1	1	1395330	1395338	17	5	30	pips_l40_r400_500-8000.hdf5	right	left
140.5783	1	Stimulus/S  1	1	1405783	1405791	18	0	20	pips_l40_r400_500-8000.hdf5	right	left
141.6343	1	Stimulus/S  1	1	1416343	1416351	18	1	40	pips_l40_r400_500-8000.hdf5	right	left
142.6797	1	Stimulus/S  1	1	1426797	1426805	18	2	60	pips_l40_r400_500-8000.hdf5	right	left
143.7357	1	Stimulus/S  1	1	1437357	1437365	18	3	70	pips_l40_r400_500-8000.hdf5	right	left
144.8024	1	Stimulus/S  1	1	1448024	1448032	18	4	50	pips_l40_r400_500-8000.hdf5	right	left
145.8477	1	Stimulus/S  1	1	1458477	1458485	18	5	30	pips_l40_r400_500-8000.hdf5	right	left
146.9144	1	Stimulus/S  1	1	1469144	1469152	19	0	20	pips_l40_r400_500-8000.hdf5	right	left
147.9597	1	Stimulus/S  1	1	1479597	1479605	19	1	40	pips_l40_r400_500-8000.hdf5	right	left
149.0158	1	Stimulus/S  1	1	1490158	1490166	19	2	60	pips_l40_r400_500-8000.hdf5	right	left
150.0824	1	Stimulus/S  1	1	1500824	1500832	19	3	70	pips_l40_r400_500-8000.hdf5	right	left
151.1491	1	Stimulus/S  1	1	1511491	1511499	19	4	50	pips_l40_r400_500-8000.hdf5	right	left
152.1945	1	Stimulus/S  1	1	1521945	1521953	19	5	30	pips_l40_r400_500-8000.hdf5	right	left
153.2611	1	Stimulus/S  1	1	1532611	1532619	20	0	20	pips_l40_r400_500-8000.hdf5	right	left
154.3171	1	Stimulus/S  1	1	1543171	1543179	20	1	40	pips_l40_r400_500-8000.hdf5	right	left
155.3838	1	Stimulus/S  1	1	1553838	1553846	20	2	60	pips_l40_r400_500-8000.hdf5	right	left
156.4292	1	Stimulus/S  1	1	1564292	1564300	20	3	70	pips_l40_r400_500-8000.hdf5	right	left
157.4958	1	Stimulus/S  1	1	1574958	1574966	20	4	50	pips_l40_r400_500-8000.hdf5	right	left
158.5625	1	Stimulus/S  1	1	1585625	1585633	20	5	30	pips_l40_r400_500-8000.hdf5	right	left
159.6185	1	Stimulus/S  1	1	1596185	1596193	21	0	20	pips_l40_r400_500-8000.hdf5	right	left
160.6852	1	Stimulus/S  1	1	1606852	1606860	21	1	40	pips_l40_r400_500-8000.hdf5	right	left
161.7305	1	Stimulus/S  1	1	1617305	1617313	21	2	60	pips_l40_r400_500-8000.hdf5	right	left
162.7866	1	Stimulus/S  1	1	1627866	1627874	21	3	70	pips_l40_r400_500-8000.hdf5	right	left
163.8532	1	Stimulus/S  1	1	1638532	1638540	21	4	50	pips_l40_r400_500-8000.hdf5	right	left
164.8986	1	Stimulus/S  1	1	1648986	1648994	21	5	30	pips_l40_r400_500-8000.hdf5	right	left
165.9652	1	Stimulus/S  1	1	1659652	1659660	22	0	20	pips_l40_r400_500-8000.hdf5	right	left
167.0106	1	Stimulus/S  1	1	1670106	1670114	22	1	40	pips_l40_r400_500-8000.hdf5	right	left
168.0666	1	Stimulus/S  1	1	1680666	1680674	22	2	60	pips_l40_r400_500-8000.hdf5	right	left
169.1333	1	Stimulus/S  1	1	1691333	1691341	22	3	70	pips_l40_r400_500-8000.hdf5	right	left
170.1786	1	Stimulus/S  1	1	1701786	1701794	22	4	50	pips_l40_r400_500-8000.hdf5	right	left
171.2346	1	Stimulus/S  1	1	1712346	1712354	22	5	30	pips_l40_r400_500-8000.hdf5	right	left
172.28	1	Stimulus/S  1	1	1722800	1722808	23	0	20	pips_l40_r400_500-8000.hdf5	right	left
173.336	1	Stimulus/S  1	1	1733360	1733368	23	1	40	pips_l40_r400_500-8000.hdf5	right	left
174.3813	1	Stimulus/S  1	1	1743813	1743821	23	2	60	pips_l40_r400_500-8000.hdf5	right	left
175.448	1	Stimulus/S  1	1	1754480	1754488	23	3	70	pips_l40_r400_500-8000.hdf5	right	left
176.4933	1	Stimulus/S  1	1	1764933	1764941	23	4	50	pips_l40_r400_500-8000.hdf5	right	left
177.5494	1	Stimulus/S  1	1	1775494	1775502	23	5	30	pips_l40_r400_500-8000.hdf5	right	left
178.5947	1	Stimulus/S  1	1	1785947	1785955	24	0	20	pips_l40_r400_500-8000.hdf5	right	left
179.6507	1	Stimulus/S  1	1	1796507	1796515	24	1	40	pips_l40_r400_500-8000.hdf5	right	left
180.7174	1	Stimulus/S  1	1	1807174	1807182	24	2	60	pips_l40_r400_500-8000.hdf5	right	left
181.7627	1	Stimulus/S  1	1	1817627	1817635	24	3	70	pips_l40_r400_500-8000.hdf5	right	left
182.8294	1	Stimulus/S  1	1	1828294	1828302	24	4	50	pips_l40_r400_500-8000.hdf5	right	left
183.8854	1	Stimulus/S  1	1	1838854	1838862	24	5	30	pips_l40_r400_500-8000.hdf5	right	left
184.9521	1	Stimulus/S  1	1	1849521	1849529	25	0	20	pips_l40_r400_500-8000.hdf5	right	left
185.9974	1	Stimulus/S  1	1	1859974	1859982	25	1	40	pips_l40_r400_500-8000.hdf5	right	left
187.0641	1	Stimulus/S  1	1	1870641	1870649	25	2	60	pips_l40_r400_500-8000.hdf5	right	left
188.1201	1	Stimulus/S  1	1	1881201	1881209	25	3	70	pips_l40_r400_500-8000.hdf5	right	left
189.1868	1	Stimulus/S  1	1	1891868	1891876	25	4	50	pips_l40_r400_500-8000.hdf5	right	left
190.2321	1	Stimulus/S  1	1	1902321	1902329	25	5	30	pips_l40_r400_500-8000.hdf5	right	left
191.2988	1	Stimulus/S  1	1	1912988	1912996	26	0	20	pips_l40_r400_500-8000.hdf5	right	left
192.3655	1	Stimulus/S  1	1	1923655	1923663	26	1	40	pips_l40_r400_500-8000.hdf5	right	left
193.4108	1	Stimulus/S  1	1	1934108	1934116	26	2	60	pips_l40_r400_500-8000.hdf5	right	left
194.4669	1	Stimulus/S  1	1	1944669	1944677	26	3	70	pips_l40_r400_500-8000.hdf5	right	left
195.5335	1	Stimulus/S  1	1	1955335	1955343	26	4	50	pips_l40_r400_500-8000.hdf5	right	left
196.5789	1	Stimulus/S  1	1	1965789	1965797	26	5	30	pips_l40_r400_500-8000.hdf5	right	left
197.6349	1	Stimulus/S  1	1	1976349	1976357	27	0	20	pips_l40_r400_500-8000.hdf5	right	left
198.7016	1	Stimulus/S  1	1	1987016	1987024	27	1	40	pips_l40_r400_500-8000.hdf5	right	left
199.7469	1	Stimulus/S  1	1	1997469	1997477	27	2	60	pips_l40_r400_500-8000.hdf5	right	left
200.8029	1	Stimulus/S  1	1	2008029	2008037	27	3	70	pips_l40_r400_500-8000.hdf5	right	left
201.8483	1	Stimulus/S  1	1	2018483	2018491	27	4	50	pips_l40_r400_500-8000.hdf5	right	left
202.9149	1	Stimulus/S  1	1	2029149	2029157	27	5	30	pips_l40_r400_500-8000.hdf5	right	left
203.9709	1	Stimulus/S  1	1	2039709	2039717	28	0	20	pips_l40_r400_500-8000.hdf5	right	left
205.0163	1	Stimulus/S  1	1	2050163	2050171	28	1	40	pips_l40_r400_500-8000.hdf5	right	left
206.083	1	Stimulus/S  1	1	2060830	2060838	28	2	60	pips_l40_r400_500-8000.hdf5	right	left
207.1283	1	Stimulus/S  1	1	2071283	2071291	28	3	70	pips_l40_r400_500-8000.hdf5	right	left
208.1843	1	Stimulus/S  1	1	2081843	2081851	28	4	50	pips_l40_r400_500-8000.hdf5	right	left
209.251	1	Stimulus/S  1	1	2092510	2092518	28	5	30	pips_l40_r400_500-8000.hdf5	right	left
210.2963	1	Stimulus/S  1	1	2102963	2102971	29	0	20	pips_l40_r400_500-8000.hdf5	right	left
211.363	1	Stimulus/S  1	1	2113630	2113638	29	1	40	pips_l40_r400_500-8000.hdf5	right	left
212.419	1	Stimulus/S  1	1	2124190	2124198	29	2	60	pips_l40_r400_500-8000.hdf5	right	left
213.4644	1	Stimulus/S  1	1	2134644	2134652	29	3	70	pips_l40_r400_500-8000.hdf5	right	left
214.5097	1	Stimulus/S  1	1	2145097	2145105	29	4	50	pips_l40_r400_500-8000.hdf5	right	left
215.5657	1	Stimulus/S  1	1	2155657	2155665	29	5	30	pips_l40_r400_500-8000.hdf5	right	left
216.6324	1	Stimulus/S  1	1	2166324	2166332	30	0	20	pips_l40_r400_500-8000.hdf5	right	left
217.6777	1	Stimulus/S  1	1	2176777	2176785	30	1	40	pips_l40_r400_500-8000.hdf5	right	left
218.7338	1	Stimulus/S  1	1	2187338	2187346	30	2	60	pips_l40_r400_500-8000.hdf5	right	left
219.7791	1	Stimulus/S  1	1	2197791	2197799	30	3	70	pips_l40_r400_500-8000.hdf5	right	left
220.8351	1	Stimulus/S  1	1	2208351	2208359	30	4	50	pips_l40_r400_500-8000.hdf5	right	left
221.9018	1	Stimulus/S  1	1	2219018	2219026	30	5	30	pips_l40_r400_500-8000.hdf5	right	left
222.9471	1	Stimulus/S  1	1	2229471	2229479	31	0	20	pips_l40_r400_500-8000.hdf5	right	left
224.0138	1	Stimulus/S  1	1	2240138	2240146	31	1	40	pips_l40_r400_500-8000.hdf5	right	left
225.0698	1	Stimulus/S  1	1	2250698	2250706	31	2	60	pips_l40_r400_500-8000.hdf5	right	left
226.1152	1	Stimulus/S  1	1	2261152	2261160	31	3	70	pips_l40_r400_500-8000.hdf5	right	left
227.1818	1	Stimulus/S  1	1	2271818	2271826	31	4	50	pips_l40_r400_500-8000.hdf5	right	left
228.2485	1	Stimulus/S  1	1	2282485	2282493	31	5	30	pips_l40_r400_500-8000.hdf5	right	left
229.2939	1	Stimulus/S  1	1	2292939	2292947	32	0	20	pips_l40_r400_500-8000.hdf5	right	left
230.3499	1	Stimulus/S  1	1	2303499	2303507	32	1	40	pips_l40_r400_500-8000.hdf5	right	left
231.3952	1	Stimulus/S  1	1	2313952	2313960	32	2	60	pips_l40_r400_500-8000.hdf5	right	left
232.4619	1	Stimulus/S  1	1	2324619	2324627	32	3	70	pips_l40_r400_500-8000.hdf5	right	left
233.5286	1	Stimulus/S  1	1	2335286	2335294	32	4	50	pips_l40_r400_500-8000.hdf5	right	left
234.5846	1	Stimulus/S  1	1	2345846	2345854	32	5	30	pips_l40_r400_500-8000.hdf5	right	left
235.6512	1	Stimulus/S  1	1	2356512	2356520	33	0	20	pips_l40_r400_500-8000.hdf5	right	left
236.6966	1	Stimulus/S  1	1	2366966	2366974	33	1	40	pips_l40_r400_500-8000.hdf5	right	left
237.7633	1	Stimulus/S  1	1	2377633	2377641	33	2	60	pips_l40_r400_500-8000.hdf5	right	left
238.8193	1	Stimulus/S  1	1	2388193	2388201	33	3	70	pips_l40_r400_500-8000.hdf5	right	left
239.8646	1	Stimulus/S  1	1	2398646	2398654	33	4	50	pips_l40_r400_500-8000.hdf5	right	left
240.9206	1	Stimulus/S  1	1	2409206	2409214	33	5	30	pips_l40_r400_500-8000.hdf5	right	left
241.966	1	Stimulus/S  1	1	2419660	2419668	34	0	20	pips_l40_r400_500-8000.hdf5	right	left
243.0327	1	Stimulus/S  1	1	2430327	2430335	34	1	40	pips_l40_r400_500-8000.hdf5	right	left
244.078	1	Stimulus/S  1	1	2440780	2440788	34	2	60	pips_l40_r400_500-8000.hdf5	right	left
245.1447	1	Stimulus/S  1	1	2451447	2451455	34	3	70	pips_l40_r400_500-8000.hdf5	right	left
246.2113	1	Stimulus/S  1	1	2462113	2462121	34	4	50	pips_l40_r400_500-8000.hdf5	right	left
247.2674	1	Stimulus/S  1	1	2472674	2472682	34	5	30	pips_l40_r400_500-8000.hdf5	right	left
248.334	1	Stimulus/S  1	1	2483340	2483348	35	0	20	pips_l40_r400_500-8000.hdf5	right	left
249.4007	1	Stimulus/S  1	1	2494007	2494015	35	1	40	pips_l40_r400_500-8000.hdf5	right	left
250.4461	1	Stimulus/S  1	1	2504461	2504469	35	2	60	pips_l40_r400_500-8000.hdf5	right	left
251.5127	1	Stimulus/S  1	1	2515127	2515135	35	3	70	pips_l40_r400_500-8000.hdf5	right	left
252.5687	1	Stimulus/S  1	1	2525687	2525695	35	4	50	pips_l40_r400_500-8000.hdf5	right	left
253.6141	1	Stimulus/S  1	1	2536141	2536149	35	5	30	pips_l40_r400_500-8000.hdf5	right	left
254.6701	1	Stimulus/S  1	1	2546701	2546709	36	0	20	pips_l40_r400_500-8000.hdf5	right	left
255.7154	1	Stimulus/S  1	1	2557154	2557162	36	1	40	pips_l40_r400_500-8000.hdf5	right	left
256.7821	1	Stimulus/S  1	1	2567821	2567829	36	2	60	pips_l40_r400_500-8000.hdf5	right	left
257.8381	1	Stimulus/S  1	1	2578381	2578389	36	3	70	pips_l40_r400_500-8000.hdf5	right	left
258.8835	1	Stimulus/S  1	1	2588835	2588843	36	4	50	pips_l40_r400_500-8000.hdf5	right	left
259.9288	1	Stimulus/S  1	1	2599288	2599296	36	5	30	pips_l40_r400_500-8000.hdf5	right	left
260.9955	1	Stimulus/S  1	1	2609955	2609963	37	0	20	pips_l40_r400_500-8000.hdf5	right	left
262.0515	1	Stimulus/S  1	1	2620515	2620523	37	1	40	pips_l40_r400_500-8000.hdf5	right	left
263.1182	1	Stimulus/S  1	1	2631182	2631190	37	2	60	pips_l40_r400_500-8000.hdf5	right	left
264.1635	1	Stimulus/S  1	1	2641635	2641643	37	3	70	pips_l40_r400_500-8000.hdf5	right	left
265.2195	1	Stimulus/S  1	1	2652195	2652203	37	4	50	pips_l40_r400_500-8000.hdf5	right	left
266.2649	1	Stimulus/S  1	1	2662649	2662657	37	5	30	pips_l40_r400_500-8000.hdf5	right	left
267.3209	1	Stimulus/S  1	1	2673209	2673217	38	0	20	pips_l40_r400_500-8000.hdf5	right	left
268.3876	1	Stimulus/S  1	1	2683876	2683884	38	1	40	pips_l40_r400_500-8000.hdf5	right	left
269.4329	1	Stimulus/S  1	1	2694329	2694337	38	2	60	pips_l40_r400_500-8000.hdf5	right	left
270.4782	1	Stimulus/S  1	1	2704782	2704790	38	3	70	pips_l40_r400_500-8000.hdf5	right	left
271.5449	1	Stimulus/S  1	1	2715449	2715457	38	4	50	pips_l40_r400_500-8000.hdf5	right	left
272.6116	1	Stimulus/S  1	1	2726116	2726124	38	5	30	pips_l40_r400_500-8000.hdf5	right	left
273.6783	1	Stimulus/S  1	1	2736783	2736791	39	0	20	pips_l40_r400_500-8000.hdf5	right	left
274.7343	1	Stimulus/S  1	1	2747343	2747351	39	1	40	pips_l40_r400_500-8000.hdf5	right	left
275.801	1	Stimulus/S  1	1	2758010	2758018	39	2	60	pips_l40_r400_500-8000.hdf5	right	left
276.8676	1	Stimulus/S  1	1	2768676	2768684	39	3	70	pips_l40_r400_500-8000.hdf5	right	left
277.913	1	Stimulus/S  1	1	2779130	2779138	39	4	50	pips_l40_r400_500-8000.hdf5	right	left
278.9797	1	Stimulus/S  1	1	2789797	2789805	39	5	30	pips_l40_r400_500-8000.hdf5	right	left
280.0357	1	Stimulus/S  1	1	2800357	2800365	40	0	20	pips_l40_r400_500-8000.hdf5	right	left
281.081	1	Stimulus/S  1	1	2810810	2810818	40	1	40	pips_l40_r400_500-8000.hdf5	right	left
282.1477	1	Stimulus/S  1	1	2821477	2821485	40	2	60	pips_l40_r400_500-8000.hdf5	right	left
283.2144	1	Stimulus/S  1	1	2832144	2832152	40	3	70	pips_l40_r400_500-8000.hdf5	right	left
284.2704	1	Stimulus/S  1	1	2842704	2842712	40	4	50	pips_l40_r400_500-8000.hdf5	right	left
285.3157	1	Stimulus/S  1	1	2853157	2853165	40	5	30	pips_l40_r400_500-8000.hdf5	right	left
286.3824	1	Stimulus/S  1	1	2863824	2863832	41	0	20	pips_l40_r400_500-8000.hdf5	right	left
287.4384	1	Stimulus/S  1	1	2874384	2874392	41	1	40	pips_l40_r400_500-8000.hdf5	right	left
288.4838	1	Stimulus/S  1	1	2884838	2884846	41	2	60	pips_l40_r400_500-8000.hdf5	right	left
289.5504	1	Stimulus/S  1	1	2895504	2895512	41	3	70	pips_l40_r400_500-8000.hdf5	right	left
290.6171	1	Stimulus/S  1	1	2906171	2906179	41	4	50	pips_l40_r400_500-8000.hdf5	right	left
291.6624	1	Stimulus/S  1	1	2916624	2916632	41	5	30	pips_l40_r400_500-8000.hdf5	right	left
292.7291	1	Stimulus/S  1	1	2927291	2927299	42	0	20	pips_l40_r400_500-8000.hdf5	right	left
293.7958	1	Stimulus/S  1	1	2937958	2937966	42	1	40	pips_l40_r400_500-8000.hdf5	right	left
294.8625	1	Stimulus/S  1	1	2948625	2948633	42	2	60	pips_l40_r400_500-8000.hdf5	right	left
295.9185	1	Stimulus/S  1	1	2959185	2959193	42	3	70	pips_l40_r400_500-8000.hdf5	right	left
296.9638	1	Stimulus/S  1	1	2969638	2969646	42	4	50	pips_l40_r400_500-8000.hdf5	right	left
298.0305	1	Stimulus/S  1	1	2980305	2980313	42	5	30	pips_l40_r400_500-8000.hdf5	right	left
299.0865	1	Stimulus/S  1	1	2990865	2990873	43	0	20	pips_l40_r400_500-8000.hdf5	right	left
300.1319	1	Stimulus/S  1	1	3001319	3001327	43	1	40	pips_l40_r400_500-8000.hdf5	right	left
301.1879	1	Stimulus/S  1	1	3011879	3011887	43	2	60	pips_l40_r400_500-8000.hdf5	right	left
302.2332	1	Stimulus/S  1	1	3022332	3022340	43	3	70	pips_l40_r400_500-8000.hdf5	right	left
303.2999	1	Stimulus/S  1	1	3032999	3033007	43	4	50	pips_l40_r400_500-8000.hdf5	right	left
304.3452	1	Stimulus/S  1	1	3043452	3043460	43	5	30	pips_l40_r400_500-8000.hdf5	right	left
305.4119	1	Stimulus/S  1	1	3054119	3054127	44	0	20	pips_l40_r400_500-8000.hdf5	right	left
306.4786	1	Stimulus/S  1	1	3064786	3064794	44	1	40	pips_l40_r400_500-8000.hdf5	right	left
307.5346	1	Stimulus/S  1	1	3075346	3075354	44	2	60	pips_l40_r400_500-8000.hdf5	right	left
308.6013	1	Stimulus/S  1	1	3086013	3086021	44	3	70	pips_l40_r400_500-8000.hdf5	right	left
309.668	1	Stimulus/S  1	1	3096680	3096688	44	4	50	pips_l40_r400_500-8000.hdf5	right	left
310.7133	1	Stimulus/S  1	1	3107133	3107141	44	5	30	pips_l40_r400_500-8000.hdf5	right	left
311.78	1	Stimulus/S  1	1	3117800	3117808	45	0	20	pips_l40_r400_500-8000.hdf5	right	left
312.836	1	Stimulus/S  1	1	3128360	3128368	45	1	40	pips_l40_r400_500-8000.hdf5	right	left
313.8813	1	Stimulus/S  1	1	3138813	3138821	45	2	60	pips_l40_r400_500-8000.hdf5	right	left
314.9373	1	Stimulus/S  1	1	3149373	3149381	45	3	70	pips_l40_r400_500-8000.hdf5	right	left
315.9827	1	Stimulus/S  1	1	3159827	3159835	45	4	50	pips_l40_r400_500-8000.hdf5	right	left
317.0387	1	Stimulus/S  1	1	3170387	3170395	45	5	30	pips_l40_r400_500-8000.hdf5	right	left
318.084	1	Stimulus/S  1	1	3180840	3180848	46	0	20	pips_l40_r400_500-8000.hdf5	right	left
319.1294	1	Stimulus/S  1	1	3191294	3191302	46	1	40	pips_l40_r400_500-8000.hdf5	right	left
320.1961	1	Stimulus/S  1	1	3201961	3201969	46	2	60	pips_l40_r400_500-8000.hdf5	right	left
321.2627	1	Stimulus/S  1	1	3212627	3212635	46	3	70	pips_l40_r400_500-8000.hdf5	right	left
322.3187	1	Stimulus/S  1	1	3223187	3223195	46	4	50	pips_l40_r400_500-8000.hdf5	right	left
323.3641	1	Stimulus/S  1	1	3233641	3233649	46	5	30	pips_l40_r400_500-8000.hdf5	right	left
324.4308	1	Stimulus/S  1	1	3244308	3244316	47	0	20	pips_l40_r400_500-8000.hdf5	right	left
325.4868	1	Stimulus/S  1	1	3254868	3254876	47	1	40	pips_l40_r400_500-8000.hdf5	right	left
326.5534	1	Stimulus/S  1	1	3265534	3265542	47	2	60	pips_l40_r400_500-8000.hdf5	right	left
327.6201	1	Stimulus/S  1	1	3276201	3276209	47	3	70	pips_l40_r400_500-8000.hdf5	right	left
328.6655	1	Stimulus/S  1	1	3286655	3286663	47	4	50	pips_l40_r400_500-8000.hdf5	right	left
329.7215	1	Stimulus/S  1	1	3297215	3297223	47	5	30	pips_l40_r400_500-8000.hdf5	right	left
330.7882	1	Stimulus/S  1	1	3307882	3307890	48	0	20	pips_l40_r400_500-8000.hdf5	right	left
331.8548	1	Stimulus/S  1	1	3318548	3318556	48	1	40	pips_l40_r400_500-8000.hdf5	right	left
332.9002	1	Stimulus/S  1	1	3329002	3329010	48	2	60	pips_l40_r400_500-8000.hdf5	right	left
333.9669	1	Stimulus/S  1	1	3339669	3339677	48	3	70	pips_l40_r400_500-8000.hdf5	right	left
335.0335	1	Stimulus/S  1	1	3350335	3350343	48	4	50	pips_l40_r400_500-8000.hdf5	right	left
336.0789	1	Stimulus/S  1	1	3360789	3360797	48	5	30	pips_l40_r400_500-8000.hdf5	right	left
337.1562	1	Stimulus/S  1	1	3371562	3371570	49	0	20	pips_l40_r400_500-8000.hdf5	right	left
338.2016	1	Stimulus/S  1	1	3382016	3382024	49	1	40	pips_l40_r400_500-8000.hdf5	right	left
339.2469	1	Stimulus/S  1	1	3392469	3392477	49	2	60	pips_l40_r400_500-8000.hdf5	right	left
340.3136	1	Stimulus/S  1	1	3403136	3403144	49	3	70	pips_l40_r400_500-8000.hdf5	right	left
341.3696	1	Stimulus/S  1	1	3413696	3413704	49	4	50	pips_l40_r400_500-8000.hdf5	right	left
342.4363	1	Stimulus/S  1	1	3424363	3424371	49	5	30	pips_l40_r400_500-8000.hdf5	right	left
343.5029	1	Stimulus/S  1	1	3435029	3435037	50	0	20	pips_l40_r400_500-8000.hdf5	right	left
344.5483	1	Stimulus/S  1	1	3445483	3445491	50	1	40	pips_l40_r400_500-8000.hdf5	right	left
345.6043	1	Stimulus/S  1	1	3456043	3456051	50	2	60	pips_l40_r400_500-8000.hdf5	right	left
346.671	1	Stimulus/S  1	1	3466710	3466718	50	3	70	pips_l40_r400_500-8000.hdf5	right	left
347.7377	1	Stimulus/S  1	1	3477377	3477385	50	4	50	pips_l40_r400_500-8000.hdf5	right	left
348.783	1	Stimulus/S  1	1	3487830	3487838	50	5	30	pips_l40_r400_500-8000.hdf5	right	left
349.839	1	Stimulus/S  1	1	3498390	3498398	51	0	20	pips_l40_r400_500-8000.hdf5	right	left
350.9057	1	Stimulus/S  1	1	3509057	3509065	51	1	40	pips_l40_r400_500-8000.hdf5	right	left
351.951	1	Stimulus/S  1	1	3519510	3519518	51	2	60	pips_l40_r400_500-8000.hdf5	right	left
352.9964	1	Stimulus/S  1	1	3529964	3529972	51	3	70	pips_l40_r400_500-8000.hdf5	right	left
354.0524	1	Stimulus/S  1	1	3540524	3540532	51	4	50	pips_l40_r400_500-8000.hdf5	right	left
355.1191	1	Stimulus/S  1	1	3551191	3551199	51	5	30	pips_l40_r400_500-8000.hdf5	right	left
356.1644	1	Stimulus/S  1	1	3561644	3561652	52	0	20	pips_l40_r400_500-8000.hdf5	right	left
357.2204	1	Stimulus/S  1	1	3572204	3572212	52	1	40	pips_l40_r400_500-8000.hdf5	right	left
358.2871	1	Stimulus/S  1	1	3582871	3582879	52	2	60	pips_l40_r400_500-8000.hdf5	right	left
359.3538	1	Stimulus/S  1	1	3593538	3593546	52	3	70	pips_l40_r400_500-8000.hdf5	right	left
360.4204	1	Stimulus/S  1	1	3604204	3604212	52	4	50	pips_l40_r400_500-8000.hdf5	right	left
361.4871	1	Stimulus/S  1	1	3614871	3614879	52	5	30	pips_l40_r400_500-8000.hdf5	right	left
362.5538	1	Stimulus/S  1	1	3625538	3625546	53	0	20	pips_l40_r400_500-8000.hdf5	right	left
363.5991	1	Stimulus/S  1	1	3635991	3635999	53	1	40	pips_l40_r400_500-8000.hdf5	right	left
364.6551	1	Stimulus/S  1	1	3646551	3646559	53	2	60	pips_l40_r400_500-8000.hdf5	right	left
365.7218	1	Stimulus/S  1	1	3657218	3657226	53	3	70	pips_l40_r400_500-8000.hdf5	right	left
366.7885	1	Stimulus/S  1	1	3667885	3667893	53	4	50	pips_l40_r400_500-8000.hdf5	right	left
367.8552	1	Stimulus/S  1	1	3678552	3678560	53	5	30	pips_l40_r400_500-8000.hdf5	right	left
368.9005	1	Stimulus/S  1	1	3689005	3689013	54	0	20	pips_l40_r400_500-8000.hdf5	right	left
369.9565	1	Stimulus/S  1	1	3699565	3699573	54	1	40	pips_l40_r400_500-8000.hdf5	right	left
371.0232	1	Stimulus/S  1	1	3710232	3710240	54	2	60	pips_l40_r400_500-8000.hdf5	right	left
372.0899	1	Stimulus/S  1	1	3720899	3720907	54	3	70	pips_l40_r400_500-8000.hdf5	right	left
373.1459	1	Stimulus/S  1	1	3731459	3731467	54	4	50	pips_l40_r400_500-8000.hdf5	right	left
374.2019	1	Stimulus/S  1	1	3742019	3742027	54	5	30	pips_l40_r400_500-8000.hdf5	right	left
375.2472	1	Stimulus/S  1	1	3752472	3752480	55	0	20	pips_l40_r400_500-8000.hdf5	right	left
376.3033	1	Stimulus/S  1	1	3763033	3763041	55	1	40	pips_l40_r400_500-8000.hdf5	right	left
377.3699	1	Stimulus/S  1	1	3773699	3773707	55	2	60	pips_l40_r400_500-8000.hdf5	right	left
378.4366	1	Stimulus/S  1	1	3784366	3784374	55	3	70	pips_l40_r400_500-8000.hdf5	right	left
379.482	1	Stimulus/S  1	1	3794820	3794828	55	4	50	pips_l40_r400_500-8000.hdf5	right	left
380.538	1	Stimulus/S  1	1	3805380	3805388	55	5	30	pips_l40_r400_500-8000.hdf5	right	left
381.6046	1	Stimulus/S  1	1	3816046	3816054	56	0	20	pips_l40_r400_500-8000.hdf5	right	left
382.65	1	Stimulus/S  1	1	3826500	3826508	56	1	40	pips_l40_r400_500-8000.hdf5	right	left
383.706	1	Stimulus/S  1	1	3837060	3837068	56	2	60	pips_l40_r400_500-8000.hdf5	right	left
384.7727	1	Stimulus/S  1	1	3847727	3847735	56	3	70	pips_l40_r400_500-8000.hdf5	right	left
385.818	1	Stimulus/S  1	1	3858180	3858188	56	4	50	pips_l40_r400_500-8000.hdf5	right	left
386.8634	1	Stimulus/S  1	1	3868634	3868642	56	5	30	pips_l40_r400_500-8000.hdf5	right	left
387.9407	1	Stimulus/S  1	1	3879407	3879415	57	0	20	pips_l40_r400_500-8000.hdf5	right	left
388.9967	1	Stimulus/S  1	1	3889967	3889975	57	1	40	pips_l40_r400_500-8000.hdf5	right	left
390.0634	1	Stimulus/S  1	1	3900634	3900642	57	2	60	pips_l40_r400_500-8000.hdf5	right	left
391.1301	1	Stimulus/S  1	1	3911301	3911309	57	3	70	pips_l40_r400_500-8000.hdf5	right	left
392.1861	1	Stimulus/S  1	1	3921861	3921869	57	4	50	pips_l40_r400_500-8000.hdf5	right	left
393.2314	1	Stimulus/S  1	1	3932314	3932322	57	5	30	pips_l40_r400_500-8000.hdf5	right	left
394.2981	1	Stimulus/S  1	1	3942981	3942989	58	0	20	pips_l40_r400_500-8000.hdf5	right	left
395.3541	1	Stimulus/S  1	1	3953541	3953549	58	1	40	pips_l40_r400_500-8000.hdf5	right	left
396.3994	1	Stimulus/S  1	1	3963994	3964002	58	2	60	pips_l40_r400_500-8000.hdf5	right	left
397.4661	1	Stimulus/S  1	1	3974661	3974669	58	3	70	pips_l40_r400_500-8000.hdf5	right	left
398.5221	1	Stimulus/S  1	1	3985221	3985229	58	4	50	pips_l40_r400_500-8000.hdf5	right	left
399.5675	1	Stimulus/S  1	1	3995675	3995683	58	5	30	pips_l40_r400_500-8000.hdf5	right	left
400.6342	1	Stimulus/S  1	1	4006342	4006350	59	0	20	pips_l40_r400_500-8000.hdf5	right	left
401.7008	1	Stimulus/S  1	1	4017008	4017016	59	1	40	pips_l40_r400_500-8000.hdf5	right	left
402.7568	1	Stimulus/S  1	1	4027568	4027576	59	2	60	pips_l40_r400_500-8000.hdf5	right	left
403.8022	1	Stimulus/S  1	1	4038022	4038030	59	3	70	pips_l40_r400_500-8000.hdf5	right	left
404.8475	1	Stimulus/S  1	1	4048475	4048483	59	4	50	pips_l40_r400_500-8000.hdf5	right	left
405.9035	1	Stimulus/S  1	1	4059035	4059043	59	5	30	pips_l40_r400_500-8000.hdf5	right	left
406.9702	1	Stimulus/S  1	1	4069702	4069710	60	0	20	pips_l40_r400_500-8000.hdf5	right	left
408.0156	1	Stimulus/S  1	1	4080156	4080164	60	1	40	pips_l40_r400_500-8000.hdf5	right	left
409.0716	1	Stimulus/S  1	1	4090716	4090724	60	2	60	pips_l40_r400_500-8000.hdf5	right	left
410.1382	1	Stimulus/S  1	1	4101382	4101390	60	3	70	pips_l40_r400_500-8000.hdf5	right	left
411.2049	1	Stimulus/S  1	1	4112049	4112057	60	4	50	pips_l40_r400_500-8000.hdf5	right	left
412.2503	1	Stimulus/S  1	1	4122503	4122511	60	5	30	pips_l40_r400_500-8000.hdf5	right	left
413.3063	1	Stimulus/S  1	1	4133063	4133071	61	0	20	pips_l40_r400_500-8000.hdf5	right	left
414.3516	1	Stimulus/S  1	1	4143516	4143524	61	1	40	pips_l40_r400_500-8000.hdf5	right	left
415.4076	1	Stimulus/S  1	1	4154076	4154084	61	2	60	pips_l40_r400_500-8000.hdf5	right	left
416.4743	1	Stimulus/S  1	1	4164743	4164751	61	3	70	pips_l40_r400_500-8000.hdf5	right	left
417.5196	1	Stimulus/S  1	1	4175196	4175204	61	4	50	pips_l40_r400_500-8000.hdf5	right	left
418.565	1	Stimulus/S  1	1	4185650	4185658	61	5	30	pips_l40_r400_500-8000.hdf5	right	left
419.621	1	Stimulus/S  1	1	4196210	4196218	62	0	20	pips_l40_r400_500-8000.hdf5	right	left
420.6663	1	Stimulus/S  1	1	4206663	4206671	62	1	40	pips_l40_r400_500-8000.hdf5	right	left
421.733	1	Stimulus/S  1	1	4217330	4217338	62	2	60	pips_l40_r400_500-8000.hdf5	right	left
422.789	1	Stimulus/S  1	1	4227890	4227898	62	3	70	pips_l40_r400_500-8000.hdf5	right	left
423.8344	1	Stimulus/S  1	1	4238344	4238352	62	4	50	pips_l40_r400_500-8000.hdf5	right	left
424.9011	1	Stimulus/S  1	1	4249011	4249019	62	5	30	pips_l40_r400_500-8000.hdf5	right	left
425.9677	1	Stimulus/S  1	1	4259677	4259685	63	0	20	pips_l40_r400_500-8000.hdf5	right	left
427.0237	1	Stimulus/S  1	1	4270237	4270245	63	1	40	pips_l40_r400_500-8000.hdf5	right	left
428.0691	1	Stimulus/S  1	1	4280691	4280699	63	2	60	pips_l40_r400_500-8000.hdf5	right	left
429.1358	1	Stimulus/S  1	1	4291358	4291366	63	3	70	pips_l40_r400_500-8000.hdf5	right	left
430.1811	1	Stimulus/S  1	1	4301811	4301819	63	4	50	pips_l40_r400_500-8000.hdf5	right	left
431.2371	1	Stimulus/S  1	1	4312371	4312379	63	5	30	pips_l40_r400_500-8000.hdf5	right	left
432.3038	1	Stimulus/S  1	1	4323038	4323046	64	0	20	pips_l40_r400_500-8000.hdf5	right	left
433.3491	1	Stimulus/S  1	1	4333491	4333499	64	1	40	pips_l40_r400_500-8000.hdf5	right	left
434.4051	1	Stimulus/S  1	1	4344051	4344059	64	2	60	pips_l40_r400_500-8000.hdf5	right	left
435.4718	1	Stimulus/S  1	1	4354718	4354726	64	3	70	pips_l40_r400_500-8000.hdf5	right	left
436.5172	1	Stimulus/S  1	1	4365172	4365180	64	4	50	pips_l40_r400_500-8000.hdf5	right	left
437.5838	1	Stimulus/S  1	1	4375838	4375846	64	5	30	pips_l40_r400_500-8000.hdf5	right	left
438.6399	1	Stimulus/S  1	1	4386399	4386407	65	0	20	pips_l40_r400_500-8000.hdf5	right	left
439.6852	1	Stimulus/S  1	1	4396852	4396860	65	1	40	pips_l40_r400_500-8000.hdf5	right	left
440.7519	1	Stimulus/S  1	1	4407519	4407527	65	2	60	pips_l40_r400_500-8000.hdf5	right	left
441.8185	1	Stimulus/S  1	1	4418185	4418193	65	3	70	pips_l40_r400_500-8000.hdf5	right	left
442.8746	1	Stimulus/S  1	1	4428746	4428754	65	4	50	pips_l40_r400_500-8000.hdf5	right	left
443.9199	1	Stimulus/S  1	1	4439199	4439207	65	5	30	pips_l40_r400_500-8000.hdf5	right	left
444.9652	1	Stimulus/S  1	1	4449652	4449660	66	0	20	pips_l40_r400_500-8000.hdf5	right	left
446.0213	1	Stimulus/S  1	1	4460213	4460221	66	1	40	pips_l40_r400_500-8000.hdf5	right	left
447.0666	1	Stimulus/S  1	1	4470666	4470674	66	2	60	pips_l40_r400_500-8000.hdf5	right	left
448.1333	1	Stimulus/S  1	1	4481333	4481341	66	3	70	pips_l40_r400_500-8000.hdf5	right	left
449.2	1	Stimulus/S  1	1	4492000	4492008	66	4	50	pips_l40_r400_500-8000.hdf5	right	left
450.2666	1	Stimulus/S  1	1	4502666	4502674	66	5	30	pips_l40_r400_500-8000.hdf5	right	left
451.3333	1	Stimulus/S  1	1	4513333	4513341	67	0	20	pips_l40_r400_500-8000.hdf5	right	left
452.3893	1	Stimulus/S  1	1	4523893	4523901	67	1	40	pips_l40_r400_500-8000.hdf5	right	left
453.4347	1	Stimulus/S  1	1	4534347	4534355	67	2	60	pips_l40_r400_500-8000.hdf5	right	left
454.4907	1	Stimulus/S  1	1	4544907	4544915	67	3	70	pips_l40_r400_500-8000.hdf5	right	left
455.536	1	Stimulus/S  1	1	4555360	4555368	67	4	50	pips_l40_r400_500-8000.hdf5	right	left
456.5814	1	Stimulus/S  1	1	4565814	4565822	67	5	30	pips_l40_r400_500-8000.hdf5	right	left
457.648	1	Stimulus/S  1	1	4576480	4576488	68	0	20	pips_l40_r400_500-8000.hdf5	right	left
458.704	1	Stimulus/S  1	1	4587040	4587048	68	1	40	pips_l40_r400_500-8000.hdf5	right	left
459.7494	1	Stimulus/S  1	1	4597494	4597502	68	2	60	pips_l40_r400_500-8000.hdf5	right	left
460.8161	1	Stimulus/S  1	1	4608161	4608169	68	3	70	pips_l40_r400_500-8000.hdf5	right	left
461.8827	1	Stimulus/S  1	1	4618827	4618835	68	4	50	pips_l40_r400_500-8000.hdf5	right	left
462.9387	1	Stimulus/S  1	1	4629387	4629395	68	5	30	pips_l40_r400_500-8000.hdf5	right	left
463.9841	1	Stimulus/S  1	1	4639841	4639849	69	0	20	pips_l40_r400_500-8000.hdf5	right	left
465.0508	1	Stimulus/S  1	1	4650508	4650516	69	1	40	pips_l40_r400_500-8000.hdf5	right	left
466.1174	1	Stimulus/S  1	1	4661174	4661182	69	2	60	pips_l40_r400_500-8000.hdf5	right	left
467.1735	1	Stimulus/S  1	1	4671735	4671743	69	3	70	pips_l40_r400_500-8000.hdf5	right	left
468.2401	1	Stimulus/S  1	1	4682401	4682409	69	4	50	pips_l40_r400_500-8000.hdf5	right	left
469.3068	1	Stimulus/S  1	1	4693068	4693076	69	5	30	pips_l40_r400_500-8000.hdf5	right	left
470.3522	1	Stimulus/S  1	1	4703522	4703530	70	0	20	pips_l40_r400_500-8000.hdf5	right	left
471.3975	1	Stimulus/S  1	1	4713975	4713983	70	1	40	pips_l40_r400_500-8000.hdf5	right	left
472.4748	1	Stimulus/S  1	1	4724748	4724756	70	2	60	pips_l40_r400_500-8000.hdf5	right	left
473.5415	1	Stimulus/S  1	1	4735415	4735423	70	3	70	pips_l40_r400_500-8000.hdf5	right	left
474.5869	1	Stimulus/S  1	1	4745869	4745877	70	4	50	pips_l40_r400_500-8000.hdf5	right	left
475.6322	1	Stimulus/S  1	1	4756322	4756330	70	5	30	pips_l40_r400_500-8000.hdf5	right	left
476.6989	1	Stimulus/S  1	1	4766989	4766997	71	0	20	pips_l40_r400_500-8000.hdf5	right	left
477.7656	1	Stimulus/S  1	1	4777656	4777664	71	1	40	pips_l40_r400_500-8000.hdf5	right	left
478.8322	1	Stimulus/S  1	1	4788322	4788330	71	2	60	pips_l40_r400_500-8000.hdf5	right	left
479.8882	1	Stimulus/S  1	1	4798882	4798890	71	3	70	pips_l40_r400_500-8000.hdf5	right	left
480.9336	1	Stimulus/S  1	1	4809336	4809344	71	4	50	pips_l40_r400_500-8000.hdf5	right	left
481.9896	1	Stimulus/S  1	1	4819896	4819904	71	5	30	pips_l40_r400_500-8000.hdf5	right	left
483.0563	1	Stimulus/S  1	1	4830563	4830571	72	0	20	pips_l40_r400_500-8000.hdf5	right	left
484.123	1	Stimulus/S  1	1	4841230	4841238	72	1	40	pips_l40_r400_500-8000.hdf5	right	left
485.1896	1	Stimulus/S  1	1	4851896	4851904	72	2	60	pips_l40_r400_500-8000.hdf5	right	left
486.235	1	Stimulus/S  1	1	4862350	4862358	72	3	70	pips_l40_r400_500-8000.hdf5	right	left
487.291	1	Stimulus/S  1	1	4872910	4872918	72	4	50	pips_l40_r400_500-8000.hdf5	right	left
488.3363	1	Stimulus/S  1	1	4883363	4883371	72	5	30	pips_l40_r400_500-8000.hdf5	right	left
489.403	1	Stimulus/S  1	1	4894030	4894038	73	0	20	pips_l40_r400_500-8000.hdf5	right	left
490.4697	1	Stimulus/S  1	1	4904697	4904705	73	1	40	pips_l40_r400_500-8000.hdf5	right	left
491.515	1	Stimulus/S  1	1	4915150	4915158	73	2	60	pips_l40_r400_500-8000.hdf5	right	left
492.571	1	Stimulus/S  1	1	4925710	4925718	73	3	70	pips_l40_r400_500-8000.hdf5	right	left
493.6377	1	Stimulus/S  1	1	4936377	4936385	73	4	50	pips_l40_r400_500-8000.hdf5	right	left
494.7044	1	Stimulus/S  1	1	4947044	4947052	73	5	30	pips_l40_r400_500-8000.hdf5	right	left
495.7711	1	Stimulus/S  1	1	4957711	4957719	74	0	20	pips_l40_r400_500-8000.hdf5	right	left
496.8377	1	Stimulus/S  1	1	4968377	4968385	74	1	40	pips_l40_r400_500-8000.hdf5	right	left
497.9044	1	Stimulus/S  1	1	4979044	4979052	74	2	60	pips_l40_r400_500-8000.hdf5	right	left
498.9711	1	Stimulus/S  1	1	4989711	4989719	74	3	70	pips_l40_r400_500-8000.hdf5	right	left
500.0164	1	Stimulus/S  1	1	5000164	5000172	74	4	50	pips_l40_r400_500-8000.hdf5	right	left
501.0724	1	Stimulus/S  1	1	5010724	5010732	74	5	30	pips_l40_r400_500-8000.hdf5	right	left
502.1178	1	Stimulus/S  1	1	5021178	5021186	75	0	20	pips_l40_r400_500-8000.hdf5	right	left
503.1845	1	Stimulus/S  1	1	5031845	5031853	75	1	40	pips_l40_r400_500-8000.hdf5	right	left
504.2511	1	Stimulus/S  1	1	5042511	5042519	75	2	60	pips_l40_r400_500-8000.hdf5	right	left
505.3072	1	Stimulus/S  1	1	5053072	5053080	75	3	70	pips_l40_r400_500-8000.hdf5	right	left
506.3525	1	Stimulus/S  1	1	5063525	5063533	75	4	50	pips_l40_r400_500-8000.hdf5	right	left
507.4085	1	Stimulus/S  1	1	5074085	5074093	75	5	30	pips_l40_r400_500-8000.hdf5	right	left
508.4752	1	Stimulus/S  1	1	5084752	5084760	76	0	20	pips_l40_r400_500-8000.hdf5	right	left
509.5205	1	Stimulus/S  1	1	5095205	5095213	76	1	40	pips_l40_r400_500-8000.hdf5	right	left
510.5659	1	Stimulus/S  1	1	5105659	5105667	76	2	60	pips_l40_r400_500-8000.hdf5	right	left
511.6325	1	Stimulus/S  1	1	5116325	5116333	76	3	70	pips_l40_r400_500-8000.hdf5	right	left
512.6992	1	Stimulus/S  1	1	5126992	5127000	76	4	50	pips_l40_r400_500-8000.hdf5	right	left
513.7552	1	Stimulus/S  1	1	5137552	5137560	76	5	30	pips_l40_r400_500-8000.hdf5	right	left
514.8006	1	Stimulus/S  1	1	5148006	5148014	77	0	20	pips_l40_r400_500-8000.hdf5	right	left
515.8673	1	Stimulus/S  1	1	5158673	5158681	77	1	40	pips_l40_r400_500-8000.hdf5	right	left
516.9339	1	Stimulus/S  1	1	5169339	5169347	77	2	60	pips_l40_r400_500-8000.hdf5	right	left
517.9899	1	Stimulus/S  1	1	5179899	5179907	77	3	70	pips_l40_r400_500-8000.hdf5	right	left
519.0353	1	Stimulus/S  1	1	5190353	5190361	77	4	50	pips_l40_r400_500-8000.hdf5	right	left
520.102	1	Stimulus/S  1	1	5201020	5201028	77	5	30	pips_l40_r400_500-8000.hdf5	right	left
521.1686	1	Stimulus/S  1	1	5211686	5211694	78	0	20	pips_l40_r400_500-8000.hdf5	right	left
522.2246	1	Stimulus/S  1	1	5222246	5222254	78	1	40	pips_l40_r400_500-8000.hdf5	right	left
523.27	1	Stimulus/S  1	1	5232700	5232708	78	2	60	pips_l40_r400_500-8000.hdf5	right	left
524.3367	1	Stimulus/S  1	1	5243367	5243375	78	3	70	pips_l40_r400_500-8000.hdf5	right	left
525.3927	1	Stimulus/S  1	1	5253927	5253935	78	4	50	pips_l40_r400_500-8000.hdf5	right	left
526.438	1	Stimulus/S  1	1	5264380	5264388	78	5	30	pips_l40_r400_500-8000.hdf5	right	left
527.5047	1	Stimulus/S  1	1	5275047	5275055	79	0	20	pips_l40_r400_500-8000.hdf5	right	left
528.5714	1	Stimulus/S  1	1	5285714	5285722	79	1	40	pips_l40_r400_500-8000.hdf5	right	left
529.6381	1	Stimulus/S  1	1	5296381	5296389	79	2	60	pips_l40_r400_500-8000.hdf5	right	left
530.6834	1	Stimulus/S  1	1	5306834	5306842	79	3	70	pips_l40_r400_500-8000.hdf5	right	left
531.7394	1	Stimulus/S  1	1	5317394	5317402	79	4	50	pips_l40_r400_500-8000.hdf5	right	left
532.7847	1	Stimulus/S  1	1	5327847	5327855	79	5	30	pips_l40_r400_500-8000.hdf5	right	left
533.8408	1	Stimulus/S  1	1	5338408	5338416	80	0	20	pips_l40_r400_500-8000.hdf5	right	left
534.8861	1	Stimulus/S  1	1	5348861	5348869	80	1	40	pips_l40_r400_500-8000.hdf5	right	left
535.9528	1	Stimulus/S  1	1	5359528	5359536	80	2	60	pips_l40_r400_500-8000.hdf5	right	left
537.0195	1	Stimulus/S  1	1	5370195	5370203	80	3	70	pips_l40_r400_500-8000.hdf5	right	left
538.0755	1	Stimulus/S  1	1	5380755	5380763	80	4	50	pips_l40_r400_500-8000.hdf5	right	left
539.1208	1	Stimulus/S  1	1	5391208	5391216	80	5	30	pips_l40_r400_500-8000.hdf5	right	left
540.1662	1	Stimulus/S  1	1	5401662	5401670	81	0	20	pips_l40_r400_500-8000.hdf5	right	left
541.2328	1	Stimulus/S  1	1	5412328	5412336	81	1	40	pips_l40_r400_500-8000.hdf5	right	left
542.2995	1	Stimulus/S  1	1	5422995	5423003	81	2	60	pips_l40_r400_500-8000.hdf5	right	left
543.3662	1	Stimulus/S  1	1	5433662	5433670	81	3	70	pips_l40_r400_500-8000.hdf5	right	left
544.4329	1	Stimulus/S  1	1	5444329	5444337	81	4	50	pips_l40_r400_500-8000.hdf5	right	left
545.4995	1	Stimulus/S  1	1	5454995	5455003	81	5	30	pips_l40_r400_500-8000.hdf5	right	left
546.5555	1	Stimulus/S  1	1	5465555	5465563	82	0	20	pips_l40_r400_500-8000.hdf5	right	left
547.6009	1	Stimulus/S  1	1	5476009	5476017	82	1	40	pips_l40_r400_500-8000.hdf5	right	left
548.6569	1	Stimulus/S  1	1	5486569	5486577	82	2	60	pips_l40_r400_500-8000.hdf5	right	left
549.7022	1	Stimulus/S  1	1	5497022	5497030	82	3	70	pips_l40_r400_500-8000.hdf5	right	left
550.7583	1	Stimulus/S  1	1	5507583	5507591	82	4	50	pips_l40_r400_500-8000.hdf5	right	left
551.8036	1	Stimulus/S  1	1	5518036	5518044	82	5	30	pips_l40_r400_500-8000.hdf5	right	left
552.8703	1	Stimulus/S  1	1	5528703	5528711	83	0	20	pips_l40_r400_500-8000.hdf5	right	left
553.937	1	Stimulus/S  1	1	5539370	5539378	83	1	40	pips_l40_r400_500-8000.hdf5	right	left
555.0036	1	Stimulus/S  1	1	5550036	5550044	83	2	60	pips_l40_r400_500-8000.hdf5	right	left
556.0596	1	Stimulus/S  1	1	5560596	5560604	83	3	70	pips_l40_r400_500-8000.hdf5	right	left
557.105	1	Stimulus/S  1	1	5571050	5571058	83	4	50	pips_l40_r400_500-8000.hdf5	right	left
558.1503	1	Stimulus/S  1	1	5581503	5581511	83	5	30	pips_l40_r400_500-8000.hdf5	right	left
559.2063	1	Stimulus/S  1	1	5592063	5592071	84	0	20	pips_l40_r400_500-8000.hdf5	right	left
560.273	1	Stimulus/S  1	1	5602730	5602738	84	1	40	pips_l40_r400_500-8000.hdf5	right	left
561.3397	1	Stimulus/S  1	1	5613397	5613405	84	2	60	pips_l40_r400_500-8000.hdf5	right	left
562.4064	1	Stimulus/S  1	1	5624064	5624072	84	3	70	pips_l40_r400_500-8000.hdf5	right	left
563.4517	1	Stimulus/S  1	1	5634517	5634525	84	4	50	pips_l40_r400_500-8000.hdf5	right	left
564.5077	1	Stimulus/S  1	1	5645077	5645085	84	5	30	pips_l40_r400_500-8000.hdf5	right	left
565.5744	1	Stimulus/S  1	1	5655744	5655752	85	0	20	pips_l40_r400_500-8000.hdf5	right	left
566.6411	1	Stimulus/S  1	1	5666411	5666419	85	1	40	pips_l40_r400_500-8000.hdf5	right	left
567.6864	1	Stimulus/S  1	1	5676864	5676872	85	2	60	pips_l40_r400_500-8000.hdf5	right	left
568.7424	1	Stimulus/S  1	1	5687424	5687432	85	3	70	pips_l40_r400_500-8000.hdf5	right	left
569.7878	1	Stimulus/S  1	1	5697878	5697886	85	4	50	pips_l40_r400_500-8000.hdf5	right	left
570.8544	1	Stimulus/S  1	1	5708544	5708552	85	5	30	pips_l40_r400_500-8000.hdf5	right	left
571.9211	1	Stimulus/S  1	1	5719211	5719219	86	0	20	pips_l40_r400_500-8000.hdf5	right	left
572.9665	1	Stimulus/S  1	1	5729665	5729673	86	1	40	pips_l40_r400_500-8000.hdf5	right	left
574.0225	1	Stimulus/S  1	1	5740225	5740233	86	2	60	pips_l40_r400_500-8000.hdf5	right	left
575.0892	1	Stimulus/S  1	1	5750892	5750900	86	3	70	pips_l40_r400_500-8000.hdf5	right	left
576.1558	1	Stimulus/S  1	1	5761558	5761566	86	4	50	pips_l40_r400_500-8000.hdf5	right	left
577.2225	1	Stimulus/S  1	1	5772225	5772233	86	5	30	pips_l40_r400_500-8000.hdf5	right	left
578.2892	1	Stimulus/S  1	1	5782892	5782900	87	0	20	pips_l40_r400_500-8000.hdf5	right	left
579.3345	1	Stimulus/S  1	1	5793345	5793353	87	1	40	pips_l40_r400_500-8000.hdf5	right	left
580.3905	1	Stimulus/S  1	1	5803905	5803913	87	2	60	pips_l40_r400_500-8000.hdf5	right	left
581.4359	1	Stimulus/S  1	1	5814359	5814367	87	3	70	pips_l40_r400_500-8000.hdf5	right	left
582.5026	1	Stimulus/S  1	1	5825026	5825034	87	4	50	pips_l40_r400_500-8000.hdf5	right	left
583.5692	1	Stimulus/S  1	1	5835692	5835700	87	5	30	pips_l40_r400_500-8000.hdf5	right	left
584.6252	1	Stimulus/S  1	1	5846252	5846260	88	0	20	pips_l40_r400_500-8000.hdf5	right	left
585.6706	1	Stimulus/S  1	1	5856706	5856714	88	1	40	pips_l40_r400_500-8000.hdf5	right	left
586.7266	1	Stimulus/S  1	1	5867266	5867274	88	2	60	pips_l40_r400_500-8000.hdf5	right	left
587.7933	1	Stimulus/S  1	1	5877933	5877941	88	3	70	pips_l40_r400_500-8000.hdf5	right	left
588.8386	1	Stimulus/S  1	1	5888386	5888394	88	4	50	pips_l40_r400_500-8000.hdf5	right	left
589.884	1	Stimulus/S  1	1	5898840	5898848	88	5	30	pips_l40_r400_500-8000.hdf5	right	left
590.9506	1	Stimulus/S  1	1	5909506	5909514	89	0	20	pips_l40_r400_500-8000.hdf5	right	left
592.0173	1	Stimulus/S  1	1	5920173	5920181	89	1	40	pips_l40_r400_500-8000.hdf5	right	left
593.084	1	Stimulus/S  1	1	5930840	5930848	89	2	60	pips_l40_r400_500-8000.hdf5	right	left
594.1507	1	Stimulus/S  1	1	5941507	5941515	89	3	70	pips_l40_r400_500-8000.hdf5	right	left
595.2173	1	Stimulus/S  1	1	5952173	5952181	89	4	50	pips_l40_r400_500-8000.hdf5	right	left
596.284	1	Stimulus/S  1	1	5962840	5962848	89	5	30	pips_l40_r400_500-8000.hdf5	right	left
597.34	1	Stimulus/S  1	1	5973400	5973408	90	0	20	pips_l40_r400_500-8000.hdf5	right	left
598.3854	1	Stimulus/S  1	1	5983854	5983862	90	1	40	pips_l40_r400_500-8000.hdf5	right	left
599.4414	1	Stimulus/S  1	1	5994414	5994422	90	2	60	pips_l40_r400_500-8000.hdf5	right	left
600.5081	1	Stimulus/S  1	1	6005081	6005089	90	3	70	pips_l40_r400_500-8000.hdf5	right	left
601.5747	1	Stimulus/S  1	1	6015747	6015755	90	4	50	pips_l40_r400_500-8000.hdf5	right	left
602.6414	1	Stimulus/S  1	1	6026414	6026422	90	5	30	pips_l40_r400_500-8000.hdf5	right	left
603.7081	1	Stimulus/S  1	1	6037081	6037089	91	0	20	pips_l40_r400_500-8000.hdf5	right	left
604.7534	1	Stimulus/S  1	1	6047534	6047542	91	1	40	pips_l40_r400_500-8000.hdf5	right	left
605.8094	1	Stimulus/S  1	1	6058094	6058102	91	2	60	pips_l40_r400_500-8000.hdf5	right	left
606.8548	1	Stimulus/S  1	1	6068548	6068556	91	3	70	pips_l40_r400_500-8000.hdf5	right	left
607.9215	1	Stimulus/S  1	1	6079215	6079223	91	4	50	pips_l40_r400_500-8000.hdf5	right	left
608.9881	1	Stimulus/S  1	1	6089881	6089889	91	5	30	pips_l40_r400_500-8000.hdf5	right	left
610.0442	1	Stimulus/S  1	1	6100442	6100450	92	0	20	pips_l40_r400_500-8000.hdf5	right	left
611.0895	1	Stimulus/S  1	1	6110895	6110903	92	1	40	pips_l40_r400_500-8000.hdf5	right	left
612.1562	1	Stimulus/S  1	1	6121562	6121570	92	2	60	pips_l40_r400_500-8000.hdf5	right	left
613.2228	1	Stimulus/S  1	1	6132228	6132236	92	3	70	pips_l40_r400_500-8000.hdf5	right	left
614.2682	1	Stimulus/S  1	1	6142682	6142690	92	4	50	pips_l40_r400_500-8000.hdf5	right	left
615.3242	1	Stimulus/S  1	1	6153242	6153250	92	5	30	pips_l40_r400_500-8000.hdf5	right	left
616.3909	1	Stimulus/S  1	1	6163909	6163917	93	0	20	pips_l40_r400_500-8000.hdf5	right	left
617.4576	1	Stimulus/S  1	1	6174576	6174584	93	1	40	pips_l40_r400_500-8000.hdf5	right	left
618.5029	1	Stimulus/S  1	1	6185029	6185037	93	2	60	pips_l40_r400_500-8000.hdf5	right	left
619.5589	1	Stimulus/S  1	1	6195589	6195597	93	3	70	pips_l40_r400_500-8000.hdf5	right	left
620.6256	1	Stimulus/S  1	1	6206256	6206264	93	4	50	pips_l40_r400_500-8000.hdf5	right	left
621.6709	1	Stimulus/S  1	1	6216709	6216717	93	5	30	pips_l40_r400_500-8000.hdf5	right	left
622.7269	1	Stimulus/S  1	1	6227269	6227277	94	0	20	pips_l40_r400_500-8000.hdf5	right	left
623.7936	1	Stimulus/S  1	1	6237936	6237944	94	1	40	pips_l40_r400_500-8000.hdf5	right	left
624.839	1	Stimulus/S  1	1	6248390	6248398	94	2	60	pips_l40_r400_500-8000.hdf5	right	left
625.8843	1	Stimulus/S  1	1	6258843	6258851	94	3	70	pips_l40_r400_500-8000.hdf5	right	left
626.951	1	Stimulus/S  1	1	6269510	6269518	94	4	50	pips_l40_r400_500-8000.hdf5	right	left
628.0177	1	Stimulus/S  1	1	6280177	6280185	94	5	30	pips_l40_r400_500-8000.hdf5	right	left
629.0843	1	Stimulus/S  1	1	6290843	6290851	95	0	20	pips_l40_r400_500-8000.hdf5	right	left
630.1403	1	Stimulus/S  1	1	6301403	6301411	95	1	40	pips_l40_r400_500-8000.hdf5	right	left
631.1857	1	Stimulus/S  1	1	6311857	6311865	95	2	60	pips_l40_r400_500-8000.hdf5	right	left
632.2524	1	Stimulus/S  1	1	6322524	6322532	95	3	70	pips_l40_r400_500-8000.hdf5	right	left
633.319	1	Stimulus/S  1	1	6333190	6333198	95	4	50	pips_l40_r400_500-8000.hdf5	right	left
634.3857	1	Stimulus/S  1	1	6343857	6343865	95	5	30	pips_l40_r400_500-8000.hdf5	right	left
635.4417	1	Stimulus/S  1	1	6354417	6354425	96	0	20	pips_l40_r400_500-8000.hdf5	right	left
636.4871	1	Stimulus/S  1	1	6364871	6364879	96	1	40	pips_l40_r400_500-8000.hdf5	right	left
637.5537	1	Stimulus/S  1	1	6375537	6375545	96	2	60	pips_l40_r400_500-8000.hdf5	right	left
638.6204	1	Stimulus/S  1	1	6386204	6386212	96	3	70	pips_l40_r400_500-8000.hdf5	right	left
639.6764	1	Stimulus/S  1	1	6396764	6396772	96	4	50	pips_l40_r400_500-8000.hdf5	right	left
640.7218	1	Stimulus/S  1	1	6407218	6407226	96	5	30	pips_l40_r400_500-8000.hdf5	right	left
641.7778	1	Stimulus/S  1	1	6417778	6417786	97	0	20	pips_l40_r400_500-8000.hdf5	right	left
642.8445	1	Stimulus/S  1	1	6428445	6428453	97	1	40	pips_l40_r400_500-8000.hdf5	right	left
643.8898	1	Stimulus/S  1	1	6438898	6438906	97	2	60	pips_l40_r400_500-8000.hdf5	right	left
644.9352	1	Stimulus/S  1	1	6449352	6449360	97	3	70	pips_l40_r400_500-8000.hdf5	right	left
645.9912	1	Stimulus/S  1	1	6459912	6459920	97	4	50	pips_l40_r400_500-8000.hdf5	right	left
647.0578	1	Stimulus/S  1	1	6470578	6470586	97	5	30	pips_l40_r400_500-8000.hdf5	right	left
648.1245	1	Stimulus/S  1	1	6481245	6481253	98	0	20	pips_l40_r400_500-8000.hdf5	right	left
649.1912	1	Stimulus/S  1	1	6491912	6491920	98	1	40	pips_l40_r400_500-8000.hdf5	right	left
650.2365	1	Stimulus/S  1	1	6502365	6502373	98	2	60	pips_l40_r400_500-8000.hdf5	right	left
651.3032	1	Stimulus/S  1	1	6513032	6513040	98	3	70	pips_l40_r400_500-8000.hdf5	right	left
652.3699	1	Stimulus/S  1	1	6523699	6523707	98	4	50	pips_l40_r400_500-8000.hdf5	right	left
653.4366	1	Stimulus/S  1	1	6534366	6534374	98	5	30	pips_l40_r400_500-8000.hdf5	right	left
654.4926	1	Stimulus/S  1	1	6544926	6544934	99	0	20	pips_l40_r400_500-8000.hdf5	right	left
655.5379	1	Stimulus/S  1	1	6555379	6555387	99	1	40	pips_l40_r400_500-8000.hdf5	right	left
656.6046	1	Stimulus/S  1	1	6566046	6566054	99	2	60	pips_l40_r400_500-8000.hdf5	right	left
657.6713	1	Stimulus/S  1	1	6576713	6576721	99	3	70	pips_l40_r400_500-8000.hdf5	right	left
658.7379	1	Stimulus/S  1	1	6587379	6587387	99	4	50	pips_l40_r400_500-8000.hdf5	right	left
659.8046	1	Stimulus/S  1	1	6598046	6598054	99	5	30	pips_l40_r400_500-8000.hdf5	right	left
660.8606	1	Stimulus/S  1	1	6608606	6608614	100	0	20	pips_l40_r400_500-8000.hdf5	right	left
661.906	1	Stimulus/S  1	1	6619060	6619068	100	1	40	pips_l40_r400_500-8000.hdf5	right	left
662.9727	1	Stimulus/S  1	1	6629727	6629735	100	2	60	pips_l40_r400_500-8000.hdf5	right	left
664.0393	1	Stimulus/S  1	1	6640393	6640401	100	3	70	pips_l40_r400_500-8000.hdf5	right	left
665.106	1	Stimulus/S  1	1	6651060	6651068	100	4	50	pips_l40_r400_500-8000.hdf5	right	left
666.1727	1	Stimulus/S  1	1	6661727	6661735	100	5	30	pips_l40_r400_500-8000.hdf5	right	left
667.2394	1	Stimulus/S  1	1	6672394	6672402	101	0	20	pips_l40_r400_500-8000.hdf5	right	left
668.306	1	Stimulus/S  1	1	6683060	6683068	101	1	40	pips_l40_r400_500-8000.hdf5	right	left
669.3514	1	Stimulus/S  1	1	6693514	6693522	101	2	60	pips_l40_r400_500-8000.hdf5	right	left
670.4287	1	Stimulus/S  1	1	6704287	6704295	101	3	70	pips_l40_r400_500-8000.hdf5	right	left
671.4847	1	Stimulus/S  1	1	6714847	6714855	101	4	50	pips_l40_r400_500-8000.hdf5	right	left
672.5514	1	Stimulus/S  1	1	6725514	6725522	101	5	30	pips_l40_r400_500-8000.hdf5	right	left
673.6074	1	Stimulus/S  1	1	6736074	6736082	102	0	20	pips_l40_r400_500-8000.hdf5	right	left
674.6528	1	Stimulus/S  1	1	6746528	6746536	102	1	40	pips_l40_r400_500-8000.hdf5	right	left
675.7194	1	Stimulus/S  1	1	6757194	6757202	102	2	60	pips_l40_r400_500-8000.hdf5	right	left
676.7861	1	Stimulus/S  1	1	6767861	6767869	102	3	70	pips_l40_r400_500-8000.hdf5	right	left
677.8528	1	Stimulus/S  1	1	6778528	6778536	102	4	50	pips_l40_r400_500-8000.hdf5	right	left
678.9088	1	Stimulus/S  1	1	6789088	6789096	102	5	30	pips_l40_r400_500-8000.hdf5	right	left
679.9755	1	Stimulus/S  1	1	6799755	6799763	103	0	20	pips_l40_r400_500-8000.hdf5	right	left
681.0422	1	Stimulus/S  1	1	6810422	6810430	103	1	40	pips_l40_r400_500-8000.hdf5	right	left
682.1088	1	Stimulus/S  1	1	6821088	6821096	103	2	60	pips_l40_r400_500-8000.hdf5	right	left
683.1755	1	Stimulus/S  1	1	6831755	6831763	103	3	70	pips_l40_r400_500-8000.hdf5	right	left
684.2422	1	Stimulus/S  1	1	6842422	6842430	103	4	50	pips_l40_r400_500-8000.hdf5	right	left
685.3089	1	Stimulus/S  1	1	6853089	6853097	103	5	30	pips_l40_r400_500-8000.hdf5	right	left
686.3542	1	Stimulus/S  1	1	6863542	6863550	104	0	20	pips_l40_r400_500-8000.hdf5	right	left
687.4102	1	Stimulus/S  1	1	6874102	6874110	104	1	40	pips_l40_r400_500-8000.hdf5	right	left
688.4769	1	Stimulus/S  1	1	6884769	6884777	104	2	60	pips_l40_r400_500-8000.hdf5	right	left
689.5436	1	Stimulus/S  1	1	6895436	6895444	104	3	70	pips_l40_r400_500-8000.hdf5	right	left
690.5889	1	Stimulus/S  1	1	6905889	6905897	104	4	50	pips_l40_r400_500-8000.hdf5	right	left
691.6449	1	Stimulus/S  1	1	6916449	6916457	104	5	30	pips_l40_r400_500-8000.hdf5	right	left
692.7116	1	Stimulus/S  1	1	6927116	6927124	105	0	20	pips_l40_r400_500-8000.hdf5	right	left
693.7783	1	Stimulus/S  1	1	6937783	6937791	105	1	40	pips_l40_r400_500-8000.hdf5	right	left
694.8236	1	Stimulus/S  1	1	6948236	6948244	105	2	60	pips_l40_r400_500-8000.hdf5	right	left
695.869	1	Stimulus/S  1	1	6958690	6958698	105	3	70	pips_l40_r400_500-8000.hdf5	right	left
696.9356	1	Stimulus/S  1	1	6969356	6969364	105	4	50	pips_l40_r400_500-8000.hdf5	right	left
698.0023	1	Stimulus/S  1	1	6980023	6980031	105	5	30	pips_l40_r400_500-8000.hdf5	right	left
699.0583	1	Stimulus/S  1	1	6990583	6990591	106	0	20	pips_l40_r400_500-8000.hdf5	right	left
700.1037	1	Stimulus/S  1	1	7001037	7001045	106	1	40	pips_l40_r400_500-8000.hdf5	right	left
701.1597	1	Stimulus/S  1	1	7011597	7011605	106	2	60	pips_l40_r400_500-8000.hdf5	right	left
702.2264	1	Stimulus/S  1	1	7022264	7022272	106	3	70	pips_l40_r400_500-8000.hdf5	right	left
703.293	1	Stimulus/S  1	1	7032930	7032938	106	4	50	pips_l40_r400_500-8000.hdf5	right	left
704.3384	1	Stimulus/S  1	1	7043384	7043392	106	5	30	pips_l40_r400_500-8000.hdf5	right	left
705.3944	1	Stimulus/S  1	1	7053944	7053952	107	0	20	pips_l40_r400_500-8000.hdf5	right	left
706.4397	1	Stimulus/S  1	1	7064397	7064405	107	1	40	pips_l40_r400_500-8000.hdf5	right	left
707.5064	1	Stimulus/S  1	1	7075064	7075072	107	2	60	pips_l40_r400_500-8000.hdf5	right	left
708.5624	1	Stimulus/S  1	1	7085624	7085632	107	3	70	pips_l40_r400_500-8000.hdf5	right	left
709.6078	1	Stimulus/S  1	1	7096078	7096086	107	4	50	pips_l40_r400_500-8000.hdf5	right	left
710.6531	1	Stimulus/S  1	1	7106531	7106539	107	5	30	pips_l40_r400_500-8000.hdf5	right	left
711.7198	1	Stimulus/S  1	1	7117198	7117206	108	0	20	pips_l40_r400_500-8000.hdf5	right	left
712.7865	1	Stimulus/S  1	1	7127865	7127873	108	1	40	pips_l40_r400_500-8000.hdf5	right	left
713.8425	1	Stimulus/S  1	1	7138425	7138433	108	2	60	pips_l40_r400_500-8000.hdf5	right	left
714.9092	1	Stimulus/S  1	1	7149092	7149100	108	3	70	pips_l40_r400_500-8000.hdf5	right	left
715.9758	1	Stimulus/S  1	1	7159758	7159766	108	4	50	pips_l40_r400_500-8000.hdf5	right	left
717.0212	1	Stimulus/S  1	1	7170212	7170220	108	5	30	pips_l40_r400_500-8000.hdf5	right	left
718.0772	1	Stimulus/S  1	1	7180772	7180780	109	0	20	pips_l40_r400_500-8000.hdf5	right	left
719.1225	1	Stimulus/S  1	1	7191225	7191233	109	1	40	pips_l40_r400_500-8000.hdf5	right	left
720.1785	1	Stimulus/S  1	1	7201785	7201793	109	2	60	pips_l40_r400_500-8000.hdf5	right	left
721.2452	1	Stimulus/S  1	1	7212452	7212460	109	3	70	pips_l40_r400_500-8000.hdf5	right	left
722.2906	1	Stimulus/S  1	1	7222906	7222914	109	4	50	pips_l40_r400_500-8000.hdf5	right	left
723.3359	1	Stimulus/S  1	1	7233359	7233367	109	5	30	pips_l40_r400_500-8000.hdf5	right	left
724.4026	1	Stimulus/S  1	1	7244026	7244034	110	0	20	pips_l40_r400_500-8000.hdf5	right	left
725.4586	1	Stimulus/S  1	1	7254586	7254594	110	1	40	pips_l40_r400_500-8000.hdf5	right	left
726.5039	1	Stimulus/S  1	1	7265039	7265047	110	2	60	pips_l40_r400_500-8000.hdf5	right	left
727.5706	1	Stimulus/S  1	1	7275706	7275714	110	3	70	pips_l40_r400_500-8000.hdf5	right	left
728.6373	1	Stimulus/S  1	1	7286373	7286381	110	4	50	pips_l40_r400_500-8000.hdf5	right	left
729.6933	1	Stimulus/S  1	1	7296933	7296941	110	5	30	pips_l40_r400_500-8000.hdf5	right	left
730.76	1	Stimulus/S  1	1	7307600	7307608	111	0	20	pips_l40_r400_500-8000.hdf5	right	left
731.8266	1	Stimulus/S  1	1	7318266	7318274	111	1	40	pips_l40_r400_500-8000.hdf5	right	left
732.872	1	Stimulus/S  1	1	7328720	7328728	111	2	60	pips_l40_r400_500-8000.hdf5	right	left
733.928	1	Stimulus/S  1	1	7339280	7339288	111	3	70	pips_l40_r400_500-8000.hdf5	right	left
734.9947	1	Stimulus/S  1	1	7349947	7349955	111	4	50	pips_l40_r400_500-8000.hdf5	right	left
736.04	1	Stimulus/S  1	1	7360400	7360408	111	5	30	pips_l40_r400_500-8000.hdf5	right	left
737.1067	1	Stimulus/S  1	1	7371067	7371075	112	0	20	pips_l40_r400_500-8000.hdf5	right	left
738.1734	1	Stimulus/S  1	1	7381734	7381742	112	1	40	pips_l40_r400_500-8000.hdf5	right	left
739.2294	1	Stimulus/S  1	1	7392294	7392302	112	2	60	pips_l40_r400_500-8000.hdf5	right	left
740.2747	1	Stimulus/S  1	1	7402747	7402755	112	3	70	pips_l40_r400_500-8000.hdf5	right	left
741.3201	1	Stimulus/S  1	1	7413201	7413209	112	4	50	pips_l40_r400_500-8000.hdf5	right	left
742.3761	1	Stimulus/S  1	1	7423761	7423769	112	5	30	pips_l40_r400_500-8000.hdf5	right	left
743.4214	1	Stimulus/S  1	1	7434214	7434222	113	0	20	pips_l40_r400_500-8000.hdf5	right	left
744.4881	1	Stimulus/S  1	1	7444881	7444889	113	1	40	pips_l40_r400_500-8000.hdf5	right	left
745.5548	1	Stimulus/S  1	1	7455548	7455556	113	2	60	pips_l40_r400_500-8000.hdf5	right	left
746.6215	1	Stimulus/S  1	1	7466215	7466223	113	3	70	pips_l40_r400_500-8000.hdf5	right	left
747.6881	1	Stimulus/S  1	1	7476881	7476889	113	4	50	pips_l40_r400_500-8000.hdf5	right	left
748.7548	1	Stimulus/S  1	1	7487548	7487556	113	5	30	pips_l40_r400_500-8000.hdf5	right	left
749.8215	1	Stimulus/S  1	1	7498215	7498223	114	0	20	pips_l40_r400_500-8000.hdf5	right	left
750.8775	1	Stimulus/S  1	1	7508775	7508783	114	1	40	pips_l40_r400_500-8000.hdf5	right	left
751.9228	1	Stimulus/S  1	1	7519228	7519236	114	2	60	pips_l40_r400_500-8000.hdf5	right	left
752.9788	1	Stimulus/S  1	1	7529788	7529796	114	3	70	pips_l40_r400_500-8000.hdf5	right	left
754.0455	1	Stimulus/S  1	1	7540455	7540463	114	4	50	pips_l40_r400_500-8000.hdf5	right	left
755.0909	1	Stimulus/S  1	1	7550909	7550917	114	5	30	pips_l40_r400_500-8000.hdf5	right	left
756.1362	1	Stimulus/S  1	1	7561362	7561370	115	0	20	pips_l40_r400_500-8000.hdf5	right	left
757.2029	1	Stimulus/S  1	1	7572029	7572037	115	1	40	pips_l40_r400_500-8000.hdf5	right	left
758.2696	1	Stimulus/S  1	1	7582696	7582704	115	2	60	pips_l40_r400_500-8000.hdf5	right	left
759.3256	1	Stimulus/S  1	1	7593256	7593264	115	3	70	pips_l40_r400_500-8000.hdf5	right	left
760.3709	1	Stimulus/S  1	1	7603709	7603717	115	4	50	pips_l40_r400_500-8000.hdf5	right	left
761.4376	1	Stimulus/S  1	1	7614376	7614384	115	5	30	pips_l40_r400_500-8000.hdf5	right	left
762.5043	1	Stimulus/S  1	1	7625043	7625051	116	0	20	pips_l40_r400_500-8000.hdf5	right	left
763.5603	1	Stimulus/S  1	1	7635603	7635611	116	1	40	pips_l40_r400_500-8000.hdf5	right	left
764.6056	1	Stimulus/S  1	1	7646056	7646064	116	2	60	pips_l40_r400_500-8000.hdf5	right	left
765.6616	1	Stimulus/S  1	1	7656616	7656624	116	3	70	pips_l40_r400_500-8000.hdf5	right	left
766.7283	1	Stimulus/S  1	1	7667283	7667291	116	4	50	pips_l40_r400_500-8000.hdf5	right	left
767.7737	1	Stimulus/S  1	1	7677737	7677745	116	5	30	pips_l40_r400_500-8000.hdf5	right	left
768.8297	1	Stimulus/S  1	1	7688297	7688305	117	0	20	pips_l40_r400_500-8000.hdf5	right	left
769.8963	1	Stimulus/S  1	1	7698963	7698971	117	1	40	pips_l40_r400_500-8000.hdf5	right	left
770.963	1	Stimulus/S  1	1	7709630	7709638	117	2	60	pips_l40_r400_500-8000.hdf5	right	left
772.0084	1	Stimulus/S  1	1	7720084	7720092	117	3	70	pips_l40_r400_500-8000.hdf5	right	left
773.0537	1	Stimulus/S  1	1	7730537	7730545	117	4	50	pips_l40_r400_500-8000.hdf5	right	left
774.1204	1	Stimulus/S  1	1	7741204	7741212	117	5	30	pips_l40_r400_500-8000.hdf5	right	left
775.1871	1	Stimulus/S  1	1	7751871	7751879	118	0	20	pips_l40_r400_500-8000.hdf5	right	left
776.2537	1	Stimulus/S  1	1	7762537	7762545	118	1	40	pips_l40_r400_500-8000.hdf5	right	left
777.3204	1	Stimulus/S  1	1	7773204	7773212	118	2	60	pips_l40_r400_500-8000.hdf5	right	left
778.3764	1	Stimulus/S  1	1	7783764	7783772	118	3	70	pips_l40_r400_500-8000.hdf5	right	left
779.4218	1	Stimulus/S  1	1	7794218	7794226	118	4	50	pips_l40_r400_500-8000.hdf5	right	left
780.4884	1	Stimulus/S  1	1	7804884	7804892	118	5	30	pips_l40_r400_500-8000.hdf5	right	left
781.5445	1	Stimulus/S  1	1	7815445	7815453	119	0	20	pips_l40_r400_500-8000.hdf5	right	left
782.5898	1	Stimulus/S  1	1	7825898	7825906	119	1	40	pips_l40_r400_500-8000.hdf5	right	left
783.6458	1	Stimulus/S  1	1	7836458	7836466	119	2	60	pips_l40_r400_500-8000.hdf5	right	left
784.7125	1	Stimulus/S  1	1	7847125	7847133	119	3	70	pips_l40_r400_500-8000.hdf5	right	left
785.7792	1	Stimulus/S  1	1	7857792	7857800	119	4	50	pips_l40_r400_500-8000.hdf5	right	left
786.8245	1	Stimulus/S  1	1	7868245	7868253	119	5	30	pips_l40_r400_500-8000.hdf5	right	left
787.8698	1	Stimulus/S  1	1	7878698	7878706	0	0	20	pips_l40_r400_500-8000.hdf5	right	left
788.9259	1	Stimulus/S  1	1	7889259	7889267	0	1	40	pips_l40_r400_500-8000.hdf5	right	left
789.9925	1	Stimulus/S  1	1	7899925	7899933	0	2	60	pips_l40_r400_500-8000.hdf5	right	left
791.0592	1	Stimulus/S  1	1	7910592	7910600	0	3	70	pips_l40_r400_500-8000.hdf5	right	left
792.1046	1	Stimulus/S  1	1	7921046	7921054	0	4	50	pips_l40_r400_500-8000.hdf5	right	left
793.1606	1	Stimulus/S  1	1	7931606	7931614	0	5	30	pips_l40_r400_500-8000.hdf5	right	left
794.2059	1	Stimulus/S  1	1	7942059	7942067	1	0	20	pips_l40_r400_500-8000.hdf5	right	left
795.2726	1	Stimulus/S  1	1	7952726	7952734	1	1	40	pips_l40_r400_500-8000.hdf5	right	left
796.3286	1	Stimulus/S  1	1	7963286	7963294	1	2	60	pips_l40_r400_500-8000.hdf5	right	left
797.3739	1	Stimulus/S  1	1	7973739	7973747	1	3	70	pips_l40_r400_500-8000.hdf5	right	left
798.4406	1	Stimulus/S  1	1	7984406	7984414	1	4	50	pips_l40_r400_500-8000.hdf5	right	left
799.4966	1	Stimulus/S  1	1	7994966	7994974	1	5	30	pips_l40_r400_500-8000.hdf5	right	left
800.542	1	Stimulus/S  1	1	8005420	8005428	2	0	20	pips_l40_r400_500-8000.hdf5	right	left
801.6086	1	Stimulus/S  1	1	8016086	8016094	2	1	40	pips_l40_r400_500-8000.hdf5	right	left
802.6753	1	Stimulus/S  1	1	8026753	8026761	2	2	60	pips_l40_r400_500-8000.hdf5	right	left
803.7207	1	Stimulus/S  1	1	8037207	8037215	2	3	70	pips_l40_r400_500-8000.hdf5	right	left
804.7767	1	Stimulus/S  1	1	8047767	8047775	2	4	50	pips_l40_r400_500-8000.hdf5	right	left
805.8434	1	Stimulus/S  1	1	8058434	8058442	2	5	30	pips_l40_r400_500-8000.hdf5	right	left
806.91	1	Stimulus/S  1	1	8069100	8069108	3	0	20	pips_l40_r400_500-8000.hdf5	right	left
807.9554	1	Stimulus/S  1	1	8079554	8079562	3	1	40	pips_l40_r400_500-8000.hdf5	right	left
809.0114	1	Stimulus/S  1	1	8090114	8090122	3	2	60	pips_l40_r400_500-8000.hdf5	right	left
810.0781	1	Stimulus/S  1	1	8100781	8100789	3	3	70	pips_l40_r400_500-8000.hdf5	right	left
811.1447	1	Stimulus/S  1	1	8111447	8111455	3	4	50	pips_l40_r400_500-8000.hdf5	right	left
812.1901	1	Stimulus/S  1	1	8121901	8121909	3	5	30	pips_l40_r400_500-8000.hdf5	right	left
813.2568	1	Stimulus/S  1	1	8132568	8132576	4	0	20	pips_l40_r400_500-8000.hdf5	right	left
814.3234	1	Stimulus/S  1	1	8143234	8143242	4	1	40	pips_l40_r400_500-8000.hdf5	right	left
815.3794	1	Stimulus/S  1	1	8153794	8153802	4	2	60	pips_l40_r400_500-8000.hdf5	right	left
816.4461	1	Stimulus/S  1	1	8164461	8164469	4	3	70	pips_l40_r400_500-8000.hdf5	right	left
817.5128	1	Stimulus/S  1	1	8175128	8175136	4	4	50	pips_l40_r400_500-8000.hdf5	right	left
818.5581	1	Stimulus/S  1	1	8185581	8185589	4	5	30	pips_l40_r400_500-8000.hdf5	right	left
819.6248	1	Stimulus/S  1	1	8196248	8196256	5	0	20	pips_l40_r400_500-8000.hdf5	right	left
820.6915	1	Stimulus/S  1	1	8206915	8206923	5	1	40	pips_l40_r400_500-8000.hdf5	right	left
821.7368	1	Stimulus/S  1	1	8217368	8217376	5	2	60	pips_l40_r400_500-8000.hdf5	right	left
822.7928	1	Stimulus/S  1	1	8227928	8227936	5	3	70	pips_l40_r400_500-8000.hdf5	right	left
823.8595	1	Stimulus/S  1	1	8238595	8238603	5	4	50	pips_l40_r400_500-8000.hdf5	right	left
824.9049	1	Stimulus/S  1	1	8249049	8249057	5	5	30	pips_l40_r400_500-8000.hdf5	right	left
825.9609	1	Stimulus/S  1	1	8259609	8259617	6	0	20	pips_l40_r400_500-8000.hdf5	right	left
827.0276	1	Stimulus/S  1	1	8270276	8270284	6	1	40	pips_l40_r400_500-8000.hdf5	right	left
828.0942	1	Stimulus/S  1	1	8280942	8280950	6	2	60	pips_l40_r400_500-8000.hdf5	right	left
829.1609	1	Stimulus/S  1	1	8291609	8291617	6	3	70	pips_l40_r400_500-8000.hdf5	right	left
830.2276	1	Stimulus/S  1	1	8302276	8302284	6	4	50	pips_l40_r400_500-8000.hdf5	right	left
831.2729	1	Stimulus/S  1	1	8312729	8312737	6	5	30	pips_l40_r400_500-8000.hdf5	right	left
832.3289	1	Stimulus/S  1	1	8323289	8323297	7	0	20	pips_l40_r400_500-8000.hdf5	right	left
833.3956	1	Stimulus/S  1	1	8333956	8333964	7	1	40	pips_l40_r400_500-8000.hdf5	right	left
834.441	1	Stimulus/S  1	1	8344410	8344418	7	2	60	pips_l40_r400_500-8000.hdf5	right	left
835.5076	1	Stimulus/S  1	1	8355076	8355084	7	3	70	pips_l40_r400_500-8000.hdf5	right	left
836.5743	1	Stimulus/S  1	1	8365743	8365751	7	4	50	pips_l40_r400_500-8000.hdf5	right	left
837.6303	1	Stimulus/S  1	1	8376303	8376311	7	5	30	pips_l40_r400_500-8000.hdf5	right	left
838.6757	1	Stimulus/S  1	1	8386757	8386765	8	0	20	pips_l40_r400_500-8000.hdf5	right	left
839.7423	1	Stimulus/S  1	1	8397423	8397431	8	1	40	pips_l40_r400_500-8000.hdf5	right	left
840.809	1	Stimulus/S  1	1	8408090	8408098	8	2	60	pips_l40_r400_500-8000.hdf5	right	left
841.8544	1	Stimulus/S  1	1	8418544	8418552	8	3	70	pips_l40_r400_500-8000.hdf5	right	left
842.9104	1	Stimulus/S  1	1	8429104	8429112	8	4	50	pips_l40_r400_500-8000.hdf5	right	left
843.9557	1	Stimulus/S  1	1	8439557	8439565	8	5	30	pips_l40_r400_500-8000.hdf5	right	left
845.0117	1	Stimulus/S  1	1	8450117	8450125	9	0	20	pips_l40_r400_500-8000.hdf5	right	left
846.0571	1	Stimulus/S  1	1	8460571	8460579	9	1	40	pips_l40_r400_500-8000.hdf5	right	left
847.1131	1	Stimulus/S  1	1	8471131	8471139	9	2	60	pips_l40_r400_500-8000.hdf5	right	left
848.1798	1	Stimulus/S  1	1	8481798	8481806	9	3	70	pips_l40_r400_500-8000.hdf5	right	left
849.2251	1	Stimulus/S  1	1	8492251	8492259	9	4	50	pips_l40_r400_500-8000.hdf5	right	left
850.2918	1	Stimulus/S  1	1	8502918	8502926	9	5	30	pips_l40_r400_500-8000.hdf5	right	left
851.3585	1	Stimulus/S  1	1	8513585	8513593	10	0	20	pips_l40_r400_500-8000.hdf5	right	left
852.4251	1	Stimulus/S  1	1	8524251	8524259	10	1	40	pips_l40_r400_500-8000.hdf5	right	left
853.4811	1	Stimulus/S  1	1	8534811	8534819	10	2	60	pips_l40_r400_500-8000.hdf5	right	left
854.5265	1	Stimulus/S  1	1	8545265	8545273	10	3	70	pips_l40_r400_500-8000.hdf5	right	left
855.5932	1	Stimulus/S  1	1	8555932	8555940	10	4	50	pips_l40_r400_500-8000.hdf5	right	left
856.6385	1	Stimulus/S  1	1	8566385	8566393	10	5	30	pips_l40_r400_500-8000.hdf5	right	left
857.6945	1	Stimulus/S  1	1	8576945	8576953	11	0	20	pips_l40_r400_500-8000.hdf5	right	left
858.7612	1	Stimulus/S  1	1	8587612	8587620	11	1	40	pips_l40_r400_500-8000.hdf5	right	left
859.8065	1	Stimulus/S  1	1	8598065	8598073	11	2	60	pips_l40_r400_500-8000.hdf5	right	left
860.8625	1	Stimulus/S  1	1	8608625	8608633	11	3	70	pips_l40_r400_500-8000.hdf5	right	left
861.9292	1	Stimulus/S  1	1	8619292	8619300	11	4	50	pips_l40_r400_500-8000.hdf5	right	left
862.9746	1	Stimulus/S  1	1	8629746	8629754	11	5	30	pips_l40_r400_500-8000.hdf5	right	left
864.0306	1	Stimulus/S  1	1	8640306	8640314	12	0	20	pips_l40_r400_500-8000.hdf5	right	left
865.0759	1	Stimulus/S  1	1	8650759	8650767	12	1	40	pips_l40_r400_500-8000.hdf5	right	left
866.1213	1	Stimulus/S  1	1	8661213	8661221	12	2	60	pips_l40_r400_500-8000.hdf5	right	left
867.1773	1	Stimulus/S  1	1	8671773	8671781	12	3	70	pips_l40_r400_500-8000.hdf5	right	left
868.2439	1	Stimulus/S  1	1	8682439	8682447	12	4	50	pips_l40_r400_500-8000.hdf5	right	left
869.2893	1	Stimulus/S  1	1	8692893	8692901	12	5	30	pips_l40_r400_500-8000.hdf5	right	left
870.3453	1	Stimulus/S  1	1	8703453	8703461	13	0	20	pips_l40_r400_500-8000.hdf5	right	left
871.3906	1	Stimulus/S  1	1	8713906	8713914	13	1	40	pips_l40_r400_500-8000.hdf5	right	left
872.4573	1	Stimulus/S  1	1	8724573	8724581	13	2	60	pips_l40_r400_500-8000.hdf5	right	left
873.5133	1	Stimulus/S  1	1	8735133	8735141	13	3	70	pips_l40_r400_500-8000.hdf5	right	left
874.5587	1	Stimulus/S  1	1	8745587	8745595	13	4	50	pips_l40_r400_500-8000.hdf5	right	left
875.6147	1	Stimulus/S  1	1	8756147	8756155	13	5	30	pips_l40_r400_500-8000.hdf5	right	left
876.6814	1	Stimulus/S  1	1	8766814	8766822	14	0	20	pips_l40_r400_500-8000.hdf5	right	left
877.748	1	Stimulus/S  1	1	8777480	8777488	14	1	40	pips_l40_r400_500-8000.hdf5	right	left
878.7934	1	Stimulus/S  1	1	8787934	8787942	14	2	60	pips_l40_r400_500-8000.hdf5	right	left
879.8387	1	Stimulus/S  1	1	8798387	8798395	14	3	70	pips_l40_r400_500-8000.hdf5	right	left
880.9054	1	Stimulus/S  1	1	8809054	8809062	14	4	50	pips_l40_r400_500-8000.hdf5	right	left
881.9721	1	Stimulus/S  1	1	8819721	8819729	14	5	30	pips_l40_r400_500-8000.hdf5	right	left
883.0281	1	Stimulus/S  1	1	8830281	8830289	15	0	20	pips_l40_r400_500-8000.hdf5	right	left
884.0734	1	Stimulus/S  1	1	8840734	8840742	15	1	40	pips_l40_r400_500-8000.hdf5	right	left
885.1294	1	Stimulus/S  1	1	8851294	8851302	15	2	60	pips_l40_r400_500-8000.hdf5	right	left
886.1961	1	Stimulus/S  1	1	8861961	8861969	15	3	70	pips_l40_r400_500-8000.hdf5	right	left
887.2415	1	Stimulus/S  1	1	8872415	8872423	15	4	50	pips_l40_r400_500-8000.hdf5	right	left
888.2975	1	Stimulus/S  1	1	8882975	8882983	15	5	30	pips_l40_r400_500-8000.hdf5	right	left
889.3641	1	Stimulus/S  1	1	8893641	8893649	16	0	20	pips_l40_r400_500-8000.hdf5	right	left
890.4095	1	Stimulus/S  1	1	8904095	8904103	16	1	40	pips_l40_r400_500-8000.hdf5	right	left
891.4655	1	Stimulus/S  1	1	8914655	8914663	16	2	60	pips_l40_r400_500-8000.hdf5	right	left
892.5108	1	Stimulus/S  1	1	8925108	8925116	16	3	70	pips_l40_r400_500-8000.hdf5	right	left
893.5775	1	Stimulus/S  1	1	8935775	8935783	16	4	50	pips_l40_r400_500-8000.hdf5	right	left
894.6229	1	Stimulus/S  1	1	8946229	8946237	16	5	30	pips_l40_r400_500-8000.hdf5	right	left
895.6789	1	Stimulus/S  1	1	8956789	8956797	17	0	20	pips_l40_r400_500-8000.hdf5	right	left
896.7456	1	Stimulus/S  1	1	8967456	8967464	17	1	40	pips_l40_r400_500-8000.hdf5	right	left
897.8122	1	Stimulus/S  1	1	8978122	8978130	17	2	60	pips_l40_r400_500-8000.hdf5	right	left
898.8576	1	Stimulus/S  1	1	8988576	8988584	17	3	70	pips_l40_r400_500-8000.hdf5	right	left
899.9136	1	Stimulus/S  1	1	8999136	8999144	17	4	50	pips_l40_r400_500-8000.hdf5	right	left
900.9589	1	Stimulus/S  1	1	9009589	9009597	17	5	30	pips_l40_r400_500-8000.hdf5	right	left
902.0149	1	Stimulus/S  1	1	9020149	9020157	18	0	20	pips_l40_r400_500-8000.hdf5	right	left
903.0603	1	Stimulus/S  1	1	9030603	9030611	18	1	40	pips_l40_r400_500-8000.hdf5	right	left
904.1056	1	Stimulus/S  1	1	9041056	9041064	18	2	60	pips_l40_r400_500-8000.hdf5	right	left
905.1723	1	Stimulus/S  1	1	9051723	9051731	18	3	70	pips_l40_r400_500-8000.hdf5	right	left
906.239	1	Stimulus/S  1	1	9062390	9062398	18	4	50	pips_l40_r400_500-8000.hdf5	right	left
907.295	1	Stimulus/S  1	1	9072950	9072958	18	5	30	pips_l40_r400_500-8000.hdf5	right	left
908.3403	1	Stimulus/S  1	1	9083403	9083411	19	0	20	pips_l40_r400_500-8000.hdf5	right	left
909.407	1	Stimulus/S  1	1	9094070	9094078	19	1	40	pips_l40_r400_500-8000.hdf5	right	left
910.4737	1	Stimulus/S  1	1	9104737	9104745	19	2	60	pips_l40_r400_500-8000.hdf5	right	left
911.5297	1	Stimulus/S  1	1	9115297	9115305	19	3	70	pips_l40_r400_500-8000.hdf5	right	left
912.575	1	Stimulus/S  1	1	9125750	9125758	19	4	50	pips_l40_r400_500-8000.hdf5	right	left
913.6417	1	Stimulus/S  1	1	9136417	9136425	19	5	30	pips_l40_r400_500-8000.hdf5	right	left
914.6977	1	Stimulus/S  1	1	9146977	9146985	20	0	20	pips_l40_r400_500-8000.hdf5	right	left
915.7431	1	Stimulus/S  1	1	9157431	9157439	20	1	40	pips_l40_r400_500-8000.hdf5	right	left
916.8097	1	Stimulus/S  1	1	9168097	9168105	20	2	60	pips_l40_r400_500-8000.hdf5	right	left
917.8764	1	Stimulus/S  1	1	9178764	9178772	20	3	70	pips_l40_r400_500-8000.hdf5	right	left
918.9324	1	Stimulus/S  1	1	9189324	9189332	20	4	50	pips_l40_r400_500-8000.hdf5	right	left
919.9778	1	Stimulus/S  1	1	9199778	9199786	20	5	30	pips_l40_r400_500-8000.hdf5	right	left
921.0444	1	Stimulus/S  1	1	9210444	9210452	21	0	20	pips_l40_r400_500-8000.hdf5	right	left
922.0898	1	Stimulus/S  1	1	9220898	9220906	21	1	40	pips_l40_r400_500-8000.hdf5	right	left
923.1565	1	Stimulus/S  1	1	9231565	9231573	21	2	60	pips_l40_r400_500-8000.hdf5	right	left
924.2231	1	Stimulus/S  1	1	9242231	9242239	21	3	70	pips_l40_r400_500-8000.hdf5	right	left
925.2792	1	Stimulus/S  1	1	9252792	9252800	21	4	50	pips_l40_r400_500-8000.hdf5	right	left
926.3245	1	Stimulus/S  1	1	9263245	9263253	21	5	30	pips_l40_r400_500-8000.hdf5	right	left
927.3912	1	Stimulus/S  1	1	9273912	9273920	22	0	20	pips_l40_r400_500-8000.hdf5	right	left
928.4472	1	Stimulus/S  1	1	9284472	9284480	22	1	40	pips_l40_r400_500-8000.hdf5	right	left
929.4925	1	Stimulus/S  1	1	9294925	9294933	22	2	60	pips_l40_r400_500-8000.hdf5	right	left
930.5485	1	Stimulus/S  1	1	9305485	9305493	22	3	70	pips_l40_r400_500-8000.hdf5	right	left
931.5939	1	Stimulus/S  1	1	9315939	9315947	22	4	50	pips_l40_r400_500-8000.hdf5	right	left
932.6606	1	Stimulus/S  1	1	9326606	9326614	22	5	30	pips_l40_r400_500-8000.hdf5	right	left
933.7059	1	Stimulus/S  1	1	9337059	9337067	23	0	20	pips_l40_r400_500-8000.hdf5	right	left
934.7619	1	Stimulus/S  1	1	9347619	9347627	23	1	40	pips_l40_r400_500-8000.hdf5	right	left
935.8286	1	Stimulus/S  1	1	9358286	9358294	23	2	60	pips_l40_r400_500-8000.hdf5	right	left
936.8739	1	Stimulus/S  1	1	9368739	9368747	23	3	70	pips_l40_r400_500-8000.hdf5	right	left
937.9299	1	Stimulus/S  1	1	9379299	9379307	23	4	50	pips_l40_r400_500-8000.hdf5	right	left
938.9966	1	Stimulus/S  1	1	9389966	9389974	23	5	30	pips_l40_r400_500-8000.hdf5	right	left
940.042	1	Stimulus/S  1	1	9400420	9400428	24	0	20	pips_l40_r400_500-8000.hdf5	right	left
941.098	1	Stimulus/S  1	1	9410980	9410988	24	1	40	pips_l40_r400_500-8000.hdf5	right	left
942.1647	1	Stimulus/S  1	1	9421647	9421655	24	2	60	pips_l40_r400_500-8000.hdf5	right	left
943.21	1	Stimulus/S  1	1	9432100	9432108	24	3	70	pips_l40_r400_500-8000.hdf5	right	left
944.266	1	Stimulus/S  1	1	9442660	9442668	24	4	50	pips_l40_r400_500-8000.hdf5	right	left
945.3113	1	Stimulus/S  1	1	9453113	9453121	24	5	30	pips_l40_r400_500-8000.hdf5	right	left
946.378	1	Stimulus/S  1	1	9463780	9463788	25	0	20	pips_l40_r400_500-8000.hdf5	right	left
947.4234	1	Stimulus/S  1	1	9474234	9474242	25	1	40	pips_l40_r400_500-8000.hdf5	right	left
948.4794	1	Stimulus/S  1	1	9484794	9484802	25	2	60	pips_l40_r400_500-8000.hdf5	right	left
949.5461	1	Stimulus/S  1	1	9495461	9495469	25	3	70	pips_l40_r400_500-8000.hdf5	right	left
950.6127	1	Stimulus/S  1	1	9506127	9506135	25	4	50	pips_l40_r400_500-8000.hdf5	right	left
951.6581	1	Stimulus/S  1	1	9516581	9516589	25	5	30	pips_l40_r400_500-8000.hdf5	right	left
952.7248	1	Stimulus/S  1	1	9527248	9527256	26	0	20	pips_l40_r400_500-8000.hdf5	right	left
953.7808	1	Stimulus/S  1	1	9537808	9537816	26	1	40	pips_l40_r400_500-8000.hdf5	right	left
954.8261	1	Stimulus/S  1	1	9548261	9548269	26	2	60	pips_l40_r400_500-8000.hdf5	right	left
955.8821	1	Stimulus/S  1	1	9558821	9558829	26	3	70	pips_l40_r400_500-8000.hdf5	right	left
956.9488	1	Stimulus/S  1	1	9569488	9569496	26	4	50	pips_l40_r400_500-8000.hdf5	right	left
957.9941	1	Stimulus/S  1	1	9579941	9579949	26	5	30	pips_l40_r400_500-8000.hdf5	right	left
959.0395	1	Stimulus/S  1	1	9590395	9590403	27	0	20	pips_l40_r400_500-8000.hdf5	right	left
960.0955	1	Stimulus/S  1	1	9600955	9600963	27	1	40	pips_l40_r400_500-8000.hdf5	right	left
961.1622	1	Stimulus/S  1	1	9611622	9611630	27	2	60	pips_l40_r400_500-8000.hdf5	right	left
962.2075	1	Stimulus/S  1	1	9622075	9622083	27	3	70	pips_l40_r400_500-8000.hdf5	right	left
963.2635	1	Stimulus/S  1	1	9632635	9632643	27	4	50	pips_l40_r400_500-8000.hdf5	right	left
964.3089	1	Stimulus/S  1	1	9643089	9643097	27	5	30	pips_l40_r400_500-8000.hdf5	right	left
965.3649	1	Stimulus/S  1	1	9653649	9653657	28	0	20	pips_l40_r400_500-8000.hdf5	right	left
966.4315	1	Stimulus/S  1	1	9664315	9664323	28	1	40	pips_l40_r400_500-8000.hdf5	right	left
967.4769	1	Stimulus/S  1	1	9674769	9674777	28	2	60	pips_l40_r400_500-8000.hdf5	right	left
968.5329	1	Stimulus/S  1	1	9685329	9685337	28	3	70	pips_l40_r400_500-8000.hdf5	right	left
969.5889	1	Stimulus/S  1	1	9695889	9695897	28	4	50	pips_l40_r400_500-8000.hdf5	right	left
970.6449	1	Stimulus/S  1	1	9706449	9706457	28	5	30	pips_l40_r400_500-8000.hdf5	right	left
971.6903	1	Stimulus/S  1	1	9716903	9716911	29	0	20	pips_l40_r400_500-8000.hdf5	right	left
972.7463	1	Stimulus/S  1	1	9727463	9727471	29	1	40	pips_l40_r400_500-8000.hdf5	right	left
973.7916	1	Stimulus/S  1	1	9737916	9737924	29	2	60	pips_l40_r400_500-8000.hdf5	right	left
974.8476	1	Stimulus/S  1	1	9748476	9748484	29	3	70	pips_l40_r400_500-8000.hdf5	right	left
975.9143	1	Stimulus/S  1	1	9759143	9759151	29	4	50	pips_l40_r400_500-8000.hdf5	right	left
976.981	1	Stimulus/S  1	1	9769810	9769818	29	5	30	pips_l40_r400_500-8000.hdf5	right	left
978.0477	1	Stimulus/S  1	1	9780477	9780485	30	0	20	pips_l40_r400_500-8000.hdf5	right	left
979.1143	1	Stimulus/S  1	1	9791143	9791151	30	1	40	pips_l40_r400_500-8000.hdf5	right	left
980.1597	1	Stimulus/S  1	1	9801597	9801605	30	2	60	pips_l40_r400_500-8000.hdf5	right	left
981.2157	1	Stimulus/S  1	1	9812157	9812165	30	3	70	pips_l40_r400_500-8000.hdf5	right	left
982.2824	1	Stimulus/S  1	1	9822824	9822832	30	4	50	pips_l40_r400_500-8000.hdf5	right	left
983.3277	1	Stimulus/S  1	1	9833277	9833285	30	5	30	pips_l40_r400_500-8000.hdf5	right	left
984.3944	1	Stimulus/S  1	1	9843944	9843952	31	0	20	pips_l40_r400_500-8000.hdf5	right	left
985.4397	1	Stimulus/S  1	1	9854397	9854405	31	1	40	pips_l40_r400_500-8000.hdf5	right	left
986.5064	1	Stimulus/S  1	1	9865064	9865072	31	2	60	pips_l40_r400_500-8000.hdf5	right	left
987.5624	1	Stimulus/S  1	1	9875624	9875632	31	3	70	pips_l40_r400_500-8000.hdf5	right	left
988.6078	1	Stimulus/S  1	1	9886078	9886086	31	4	50	pips_l40_r400_500-8000.hdf5	right	left
989.6638	1	Stimulus/S  1	1	9896638	9896646	31	5	30	pips_l40_r400_500-8000.hdf5	right	left
990.7091	1	Stimulus/S  1	1	9907091	9907099	32	0	20	pips_l40_r400_500-8000.hdf5	right	left
991.7758	1	Stimulus/S  1	1	9917758	9917766	32	1	40	pips_l40_r400_500-8000.hdf5	right	left
992.8318	1	Stimulus/S  1	1	9928318	9928326	32	2	60	pips_l40_r400_500-8000.hdf5	right	left
993.8985	1	Stimulus/S  1	1	9938985	9938993	32	3	70	pips_l40_r400_500-8000.hdf5	right	left
994.9438	1	Stimulus/S  1	1	9949438	9949446	32	4	50	pips_l40_r400_500-8000.hdf5	right	left
995.9998	1	Stimulus/S  1	1	9959998	9960006	32	5	30	pips_l40_r400_500-8000.hdf5	right	left
997.0665	1	Stimulus/S  1	1	9970665	9970673	33	0	20	pips_l40_r400_500-8000.hdf5	right	left
998.1119	1	Stimulus/S  1	1	9981119	9981127	33	1	40	pips_l40_r400_500-8000.hdf5	right	left
999.1572	1	Stimulus/S  1	1	9991572	9991580	33	2	60	pips_l40_r400_500-8000.hdf5	right	left
1000.2239	1	Stimulus/S  1	1	10002239	10002247	33	3	70	pips_l40_r400_500-8000.hdf5	right	left
1001.2905	1	Stimulus/S  1	1	10012905	10012913	33	4	50	pips_l40_r400_500-8000.hdf5	right	left
1002.3466	1	Stimulus/S  1	1	10023466	10023474	33	5	30	pips_l40_r400_500-8000.hdf5	right	left
1003.4132	1	Stimulus/S  1	1	10034132	10034140	34	0	20	pips_l40_r400_500-8000.hdf5	right	left
1004.4586	1	Stimulus/S  1	1	10044586	10044594	34	1	40	pips_l40_r400_500-8000.hdf5	right	left
1005.5253	1	Stimulus/S  1	1	10055253	10055261	34	2	60	pips_l40_r400_500-8000.hdf5	right	left
1006.5813	1	Stimulus/S  1	1	10065813	10065821	34	3	70	pips_l40_r400_500-8000.hdf5	right	left
1007.6479	1	Stimulus/S  1	1	10076479	10076487	34	4	50	pips_l40_r400_500-8000.hdf5	right	left
1008.6933	1	Stimulus/S  1	1	10086933	10086941	34	5	30	pips_l40_r400_500-8000.hdf5	right	left
1009.7493	1	Stimulus/S  1	1	10097493	10097501	35	0	20	pips_l40_r400_500-8000.hdf5	right	left
1010.816	1	Stimulus/S  1	1	10108160	10108168	35	1	40	pips_l40_r400_500-8000.hdf5	right	left
1011.8613	1	Stimulus/S  1	1	10118613	10118621	35	2	60	pips_l40_r400_500-8000.hdf5	right	left
1012.9067	1	Stimulus/S  1	1	10129067	10129075	35	3	70	pips_l40_r400_500-8000.hdf5	right	left
1013.9733	1	Stimulus/S  1	1	10139733	10139741	35	4	50	pips_l40_r400_500-8000.hdf5	right	left
1015.04	1	Stimulus/S  1	1	10150400	10150408	35	5	30	pips_l40_r400_500-8000.hdf5	right	left
1016.096	1	Stimulus/S  1	1	10160960	10160968	36	0	20	pips_l40_r400_500-8000.hdf5	right	left
1017.1414	1	Stimulus/S  1	1	10171414	10171422	36	1	40	pips_l40_r400_500-8000.hdf5	right	left
1018.208	1	Stimulus/S  1	1	10182080	10182088	36	2	60	pips_l40_r400_500-8000.hdf5	right	left
1019.2641	1	Stimulus/S  1	1	10192641	10192649	36	3	70	pips_l40_r400_500-8000.hdf5	right	left
1020.3307	1	Stimulus/S  1	1	10203307	10203315	36	4	50	pips_l40_r400_500-8000.hdf5	right	left
1021.3761	1	Stimulus/S  1	1	10213761	10213769	36	5	30	pips_l40_r400_500-8000.hdf5	right	left
1022.4321	1	Stimulus/S  1	1	10224321	10224329	37	0	20	pips_l40_r400_500-8000.hdf5	right	left
1023.4774	1	Stimulus/S  1	1	10234774	10234782	37	1	40	pips_l40_r400_500-8000.hdf5	right	left
1024.5334	1	Stimulus/S  1	1	10245334	10245342	37	2	60	pips_l40_r400_500-8000.hdf5	right	left
1025.6001	1	Stimulus/S  1	1	10256001	10256009	37	3	70	pips_l40_r400_500-8000.hdf5	right	left
1026.6668	1	Stimulus/S  1	1	10266668	10266676	37	4	50	pips_l40_r400_500-8000.hdf5	right	left
1027.7121	1	Stimulus/S  1	1	10277121	10277129	37	5	30	pips_l40_r400_500-8000.hdf5	right	left
1028.7788	1	Stimulus/S  1	1	10287788	10287796	38	0	20	pips_l40_r400_500-8000.hdf5	right	left
1029.8455	1	Stimulus/S  1	1	10298455	10298463	38	1	40	pips_l40_r400_500-8000.hdf5	right	left
1030.8908	1	Stimulus/S  1	1	10308908	10308916	38	2	60	pips_l40_r400_500-8000.hdf5	right	left
1031.9468	1	Stimulus/S  1	1	10319468	10319476	38	3	70	pips_l40_r400_500-8000.hdf5	right	left
1033.0135	1	Stimulus/S  1	1	10330135	10330143	38	4	50	pips_l40_r400_500-8000.hdf5	right	left
1034.0802	1	Stimulus/S  1	1	10340802	10340810	38	5	30	pips_l40_r400_500-8000.hdf5	right	left
1035.1469	1	Stimulus/S  1	1	10351469	10351477	39	0	20	pips_l40_r400_500-8000.hdf5	right	left
1036.1922	1	Stimulus/S  1	1	10361922	10361930	39	1	40	pips_l40_r400_500-8000.hdf5	right	left
1037.2482	1	Stimulus/S  1	1	10372482	10372490	39	2	60	pips_l40_r400_500-8000.hdf5	right	left
1038.3149	1	Stimulus/S  1	1	10383149	10383157	39	3	70	pips_l40_r400_500-8000.hdf5	right	left
1039.3602	1	Stimulus/S  1	1	10393602	10393610	39	4	50	pips_l40_r400_500-8000.hdf5	right	left
1040.4163	1	Stimulus/S  1	1	10404163	10404171	39	5	30	pips_l40_r400_500-8000.hdf5	right	left
1041.4829	1	Stimulus/S  1	1	10414829	10414837	40	0	20	pips_l40_r400_500-8000.hdf5	right	left
1042.5283	1	Stimulus/S  1	1	10425283	10425291	40	1	40	pips_l40_r400_500-8000.hdf5	right	left
1043.5843	1	Stimulus/S  1	1	10435843	10435851	40	2	60	pips_l40_r400_500-8000.hdf5	right	left
1044.651	1	Stimulus/S  1	1	10446510	10446518	40	3	70	pips_l40_r400_500-8000.hdf5	right	left
1045.6963	1	Stimulus/S  1	1	10456963	10456971	40	4	50	pips_l40_r400_500-8000.hdf5	right	left
1046.7416	1	Stimulus/S  1	1	10467416	10467424	40	5	30	pips_l40_r400_500-8000.hdf5	right	left
1047.7977	1	Stimulus/S  1	1	10477977	10477985	41	0	20	pips_l40_r400_500-8000.hdf5	right	left
1048.8643	1	Stimulus/S  1	1	10488643	10488651	41	1	40	pips_l40_r400_500-8000.hdf5	right	left
1049.9097	1	Stimulus/S  1	1	10499097	10499105	41	2	60	pips_l40_r400_500-8000.hdf5	right	left
1050.9657	1	Stimulus/S  1	1	10509657	10509665	41	3	70	pips_l40_r400_500-8000.hdf5	right	left
1052.0324	1	Stimulus/S  1	1	10520324	10520332	41	4	50	pips_l40_r400_500-8000.hdf5	right	left
1053.099	1	Stimulus/S  1	1	10530990	10530998	41	5	30	pips_l40_r400_500-8000.hdf5	right	left
1054.1657	1	Stimulus/S  1	1	10541657	10541665	42	0	20	pips_l40_r400_500-8000.hdf5	right	left
1055.2324	1	Stimulus/S  1	1	10552324	10552332	42	1	40	pips_l40_r400_500-8000.hdf5	right	left
1056.2991	1	Stimulus/S  1	1	10562991	10562999	42	2	60	pips_l40_r400_500-8000.hdf5	right	left
1057.3657	1	Stimulus/S  1	1	10573657	10573665	42	3	70	pips_l40_r400_500-8000.hdf5	right	left
1058.4324	1	Stimulus/S  1	1	10584324	10584332	42	4	50	pips_l40_r400_500-8000.hdf5	right	left
1059.4778	1	Stimulus/S  1	1	10594778	10594786	42	5	30	pips_l40_r400_500-8000.hdf5	right	left
1060.5338	1	Stimulus/S  1	1	10605338	10605346	43	0	20	pips_l40_r400_500-8000.hdf5	right	left
1061.6005	1	Stimulus/S  1	1	10616005	10616013	43	1	40	pips_l40_r400_500-8000.hdf5	right	left
1062.6671	1	Stimulus/S  1	1	10626671	10626679	43	2	60	pips_l40_r400_500-8000.hdf5	right	left
1063.7338	1	Stimulus/S  1	1	10637338	10637346	43	3	70	pips_l40_r400_500-8000.hdf5	right	left
1064.7792	1	Stimulus/S  1	1	10647792	10647800	43	4	50	pips_l40_r400_500-8000.hdf5	right	left
1065.8245	1	Stimulus/S  1	1	10658245	10658253	43	5	30	pips_l40_r400_500-8000.hdf5	right	left
1066.8805	1	Stimulus/S  1	1	10668805	10668813	44	0	20	pips_l40_r400_500-8000.hdf5	right	left
1067.9258	1	Stimulus/S  1	1	10679258	10679266	44	1	40	pips_l40_r400_500-8000.hdf5	right	left
1068.9819	1	Stimulus/S  1	1	10689819	10689827	44	2	60	pips_l40_r400_500-8000.hdf5	right	left
1070.0272	1	Stimulus/S  1	1	10700272	10700280	44	3	70	pips_l40_r400_500-8000.hdf5	right	left
1071.0832	1	Stimulus/S  1	1	10710832	10710840	44	4	50	pips_l40_r400_500-8000.hdf5	right	left
1072.1286	1	Stimulus/S  1	1	10721286	10721294	44	5	30	pips_l40_r400_500-8000.hdf5	right	left
1073.1846	1	Stimulus/S  1	1	10731846	10731854	45	0	20	pips_l40_r400_500-8000.hdf5	right	left
1074.2512	1	Stimulus/S  1	1	10742512	10742520	45	1	40	pips_l40_r400_500-8000.hdf5	right	left
1075.2966	1	Stimulus/S  1	1	10752966	10752974	45	2	60	pips_l40_r400_500-8000.hdf5	right	left
1076.3419	1	Stimulus/S  1	1	10763419	10763427	45	3	70	pips_l40_r400_500-8000.hdf5	right	left
1077.4086	1	Stimulus/S  1	1	10774086	10774094	45	4	50	pips_l40_r400_500-8000.hdf5	right	left
1078.4646	1	Stimulus/S  1	1	10784646	10784654	45	5	30	pips_l40_r400_500-8000.hdf5	right	left
1079.51	1	Stimulus/S  1	1	10795100	10795108	46	0	20	pips_l40_r400_500-8000.hdf5	right	left
1080.566	1	Stimulus/S  1	1	10805660	10805668	46	1	40	pips_l40_r400_500-8000.hdf5	right	left
1081.6326	1	Stimulus/S  1	1	10816326	10816334	46	2	60	pips_l40_r400_500-8000.hdf5	right	left
1082.6993	1	Stimulus/S  1	1	10826993	10827001	46	3	70	pips_l40_r400_500-8000.hdf5	right	left
1083.766	1	Stimulus/S  1	1	10837660	10837668	46	4	50	pips_l40_r400_500-8000.hdf5	right	left
1084.8113	1	Stimulus/S  1	1	10848113	10848121	46	5	30	pips_l40_r400_500-8000.hdf5	right	left
1085.8674	1	Stimulus/S  1	1	10858674	10858682	47	0	20	pips_l40_r400_500-8000.hdf5	right	left
1086.934	1	Stimulus/S  1	1	10869340	10869348	47	1	40	pips_l40_r400_500-8000.hdf5	right	left
1088.0007	1	Stimulus/S  1	1	10880007	10880015	47	2	60	pips_l40_r400_500-8000.hdf5	right	left
1089.0674	1	Stimulus/S  1	1	10890674	10890682	47	3	70	pips_l40_r400_500-8000.hdf5	right	left
1090.1127	1	Stimulus/S  1	1	10901127	10901135	47	4	50	pips_l40_r400_500-8000.hdf5	right	left
1091.1581	1	Stimulus/S  1	1	10911581	10911589	47	5	30	pips_l40_r400_500-8000.hdf5	right	left
1092.2141	1	Stimulus/S  1	1	10922141	10922149	48	0	20	pips_l40_r400_500-8000.hdf5	right	left
1093.2808	1	Stimulus/S  1	1	10932808	10932816	48	1	40	pips_l40_r400_500-8000.hdf5	right	left
1094.3474	1	Stimulus/S  1	1	10943474	10943482	48	2	60	pips_l40_r400_500-8000.hdf5	right	left
1095.3928	1	Stimulus/S  1	1	10953928	10953936	48	3	70	pips_l40_r400_500-8000.hdf5	right	left
1096.4488	1	Stimulus/S  1	1	10964488	10964496	48	4	50	pips_l40_r400_500-8000.hdf5	right	left
1097.4941	1	Stimulus/S  1	1	10974941	10974949	48	5	30	pips_l40_r400_500-8000.hdf5	right	left
1098.5608	1	Stimulus/S  1	1	10985608	10985616	49	0	20	pips_l40_r400_500-8000.hdf5	right	left
1099.6168	1	Stimulus/S  1	1	10996168	10996176	49	1	40	pips_l40_r400_500-8000.hdf5	right	left
1100.6622	1	Stimulus/S  1	1	11006622	11006630	49	2	60	pips_l40_r400_500-8000.hdf5	right	left
1101.7288	1	Stimulus/S  1	1	11017288	11017296	49	3	70	pips_l40_r400_500-8000.hdf5	right	left
1102.7955	1	Stimulus/S  1	1	11027955	11027963	49	4	50	pips_l40_r400_500-8000.hdf5	right	left
1103.8515	1	Stimulus/S  1	1	11038515	11038523	49	5	30	pips_l40_r400_500-8000.hdf5	right	left
1104.8969	1	Stimulus/S  1	1	11048969	11048977	50	0	20	pips_l40_r400_500-8000.hdf5	right	left
1105.9422	1	Stimulus/S  1	1	11059422	11059430	50	1	40	pips_l40_r400_500-8000.hdf5	right	left
1107.0089	1	Stimulus/S  1	1	11070089	11070097	50	2	60	pips_l40_r400_500-8000.hdf5	right	left
1108.0756	1	Stimulus/S  1	1	11080756	11080764	50	3	70	pips_l40_r400_500-8000.hdf5	right	left
1109.1316	1	Stimulus/S  1	1	11091316	11091324	50	4	50	pips_l40_r400_500-8000.hdf5	right	left
1110.1769	1	Stimulus/S  1	1	11101769	11101777	50	5	30	pips_l40_r400_500-8000.hdf5	right	left
1111.2329	1	Stimulus/S  1	1	11112329	11112337	51	0	20	pips_l40_r400_500-8000.hdf5	right	left
1112.2783	1	Stimulus/S  1	1	11122783	11122791	51	1	40	pips_l40_r400_500-8000.hdf5	right	left
1113.3343	1	Stimulus/S  1	1	11133343	11133351	51	2	60	pips_l40_r400_500-8000.hdf5	right	left
1114.3796	1	Stimulus/S  1	1	11143796	11143804	51	3	70	pips_l40_r400_500-8000.hdf5	right	left
1115.4356	1	Stimulus/S  1	1	11154356	11154364	51	4	50	pips_l40_r400_500-8000.hdf5	right	left
1116.5023	1	Stimulus/S  1	1	11165023	11165031	51	5	30	pips_l40_r400_500-8000.hdf5	right	left
1117.569	1	Stimulus/S  1	1	11175690	11175698	52	0	20	pips_l40_r400_500-8000.hdf5	right	left
1118.6143	1	Stimulus/S  1	1	11186143	11186151	52	1	40	pips_l40_r400_500-8000.hdf5	right	left
1119.6597	1	Stimulus/S  1	1	11196597	11196605	52	2	60	pips_l40_r400_500-8000.hdf5	right	left
1120.7264	1	Stimulus/S  1	1	11207264	11207272	52	3	70	pips_l40_r400_500-8000.hdf5	right	left
1121.7824	1	Stimulus/S  1	1	11217824	11217832	52	4	50	pips_l40_r400_500-8000.hdf5	right	left
1122.8277	1	Stimulus/S  1	1	11228277	11228285	52	5	30	pips_l40_r400_500-8000.hdf5	right	left
1123.8944	1	Stimulus/S  1	1	11238944	11238952	53	0	20	pips_l40_r400_500-8000.hdf5	right	left
1124.9611	1	Stimulus/S  1	1	11249611	11249619	53	1	40	pips_l40_r400_500-8000.hdf5	right	left
1126.0171	1	Stimulus/S  1	1	11260171	11260179	53	2	60	pips_l40_r400_500-8000.hdf5	right	left
1127.0624	1	Stimulus/S  1	1	11270624	11270632	53	3	70	pips_l40_r400_500-8000.hdf5	right	left
1128.1291	1	Stimulus/S  1	1	11281291	11281299	53	4	50	pips_l40_r400_500-8000.hdf5	right	left
1129.1851	1	Stimulus/S  1	1	11291851	11291859	53	5	30	pips_l40_r400_500-8000.hdf5	right	left
1130.2304	1	Stimulus/S  1	1	11302304	11302312	54	0	20	pips_l40_r400_500-8000.hdf5	right	left
1131.2758	1	Stimulus/S  1	1	11312758	11312766	54	1	40	pips_l40_r400_500-8000.hdf5	right	left
1132.3425	1	Stimulus/S  1	1	11323425	11323433	54	2	60	pips_l40_r400_500-8000.hdf5	right	left
1133.3985	1	Stimulus/S  1	1	11333985	11333993	54	3	70	pips_l40_r400_500-8000.hdf5	right	left
1134.4438	1	Stimulus/S  1	1	11344438	11344446	54	4	50	pips_l40_r400_500-8000.hdf5	right	left
1135.5105	1	Stimulus/S  1	1	11355105	11355113	54	5	30	pips_l40_r400_500-8000.hdf5	right	left
1136.5772	1	Stimulus/S  1	1	11365772	11365780	55	0	20	pips_l40_r400_500-8000.hdf5	right	left
1137.6438	1	Stimulus/S  1	1	11376438	11376446	55	1	40	pips_l40_r400_500-8000.hdf5	right	left
1138.6999	1	Stimulus/S  1	1	11386999	11387007	55	2	60	pips_l40_r400_500-8000.hdf5	right	left
1139.7452	1	Stimulus/S  1	1	11397452	11397460	55	3	70	pips_l40_r400_500-8000.hdf5	right	left
1140.8119	1	Stimulus/S  1	1	11408119	11408127	55	4	50	pips_l40_r400_500-8000.hdf5	right	left
1141.8786	1	Stimulus/S  1	1	11418786	11418794	55	5	30	pips_l40_r400_500-8000.hdf5	right	left
1142.9346	1	Stimulus/S  1	1	11429346	11429354	56	0	20	pips_l40_r400_500-8000.hdf5	right	left
1143.9799	1	Stimulus/S  1	1	11439799	11439807	56	1	40	pips_l40_r400_500-8000.hdf5	right	left
1145.0466	1	Stimulus/S  1	1	11450466	11450474	56	2	60	pips_l40_r400_500-8000.hdf5	right	left
1146.1026	1	Stimulus/S  1	1	11461026	11461034	56	3	70	pips_l40_r400_500-8000.hdf5	right	left
1147.1479	1	Stimulus/S  1	1	11471479	11471487	56	4	50	pips_l40_r400_500-8000.hdf5	right	left
1148.1933	1	Stimulus/S  1	1	11481933	11481941	56	5	30	pips_l40_r400_500-8000.hdf5	right	left
1149.2493	1	Stimulus/S  1	1	11492493	11492501	57	0	20	pips_l40_r400_500-8000.hdf5	right	left
1150.2946	1	Stimulus/S  1	1	11502946	11502954	57	1	40	pips_l40_r400_500-8000.hdf5	right	left
1151.3506	1	Stimulus/S  1	1	11513506	11513514	57	2	60	pips_l40_r400_500-8000.hdf5	right	left
1152.4173	1	Stimulus/S  1	1	11524173	11524181	57	3	70	pips_l40_r400_500-8000.hdf5	right	left
1153.484	1	Stimulus/S  1	1	11534840	11534848	57	4	50	pips_l40_r400_500-8000.hdf5	right	left
1154.5507	1	Stimulus/S  1	1	11545507	11545515	57	5	30	pips_l40_r400_500-8000.hdf5	right	left
1155.6174	1	Stimulus/S  1	1	11556174	11556182	58	0	20	pips_l40_r400_500-8000.hdf5	right	left
1156.684	1	Stimulus/S  1	1	11566840	11566848	58	1	40	pips_l40_r400_500-8000.hdf5	right	left
1157.7507	1	Stimulus/S  1	1	11577507	11577515	58	2	60	pips_l40_r400_500-8000.hdf5	right	left
1158.796	1	Stimulus/S  1	1	11587960	11587968	58	3	70	pips_l40_r400_500-8000.hdf5	right	left
1159.8521	1	Stimulus/S  1	1	11598521	11598529	58	4	50	pips_l40_r400_500-8000.hdf5	right	left
1160.8974	1	Stimulus/S  1	1	11608974	11608982	58	5	30	pips_l40_r400_500-8000.hdf5	right	left
1161.9427	1	Stimulus/S  1	1	11619427	11619435	59	0	20	pips_l40_r400_500-8000.hdf5	right	left
1162.9988	1	Stimulus/S  1	1	11629988	11629996	59	1	40	pips_l40_r400_500-8000.hdf5	right	left
1164.0654	1	Stimulus/S  1	1	11640654	11640662	59	2	60	pips_l40_r400_500-8000.hdf5	right	left
1165.1321	1	Stimulus/S  1	1	11651321	11651329	59	3	70	pips_l40_r400_500-8000.hdf5	right	left
1166.1775	1	Stimulus/S  1	1	11661775	11661783	59	4	50	pips_l40_r400_500-8000.hdf5	right	left
1167.2335	1	Stimulus/S  1	1	11672335	11672343	59	5	30	pips_l40_r400_500-8000.hdf5	right	left
1168.3001	1	Stimulus/S  1	1	11683001	11683009	60	0	20	pips_l40_r400_500-8000.hdf5	right	left
1169.3668	1	Stimulus/S  1	1	11693668	11693676	60	1	40	pips_l40_r400_500-8000.hdf5	right	left
1170.4335	1	Stimulus/S  1	1	11704335	11704343	60	2	60	pips_l40_r400_500-8000.hdf5	right	left
1171.4788	1	Stimulus/S  1	1	11714788	11714796	60	3	70	pips_l40_r400_500-8000.hdf5	right	left
1172.5348	1	Stimulus/S  1	1	11725348	11725356	60	4	50	pips_l40_r400_500-8000.hdf5	right	left
1173.5802	1	Stimulus/S  1	1	11735802	11735810	60	5	30	pips_l40_r400_500-8000.hdf5	right	left
1174.6469	1	Stimulus/S  1	1	11746469	11746477	61	0	20	pips_l40_r400_500-8000.hdf5	right	left
1175.7135	1	Stimulus/S  1	1	11757135	11757143	61	1	40	pips_l40_r400_500-8000.hdf5	right	left
1176.7696	1	Stimulus/S  1	1	11767696	11767704	61	2	60	pips_l40_r400_500-8000.hdf5	right	left
1177.8149	1	Stimulus/S  1	1	11778149	11778157	61	3	70	pips_l40_r400_500-8000.hdf5	right	left
1178.8816	1	Stimulus/S  1	1	11788816	11788824	61	4	50	pips_l40_r400_500-8000.hdf5	right	left
1179.9269	1	Stimulus/S  1	1	11799269	11799277	61	5	30	pips_l40_r400_500-8000.hdf5	right	left
1180.9936	1	Stimulus/S  1	1	11809936	11809944	62	0	20	pips_l40_r400_500-8000.hdf5	right	left
1182.0603	1	Stimulus/S  1	1	11820603	11820611	62	1	40	pips_l40_r400_500-8000.hdf5	right	left
1183.1269	1	Stimulus/S  1	1	11831269	11831277	62	2	60	pips_l40_r400_500-8000.hdf5	right	left
1184.183	1	Stimulus/S  1	1	11841830	11841838	62	3	70	pips_l40_r400_500-8000.hdf5	right	left
1185.2283	1	Stimulus/S  1	1	11852283	11852291	62	4	50	pips_l40_r400_500-8000.hdf5	right	left
1186.2843	1	Stimulus/S  1	1	11862843	11862851	62	5	30	pips_l40_r400_500-8000.hdf5	right	left
1187.351	1	Stimulus/S  1	1	11873510	11873518	63	0	20	pips_l40_r400_500-8000.hdf5	right	left
1188.4177	1	Stimulus/S  1	1	11884177	11884185	63	1	40	pips_l40_r400_500-8000.hdf5	right	left
1189.463	1	Stimulus/S  1	1	11894630	11894638	63	2	60	pips_l40_r400_500-8000.hdf5	right	left
1190.5297	1	Stimulus/S  1	1	11905297	11905305	63	3	70	pips_l40_r400_500-8000.hdf5	right	left
1191.5964	1	Stimulus/S  1	1	11915964	11915972	63	4	50	pips_l40_r400_500-8000.hdf5	right	left
1192.6524	1	Stimulus/S  1	1	11926524	11926532	63	5	30	pips_l40_r400_500-8000.hdf5	right	left
1193.6977	1	Stimulus/S  1	1	11936977	11936985	64	0	20	pips_l40_r400_500-8000.hdf5	right	left
1194.7431	1	Stimulus/S  1	1	11947431	11947439	64	1	40	pips_l40_r400_500-8000.hdf5	right	left
1195.7991	1	Stimulus/S  1	1	11957991	11957999	64	2	60	pips_l40_r400_500-8000.hdf5	right	left
1196.8657	1	Stimulus/S  1	1	11968657	11968665	64	3	70	pips_l40_r400_500-8000.hdf5	right	left
1197.9111	1	Stimulus/S  1	1	11979111	11979119	64	4	50	pips_l40_r400_500-8000.hdf5	right	left
1198.9671	1	Stimulus/S  1	1	11989671	11989679	64	5	30	pips_l40_r400_500-8000.hdf5	right	left
1200.0124	1	Stimulus/S  1	1	12000124	12000132	65	0	20	pips_l40_r400_500-8000.hdf5	right	left
1201.0791	1	Stimulus/S  1	1	12010791	12010799	65	1	40	pips_l40_r400_500-8000.hdf5	right	left
1202.1351	1	Stimulus/S  1	1	12021351	12021359	65	2	60	pips_l40_r400_500-8000.hdf5	right	left
1203.1805	1	Stimulus/S  1	1	12031805	12031813	65	3	70	pips_l40_r400_500-8000.hdf5	right	left
1204.2471	1	Stimulus/S  1	1	12042471	12042479	65	4	50	pips_l40_r400_500-8000.hdf5	right	left
1205.3138	1	Stimulus/S  1	1	12053138	12053146	65	5	30	pips_l40_r400_500-8000.hdf5	right	left
1206.3698	1	Stimulus/S  1	1	12063698	12063706	66	0	20	pips_l40_r400_500-8000.hdf5	right	left
1207.4152	1	Stimulus/S  1	1	12074152	12074160	66	1	40	pips_l40_r400_500-8000.hdf5	right	left
1208.4605	1	Stimulus/S  1	1	12084605	12084613	66	2	60	pips_l40_r400_500-8000.hdf5	right	left
1209.5165	1	Stimulus/S  1	1	12095165	12095173	66	3	70	pips_l40_r400_500-8000.hdf5	right	left
1210.5832	1	Stimulus/S  1	1	12105832	12105840	66	4	50	pips_l40_r400_500-8000.hdf5	right	left
1211.6499	1	Stimulus/S  1	1	12116499	12116507	66	5	30	pips_l40_r400_500-8000.hdf5	right	left
1212.6952	1	Stimulus/S  1	1	12126952	12126960	67	0	20	pips_l40_r400_500-8000.hdf5	right	left
1213.7512	1	Stimulus/S  1	1	12137512	12137520	67	1	40	pips_l40_r400_500-8000.hdf5	right	left
1214.8179	1	Stimulus/S  1	1	12148179	12148187	67	2	60	pips_l40_r400_500-8000.hdf5	right	left
1215.8846	1	Stimulus/S  1	1	12158846	12158854	67	3	70	pips_l40_r400_500-8000.hdf5	right	left
1216.9299	1	Stimulus/S  1	1	12169299	12169307	67	4	50	pips_l40_r400_500-8000.hdf5	right	left
1217.9859	1	Stimulus/S  1	1	12179859	12179867	67	5	30	pips_l40_r400_500-8000.hdf5	right	left
1219.0313	1	Stimulus/S  1	1	12190313	12190321	68	0	20	pips_l40_r400_500-8000.hdf5	right	left
1220.0766	1	Stimulus/S  1	1	12200766	12200774	68	1	40	pips_l40_r400_500-8000.hdf5	right	left
1221.1326	1	Stimulus/S  1	1	12211326	12211334	68	2	60	pips_l40_r400_500-8000.hdf5	right	left
1222.178	1	Stimulus/S  1	1	12221780	12221788	68	3	70	pips_l40_r400_500-8000.hdf5	right	left
1223.234	1	Stimulus/S  1	1	12232340	12232348	68	4	50	pips_l40_r400_500-8000.hdf5	right	left
1224.3007	1	Stimulus/S  1	1	12243007	12243015	68	5	30	pips_l40_r400_500-8000.hdf5	right	left
1225.3673	1	Stimulus/S  1	1	12253673	12253681	69	0	20	pips_l40_r400_500-8000.hdf5	right	left
1226.4127	1	Stimulus/S  1	1	12264127	12264135	69	1	40	pips_l40_r400_500-8000.hdf5	right	left
1227.4687	1	Stimulus/S  1	1	12274687	12274695	69	2	60	pips_l40_r400_500-8000.hdf5	right	left
1228.5354	1	Stimulus/S  1	1	12285354	12285362	69	3	70	pips_l40_r400_500-8000.hdf5	right	left
1229.5807	1	Stimulus/S  1	1	12295807	12295815	69	4	50	pips_l40_r400_500-8000.hdf5	right	left
1230.6367	1	Stimulus/S  1	1	12306367	12306375	69	5	30	pips_l40_r400_500-8000.hdf5	right	left
1231.6821	1	Stimulus/S  1	1	12316821	12316829	70	0	20	pips_l40_r400_500-8000.hdf5	right	left
1232.7488	1	Stimulus/S  1	1	12327488	12327496	70	1	40	pips_l40_r400_500-8000.hdf5	right	left
1233.8048	1	Stimulus/S  1	1	12338048	12338056	70	2	60	pips_l40_r400_500-8000.hdf5	right	left
1234.8501	1	Stimulus/S  1	1	12348501	12348509	70	3	70	pips_l40_r400_500-8000.hdf5	right	left
1235.9168	1	Stimulus/S  1	1	12359168	12359176	70	4	50	pips_l40_r400_500-8000.hdf5	right	left
1236.9835	1	Stimulus/S  1	1	12369835	12369843	70	5	30	pips_l40_r400_500-8000.hdf5	right	left
1238.0501	1	Stimulus/S  1	1	12380501	12380509	71	0	20	pips_l40_r400_500-8000.hdf5	right	left
1239.0955	1	Stimulus/S  1	1	12390955	12390963	71	1	40	pips_l40_r400_500-8000.hdf5	right	left
1240.1515	1	Stimulus/S  1	1	12401515	12401523	71	2	60	pips_l40_r400_500-8000.hdf5	right	left
1241.1968	1	Stimulus/S  1	1	12411968	12411976	71	3	70	pips_l40_r400_500-8000.hdf5	right	left
1242.2635	1	Stimulus/S  1	1	12422635	12422643	71	4	50	pips_l40_r400_500-8000.hdf5	right	left
1243.3195	1	Stimulus/S  1	1	12433195	12433203	71	5	30	pips_l40_r400_500-8000.hdf5	right	left
1244.3649	1	Stimulus/S  1	1	12443649	12443657	72	0	20	pips_l40_r400_500-8000.hdf5	right	left
1245.4209	1	Stimulus/S  1	1	12454209	12454217	72	1	40	pips_l40_r400_500-8000.hdf5	right	left
1246.4662	1	Stimulus/S  1	1	12464662	12464670	72	2	60	pips_l40_r400_500-8000.hdf5	right	left
1247.5116	1	Stimulus/S  1	1	12475116	12475124	72	3	70	pips_l40_r400_500-8000.hdf5	right	left
1248.5676	1	Stimulus/S  1	1	12485676	12485684	72	4	50	pips_l40_r400_500-8000.hdf5	right	left
1249.6342	1	Stimulus/S  1	1	12496342	12496350	72	5	30	pips_l40_r400_500-8000.hdf5	right	left
1250.7009	1	Stimulus/S  1	1	12507009	12507017	73	0	20	pips_l40_r400_500-8000.hdf5	right	left
1251.7676	1	Stimulus/S  1	1	12517676	12517684	73	1	40	pips_l40_r400_500-8000.hdf5	right	left
1252.8343	1	Stimulus/S  1	1	12528343	12528351	73	2	60	pips_l40_r400_500-8000.hdf5	right	left
1253.901	1	Stimulus/S  1	1	12539010	12539018	73	3	70	pips_l40_r400_500-8000.hdf5	right	left
1254.9676	1	Stimulus/S  1	1	12549676	12549684	73	4	50	pips_l40_r400_500-8000.hdf5	right	left
1256.013	1	Stimulus/S  1	1	12560130	12560138	73	5	30	pips_l40_r400_500-8000.hdf5	right	left
1257.069	1	Stimulus/S  1	1	12570690	12570698	74	0	20	pips_l40_r400_500-8000.hdf5	right	left
1258.1143	1	Stimulus/S  1	1	12581143	12581151	74	1	40	pips_l40_r400_500-8000.hdf5	right	left
1259.1703	1	Stimulus/S  1	1	12591703	12591711	74	2	60	pips_l40_r400_500-8000.hdf5	right	left
1260.237	1	Stimulus/S  1	1	12602370	12602378	74	3	70	pips_l40_r400_500-8000.hdf5	right	left
1261.3037	1	Stimulus/S  1	1	12613037	12613045	74	4	50	pips_l40_r400_500-8000.hdf5	right	left
1262.3704	1	Stimulus/S  1	1	12623704	12623712	74	5	30	pips_l40_r400_500-8000.hdf5	right	left
1263.4157	1	Stimulus/S  1	1	12634157	12634165	75	0	20	pips_l40_r400_500-8000.hdf5	right	left
1264.4611	1	Stimulus/S  1	1	12644611	12644619	75	1	40	pips_l40_r400_500-8000.hdf5	right	left
1265.5171	1	Stimulus/S  1	1	12655171	12655179	75	2	60	pips_l40_r400_500-8000.hdf5	right	left
1266.5837	1	Stimulus/S  1	1	12665837	12665845	75	3	70	pips_l40_r400_500-8000.hdf5	right	left
1267.6504	1	Stimulus/S  1	1	12676504	12676512	75	4	50	pips_l40_r400_500-8000.hdf5	right	left
1268.7171	1	Stimulus/S  1	1	12687171	12687179	75	5	30	pips_l40_r400_500-8000.hdf5	right	left
1269.7838	1	Stimulus/S  1	1	12697838	12697846	76	0	20	pips_l40_r400_500-8000.hdf5	right	left
1270.8291	1	Stimulus/S  1	1	12708291	12708299	76	1	40	pips_l40_r400_500-8000.hdf5	right	left
1271.8851	1	Stimulus/S  1	1	12718851	12718859	76	2	60	pips_l40_r400_500-8000.hdf5	right	left
1272.9305	1	Stimulus/S  1	1	12729305	12729313	76	3	70	pips_l40_r400_500-8000.hdf5	right	left
1273.9865	1	Stimulus/S  1	1	12739865	12739873	76	4	50	pips_l40_r400_500-8000.hdf5	right	left
1275.0532	1	Stimulus/S  1	1	12750532	12750540	76	5	30	pips_l40_r400_500-8000.hdf5	right	left
1276.0985	1	Stimulus/S  1	1	12760985	12760993	77	0	20	pips_l40_r400_500-8000.hdf5	right	left
1277.1545	1	Stimulus/S  1	1	12771545	12771553	77	1	40	pips_l40_r400_500-8000.hdf5	right	left
1278.1999	1	Stimulus/S  1	1	12781999	12782007	77	2	60	pips_l40_r400_500-8000.hdf5	right	left
1279.2452	1	Stimulus/S  1	1	12792452	12792460	77	3	70	pips_l40_r400_500-8000.hdf5	right	left
1280.3012	1	Stimulus/S  1	1	12803012	12803020	77	4	50	pips_l40_r400_500-8000.hdf5	right	left
1281.3679	1	Stimulus/S  1	1	12813679	12813687	77	5	30	pips_l40_r400_500-8000.hdf5	right	left
1282.4346	1	Stimulus/S  1	1	12824346	12824354	78	0	20	pips_l40_r400_500-8000.hdf5	right	left
1283.5012	1	Stimulus/S  1	1	12835012	12835020	78	1	40	pips_l40_r400_500-8000.hdf5	right	left
1284.5466	1	Stimulus/S  1	1	12845466	12845474	78	2	60	pips_l40_r400_500-8000.hdf5	right	left
1285.6026	1	Stimulus/S  1	1	12856026	12856034	78	3	70	pips_l40_r400_500-8000.hdf5	right	left
1286.6479	1	Stimulus/S  1	1	12866479	12866487	78	4	50	pips_l40_r400_500-8000.hdf5	right	left
1287.7146	1	Stimulus/S  1	1	12877146	12877154	78	5	30	pips_l40_r400_500-8000.hdf5	right	left
1288.7706	1	Stimulus/S  1	1	12887706	12887714	79	0	20	pips_l40_r400_500-8000.hdf5	right	left
1289.816	1	Stimulus/S  1	1	12898160	12898168	79	1	40	pips_l40_r400_500-8000.hdf5	right	left
1290.872	1	Stimulus/S  1	1	12908720	12908728	79	2	60	pips_l40_r400_500-8000.hdf5	right	left
1291.9386	1	Stimulus/S  1	1	12919386	12919394	79	3	70	pips_l40_r400_500-8000.hdf5	right	left
1292.984	1	Stimulus/S  1	1	12929840	12929848	79	4	50	pips_l40_r400_500-8000.hdf5	right	left
1294.0293	1	Stimulus/S  1	1	12940293	12940301	79	5	30	pips_l40_r400_500-8000.hdf5	right	left
1295.0853	1	Stimulus/S  1	1	12950853	12950861	80	0	20	pips_l40_r400_500-8000.hdf5	right	left
1296.1307	1	Stimulus/S  1	1	12961307	12961315	80	1	40	pips_l40_r400_500-8000.hdf5	right	left
1297.1867	1	Stimulus/S  1	1	12971867	12971875	80	2	60	pips_l40_r400_500-8000.hdf5	right	left
1298.2534	1	Stimulus/S  1	1	12982534	12982542	80	3	70	pips_l40_r400_500-8000.hdf5	right	left
1299.2987	1	Stimulus/S  1	1	12992987	12992995	80	4	50	pips_l40_r400_500-8000.hdf5	right	left
1300.3547	1	Stimulus/S  1	1	13003547	13003555	80	5	30	pips_l40_r400_500-8000.hdf5	right	left
1301.4001	1	Stimulus/S  1	1	13014001	13014009	81	0	20	pips_l40_r400_500-8000.hdf5	right	left
1302.4454	1	Stimulus/S  1	1	13024454	13024462	81	1	40	pips_l40_r400_500-8000.hdf5	right	left
1303.5121	1	Stimulus/S  1	1	13035121	13035129	81	2	60	pips_l40_r400_500-8000.hdf5	right	left
1304.5788	1	Stimulus/S  1	1	13045788	13045796	81	3	70	pips_l40_r400_500-8000.hdf5	right	left
1305.6454	1	Stimulus/S  1	1	13056454	13056462	81	4	50	pips_l40_r400_500-8000.hdf5	right	left
1306.7121	1	Stimulus/S  1	1	13067121	13067129	81	5	30	pips_l40_r400_500-8000.hdf5	right	left
1307.7788	1	Stimulus/S  1	1	13077788	13077796	82	0	20	pips_l40_r400_500-8000.hdf5	right	left
1308.8348	1	Stimulus/S  1	1	13088348	13088356	82	1	40	pips_l40_r400_500-8000.hdf5	right	left
1309.8802	1	Stimulus/S  1	1	13098802	13098810	82	2	60	pips_l40_r400_500-8000.hdf5	right	left
1310.9468	1	Stimulus/S  1	1	13109468	13109476	82	3	70	pips_l40_r400_500-8000.hdf5	right	left
1312.0135	1	Stimulus/S  1	1	13120135	13120143	82	4	50	pips_l40_r400_500-8000.hdf5	right	left
1313.0695	1	Stimulus/S  1	1	13130695	13130703	82	5	30	pips_l40_r400_500-8000.hdf5	right	left
1314.1149	1	Stimulus/S  1	1	13141149	13141157	83	0	20	pips_l40_r400_500-8000.hdf5	right	left
1315.1815	1	Stimulus/S  1	1	13151815	13151823	83	1	40	pips_l40_r400_500-8000.hdf5	right	left
1316.2482	1	Stimulus/S  1	1	13162482	13162490	83	2	60	pips_l40_r400_500-8000.hdf5	right	left
1317.3149	1	Stimulus/S  1	1	13173149	13173157	83	3	70	pips_l40_r400_500-8000.hdf5	right	left
1318.3709	1	Stimulus/S  1	1	13183709	13183717	83	4	50	pips_l40_r400_500-8000.hdf5	right	left
1319.4162	1	Stimulus/S  1	1	13194162	13194170	83	5	30	pips_l40_r400_500-8000.hdf5	right	left
1320.4829	1	Stimulus/S  1	1	13204829	13204837	84	0	20	pips_l40_r400_500-8000.hdf5	right	left
1321.5389	1	Stimulus/S  1	1	13215389	13215397	84	1	40	pips_l40_r400_500-8000.hdf5	right	left
1322.5843	1	Stimulus/S  1	1	13225843	13225851	84	2	60	pips_l40_r400_500-8000.hdf5	right	left
1323.651	1	Stimulus/S  1	1	13236510	13236518	84	3	70	pips_l40_r400_500-8000.hdf5	right	left
1324.6963	1	Stimulus/S  1	1	13246963	13246971	84	4	50	pips_l40_r400_500-8000.hdf5	right	left
1325.7523	1	Stimulus/S  1	1	13257523	13257531	84	5	30	pips_l40_r400_500-8000.hdf5	right	left
1326.819	1	Stimulus/S  1	1	13268190	13268198	85	0	20	pips_l40_r400_500-8000.hdf5	right	left
1327.8857	1	Stimulus/S  1	1	13278857	13278865	85	1	40	pips_l40_r400_500-8000.hdf5	right	left
1328.931	1	Stimulus/S  1	1	13289310	13289318	85	2	60	pips_l40_r400_500-8000.hdf5	right	left
1329.987	1	Stimulus/S  1	1	13299870	13299878	85	3	70	pips_l40_r400_500-8000.hdf5	right	left
1331.0537	1	Stimulus/S  1	1	13310537	13310545	85	4	50	pips_l40_r400_500-8000.hdf5	right	left
1332.1204	1	Stimulus/S  1	1	13321204	13321212	85	5	30	pips_l40_r400_500-8000.hdf5	right	left
1333.1657	1	Stimulus/S  1	1	13331657	13331665	86	0	20	pips_l40_r400_500-8000.hdf5	right	left
1334.2324	1	Stimulus/S  1	1	13342324	13342332	86	1	40	pips_l40_r400_500-8000.hdf5	right	left
1335.2884	1	Stimulus/S  1	1	13352884	13352892	86	2	60	pips_l40_r400_500-8000.hdf5	right	left
1336.3337	1	Stimulus/S  1	1	13363337	13363345	86	3	70	pips_l40_r400_500-8000.hdf5	right	left
1337.3791	1	Stimulus/S  1	1	13373791	13373799	86	4	50	pips_l40_r400_500-8000.hdf5	right	left
1338.4351	1	Stimulus/S  1	1	13384351	13384359	86	5	30	pips_l40_r400_500-8000.hdf5	right	left
1339.4804	1	Stimulus/S  1	1	13394804	13394812	87	0	20	pips_l40_r400_500-8000.hdf5	right	left
1340.5471	1	Stimulus/S  1	1	13405471	13405479	87	1	40	pips_l40_r400_500-8000.hdf5	right	left
1341.6138	1	Stimulus/S  1	1	13416138	13416146	87	2	60	pips_l40_r400_500-8000.hdf5	right	left
1342.6805	1	Stimulus/S  1	1	13426805	13426813	87	3	70	pips_l40_r400_500-8000.hdf5	right	left
1343.7365	1	Stimulus/S  1	1	13437365	13437373	87	4	50	pips_l40_r400_500-8000.hdf5	right	left
1344.8032	1	Stimulus/S  1	1	13448032	13448040	87	5	30	pips_l40_r400_500-8000.hdf5	right	left
1345.8485	1	Stimulus/S  1	1	13458485	13458493	88	0	20	pips_l40_r400_500-8000.hdf5	right	left
1346.9045	1	Stimulus/S  1	1	13469045	13469053	88	1	40	pips_l40_r400_500-8000.hdf5	right	left
1347.9712	1	Stimulus/S  1	1	13479712	13479720	88	2	60	pips_l40_r400_500-8000.hdf5	right	left
1349.0165	1	Stimulus/S  1	1	13490165	13490173	88	3	70	pips_l40_r400_500-8000.hdf5	right	left
1350.0725	1	Stimulus/S  1	1	13500725	13500733	88	4	50	pips_l40_r400_500-8000.hdf5	right	left
1351.1179	1	Stimulus/S  1	1	13511179	13511187	88	5	30	pips_l40_r400_500-8000.hdf5	right	left
1352.1632	1	Stimulus/S  1	1	13521632	13521640	89	0	20	pips_l40_r400_500-8000.hdf5	right	left
1353.2299	1	Stimulus/S  1	1	13532299	13532307	89	1	40	pips_l40_r400_500-8000.hdf5	right	left
1354.2966	1	Stimulus/S  1	1	13542966	13542974	89	2	60	pips_l40_r400_500-8000.hdf5	right	left
1355.3633	1	Stimulus/S  1	1	13553633	13553641	89	3	70	pips_l40_r400_500-8000.hdf5	right	left
1356.4299	1	Stimulus/S  1	1	13564299	13564307	89	4	50	pips_l40_r400_500-8000.hdf5	right	left
1357.4859	1	Stimulus/S  1	1	13574859	13574867	89	5	30	pips_l40_r400_500-8000.hdf5	right	left
1358.5313	1	Stimulus/S  1	1	13585313	13585321	90	0	20	pips_l40_r400_500-8000.hdf5	right	left
1359.5873	1	Stimulus/S  1	1	13595873	13595881	90	1	40	pips_l40_r400_500-8000.hdf5	right	left
1360.6326	1	Stimulus/S  1	1	13606326	13606334	90	2	60	pips_l40_r400_500-8000.hdf5	right	left
1361.6993	1	Stimulus/S  1	1	13616993	13617001	90	3	70	pips_l40_r400_500-8000.hdf5	right	left
1362.766	1	Stimulus/S  1	1	13627660	13627668	90	4	50	pips_l40_r400_500-8000.hdf5	right	left
1363.822	1	Stimulus/S  1	1	13638220	13638228	90	5	30	pips_l40_r400_500-8000.hdf5	right	left
1364.8673	1	Stimulus/S  1	1	13648673	13648681	91	0	20	pips_l40_r400_500-8000.hdf5	right	left
1365.9127	1	Stimulus/S  1	1	13659127	13659135	91	1	40	pips_l40_r400_500-8000.hdf5	right	left
1366.99	1	Stimulus/S  1	1	13669900	13669908	91	2	60	pips_l40_r400_500-8000.hdf5	right	left
1368.0567	1	Stimulus/S  1	1	13680567	13680575	91	3	70	pips_l40_r400_500-8000.hdf5	right	left
1369.1234	1	Stimulus/S  1	1	13691234	13691242	91	4	50	pips_l40_r400_500-8000.hdf5	right	left
1370.1687	1	Stimulus/S  1	1	13701687	13701695	91	5	30	pips_l40_r400_500-8000.hdf5	right	left
1371.2141	1	Stimulus/S  1	1	13712141	13712149	92	0	20	pips_l40_r400_500-8000.hdf5	right	left
1372.2807	1	Stimulus/S  1	1	13722807	13722815	92	1	40	pips_l40_r400_500-8000.hdf5	right	left
1373.3368	1	Stimulus/S  1	1	13733368	13733376	92	2	60	pips_l40_r400_500-8000.hdf5	right	left
1374.4034	1	Stimulus/S  1	1	13744034	13744042	92	3	70	pips_l40_r400_500-8000.hdf5	right	left
1375.4701	1	Stimulus/S  1	1	13754701	13754709	92	4	50	pips_l40_r400_500-8000.hdf5	right	left
1376.5155	1	Stimulus/S  1	1	13765155	13765163	92	5	30	pips_l40_r400_500-8000.hdf5	right	left
1377.5715	1	Stimulus/S  1	1	13775715	13775723	93	0	20	pips_l40_r400_500-8000.hdf5	right	left
1378.6168	1	Stimulus/S  1	1	13786168	13786176	93	1	40	pips_l40_r400_500-8000.hdf5	right	left
1379.6728	1	Stimulus/S  1	1	13796728	13796736	93	2	60	pips_l40_r400_500-8000.hdf5	right	left
1380.7182	1	Stimulus/S  1	1	13807182	13807190	93	3	70	pips_l40_r400_500-8000.hdf5	right	left
1381.7635	1	Stimulus/S  1	1	13817635	13817643	93	4	50	pips_l40_r400_500-8000.hdf5	right	left
1382.8195	1	Stimulus/S  1	1	13828195	13828203	93	5	30	pips_l40_r400_500-8000.hdf5	right	left
1383.8649	1	Stimulus/S  1	1	13838649	13838657	94	0	20	pips_l40_r400_500-8000.hdf5	right	left
1384.9209	1	Stimulus/S  1	1	13849209	13849217	94	1	40	pips_l40_r400_500-8000.hdf5	right	left
1385.9662	1	Stimulus/S  1	1	13859662	13859670	94	2	60	pips_l40_r400_500-8000.hdf5	right	left
1387.0222	1	Stimulus/S  1	1	13870222	13870230	94	3	70	pips_l40_r400_500-8000.hdf5	right	left
1388.0889	1	Stimulus/S  1	1	13880889	13880897	94	4	50	pips_l40_r400_500-8000.hdf5	right	left
1389.1342	1	Stimulus/S  1	1	13891342	13891350	94	5	30	pips_l40_r400_500-8000.hdf5	right	left
1390.1903	1	Stimulus/S  1	1	13901903	13901911	95	0	20	pips_l40_r400_500-8000.hdf5	right	left
1391.2569	1	Stimulus/S  1	1	13912569	13912577	95	1	40	pips_l40_r400_500-8000.hdf5	right	left
1392.3023	1	Stimulus/S  1	1	13923023	13923031	95	2	60	pips_l40_r400_500-8000.hdf5	right	left
1393.3476	1	Stimulus/S  1	1	13933476	13933484	95	3	70	pips_l40_r400_500-8000.hdf5	right	left
1394.4143	1	Stimulus/S  1	1	13944143	13944151	95	4	50	pips_l40_r400_500-8000.hdf5	right	left
1395.481	1	Stimulus/S  1	1	13954810	13954818	95	5	30	pips_l40_r400_500-8000.hdf5	right	left
1396.5476	1	Stimulus/S  1	1	13965476	13965484	96	0	20	pips_l40_r400_500-8000.hdf5	right	left
1397.6143	1	Stimulus/S  1	1	13976143	13976151	96	1	40	pips_l40_r400_500-8000.hdf5	right	left
1398.681	1	Stimulus/S  1	1	13986810	13986818	96	2	60	pips_l40_r400_500-8000.hdf5	right	left
1399.737	1	Stimulus/S  1	1	13997370	13997378	96	3	70	pips_l40_r400_500-8000.hdf5	right	left
1400.7824	1	Stimulus/S  1	1	14007824	14007832	96	4	50	pips_l40_r400_500-8000.hdf5	right	left
1401.849	1	Stimulus/S  1	1	14018490	14018498	96	5	30	pips_l40_r400_500-8000.hdf5	right	left
1402.905	1	Stimulus/S  1	1	14029050	14029058	97	0	20	pips_l40_r400_500-8000.hdf5	right	left
1403.9504	1	Stimulus/S  1	1	14039504	14039512	97	1	40	pips_l40_r400_500-8000.hdf5	right	left
1405.0171	1	Stimulus/S  1	1	14050171	14050179	97	2	60	pips_l40_r400_500-8000.hdf5	right	left
1406.0837	1	Stimulus/S  1	1	14060837	14060845	97	3	70	pips_l40_r400_500-8000.hdf5	right	left
1407.1504	1	Stimulus/S  1	1	14071504	14071512	97	4	50	pips_l40_r400_500-8000.hdf5	right	left
1408.2171	1	Stimulus/S  1	1	14082171	14082179	97	5	30	pips_l40_r400_500-8000.hdf5	right	left
1409.2838	1	Stimulus/S  1	1	14092838	14092846	98	0	20	pips_l40_r400_500-8000.hdf5	right	left
1410.3504	1	Stimulus/S  1	1	14103504	14103512	98	1	40	pips_l40_r400_500-8000.hdf5	right	left
1411.4171	1	Stimulus/S  1	1	14114171	14114179	98	2	60	pips_l40_r400_500-8000.hdf5	right	left
1412.4731	1	Stimulus/S  1	1	14124731	14124739	98	3	70	pips_l40_r400_500-8000.hdf5	right	left
1413.5185	1	Stimulus/S  1	1	14135185	14135193	98	4	50	pips_l40_r400_500-8000.hdf5	right	left
1414.5638	1	Stimulus/S  1	1	14145638	14145646	98	5	30	pips_l40_r400_500-8000.hdf5	right	left
1415.6198	1	Stimulus/S  1	1	14156198	14156206	99	0	20	pips_l40_r400_500-8000.hdf5	right	left
1416.6865	1	Stimulus/S  1	1	14166865	14166873	99	1	40	pips_l40_r400_500-8000.hdf5	right	left
1417.7532	1	Stimulus/S  1	1	14177532	14177540	99	2	60	pips_l40_r400_500-8000.hdf5	right	left
1418.8199	1	Stimulus/S  1	1	14188199	14188207	99	3	70	pips_l40_r400_500-8000.hdf5	right	left
1419.8652	1	Stimulus/S  1	1	14198652	14198660	99	4	50	pips_l40_r400_500-8000.hdf5	right	left
1420.9319	1	Stimulus/S  1	1	14209319	14209327	99	5	30	pips_l40_r400_500-8000.hdf5	right	left
1421.9879	1	Stimulus/S  1	1	14219879	14219887	100	0	20	pips_l40_r400_500-8000.hdf5	right	left
1423.0546	1	Stimulus/S  1	1	14230546	14230554	100	1	40	pips_l40_r400_500-8000.hdf5	right	left
1424.1212	1	Stimulus/S  1	1	14241212	14241220	100	2	60	pips_l40_r400_500-8000.hdf5	right	left
1425.1879	1	Stimulus/S  1	1	14251879	14251887	100	3	70	pips_l40_r400_500-8000.hdf5	right	left
1426.2546	1	Stimulus/S  1	1	14262546	14262554	100	4	50	pips_l40_r400_500-8000.hdf5	right	left
1427.3213	1	Stimulus/S  1	1	14273213	14273221	100	5	30	pips_l40_r400_500-8000.hdf5	right	left
1428.3666	1	Stimulus/S  1	1	14283666	14283674	101	0	20	pips_l40_r400_500-8000.hdf5	right	left
1429.4226	1	Stimulus/S  1	1	14294226	14294234	101	1	40	pips_l40_r400_500-8000.hdf5	right	left
1430.4893	1	Stimulus/S  1	1	14304893	14304901	101	2	60	pips_l40_r400_500-8000.hdf5	right	left
1431.556	1	Stimulus/S  1	1	14315560	14315568	101	3	70	pips_l40_r400_500-8000.hdf5	right	left
1432.6013	1	Stimulus/S  1	1	14326013	14326021	101	4	50	pips_l40_r400_500-8000.hdf5	right	left
1433.6573	1	Stimulus/S  1	1	14336573	14336581	101	5	30	pips_l40_r400_500-8000.hdf5	right	left
1434.724	1	Stimulus/S  1	1	14347240	14347248	102	0	20	pips_l40_r400_500-8000.hdf5	right	left
1435.7907	1	Stimulus/S  1	1	14357907	14357915	102	1	40	pips_l40_r400_500-8000.hdf5	right	left
1436.836	1	Stimulus/S  1	1	14368360	14368368	102	2	60	pips_l40_r400_500-8000.hdf5	right	left
1437.9027	1	Stimulus/S  1	1	14379027	14379035	102	3	70	pips_l40_r400_500-8000.hdf5	right	left
1438.9694	1	Stimulus/S  1	1	14389694	14389702	102	4	50	pips_l40_r400_500-8000.hdf5	right	left
1440.0361	1	Stimulus/S  1	1	14400361	14400369	102	5	30	pips_l40_r400_500-8000.hdf5	right	left
1441.0921	1	Stimulus/S  1	1	14410921	14410929	103	0	20	pips_l40_r400_500-8000.hdf5	right	left
1442.1481	1	Stimulus/S  1	1	14421481	14421489	103	1	40	pips_l40_r400_500-8000.hdf5	right	left
1443.2041	1	Stimulus/S  1	1	14432041	14432049	103	2	60	pips_l40_r400_500-8000.hdf5	right	left
1444.2494	1	Stimulus/S  1	1	14442494	14442502	103	3	70	pips_l40_r400_500-8000.hdf5	right	left
1445.3161	1	Stimulus/S  1	1	14453161	14453169	103	4	50	pips_l40_r400_500-8000.hdf5	right	left
1446.3828	1	Stimulus/S  1	1	14463828	14463836	103	5	30	pips_l40_r400_500-8000.hdf5	right	left
1447.4388	1	Stimulus/S  1	1	14474388	14474396	104	0	20	pips_l40_r400_500-8000.hdf5	right	left
1448.5055	1	Stimulus/S  1	1	14485055	14485063	104	1	40	pips_l40_r400_500-8000.hdf5	right	left
1449.5721	1	Stimulus/S  1	1	14495721	14495729	104	2	60	pips_l40_r400_500-8000.hdf5	right	left
1450.6388	1	Stimulus/S  1	1	14506388	14506396	104	3	70	pips_l40_r400_500-8000.hdf5	right	left
1451.6842	1	Stimulus/S  1	1	14516842	14516850	104	4	50	pips_l40_r400_500-8000.hdf5	right	left
1452.7402	1	Stimulus/S  1	1	14527402	14527410	104	5	30	pips_l40_r400_500-8000.hdf5	right	left
1453.8069	1	Stimulus/S  1	1	14538069	14538077	105	0	20	pips_l40_r400_500-8000.hdf5	right	left
1454.8735	1	Stimulus/S  1	1	14548735	14548743	105	1	40	pips_l40_r400_500-8000.hdf5	right	left
1455.9189	1	Stimulus/S  1	1	14559189	14559197	105	2	60	pips_l40_r400_500-8000.hdf5	right	left
1456.9856	1	Stimulus/S  1	1	14569856	14569864	105	3	70	pips_l40_r400_500-8000.hdf5	right	left
1458.0522	1	Stimulus/S  1	1	14580522	14580530	105	4	50	pips_l40_r400_500-8000.hdf5	right	left
1459.1082	1	Stimulus/S  1	1	14591082	14591090	105	5	30	pips_l40_r400_500-8000.hdf5	right	left
1460.1749	1	Stimulus/S  1	1	14601749	14601757	106	0	20	pips_l40_r400_500-8000.hdf5	right	left
1461.2203	1	Stimulus/S  1	1	14612203	14612211	106	1	40	pips_l40_r400_500-8000.hdf5	right	left
1462.2656	1	Stimulus/S  1	1	14622656	14622664	106	2	60	pips_l40_r400_500-8000.hdf5	right	left
1463.3216	1	Stimulus/S  1	1	14633216	14633224	106	3	70	pips_l40_r400_500-8000.hdf5	right	left
1464.367	1	Stimulus/S  1	1	14643670	14643678	106	4	50	pips_l40_r400_500-8000.hdf5	right	left
1465.423	1	Stimulus/S  1	1	14654230	14654238	106	5	30	pips_l40_r400_500-8000.hdf5	right	left
1466.4896	1	Stimulus/S  1	1	14664896	14664904	107	0	20	pips_l40_r400_500-8000.hdf5	right	left
1467.535	1	Stimulus/S  1	1	14675350	14675358	107	1	40	pips_l40_r400_500-8000.hdf5	right	left
1468.591	1	Stimulus/S  1	1	14685910	14685918	107	2	60	pips_l40_r400_500-8000.hdf5	right	left
1469.6577	1	Stimulus/S  1	1	14696577	14696585	107	3	70	pips_l40_r400_500-8000.hdf5	right	left
1470.703	1	Stimulus/S  1	1	14707030	14707038	107	4	50	pips_l40_r400_500-8000.hdf5	right	left
1471.7697	1	Stimulus/S  1	1	14717697	14717705	107	5	30	pips_l40_r400_500-8000.hdf5	right	left
1472.815	1	Stimulus/S  1	1	14728150	14728158	108	0	20	pips_l40_r400_500-8000.hdf5	right	left
1473.8817	1	Stimulus/S  1	1	14738817	14738825	108	1	40	pips_l40_r400_500-8000.hdf5	right	left
1474.9377	1	Stimulus/S  1	1	14749377	14749385	108	2	60	pips_l40_r400_500-8000.hdf5	right	left
1475.9831	1	Stimulus/S  1	1	14759831	14759839	108	3	70	pips_l40_r400_500-8000.hdf5	right	left
1477.0497	1	Stimulus/S  1	1	14770497	14770505	108	4	50	pips_l40_r400_500-8000.hdf5	right	left
1478.1164	1	Stimulus/S  1	1	14781164	14781172	108	5	30	pips_l40_r400_500-8000.hdf5	right	left
1479.1724	1	Stimulus/S  1	1	14791724	14791732	109	0	20	pips_l40_r400_500-8000.hdf5	right	left
1480.2178	1	Stimulus/S  1	1	14802178	14802186	109	1	40	pips_l40_r400_500-8000.hdf5	right	left
1481.2845	1	Stimulus/S  1	1	14812845	14812853	109	2	60	pips_l40_r400_500-8000.hdf5	right	left
1482.3405	1	Stimulus/S  1	1	14823405	14823413	109	3	70	pips_l40_r400_500-8000.hdf5	right	left
1483.4071	1	Stimulus/S  1	1	14834071	14834079	109	4	50	pips_l40_r400_500-8000.hdf5	right	left
1484.4738	1	Stimulus/S  1	1	14844738	14844746	109	5	30	pips_l40_r400_500-8000.hdf5	right	left
1485.5192	1	Stimulus/S  1	1	14855192	14855200	110	0	20	pips_l40_r400_500-8000.hdf5	right	left
1486.5645	1	Stimulus/S  1	1	14865645	14865653	110	1	40	pips_l40_r400_500-8000.hdf5	right	left
1487.6418	1	Stimulus/S  1	1	14876418	14876426	110	2	60	pips_l40_r400_500-8000.hdf5	right	left
1488.6872	1	Stimulus/S  1	1	14886872	14886880	110	3	70	pips_l40_r400_500-8000.hdf5	right	left
1489.7539	1	Stimulus/S  1	1	14897539	14897547	110	4	50	pips_l40_r400_500-8000.hdf5	right	left
1490.7992	1	Stimulus/S  1	1	14907992	14908000	110	5	30	pips_l40_r400_500-8000.hdf5	right	left
1491.8659	1	Stimulus/S  1	1	14918659	14918667	111	0	20	pips_l40_r400_500-8000.hdf5	right	left
1492.9326	1	Stimulus/S  1	1	14929326	14929334	111	1	40	pips_l40_r400_500-8000.hdf5	right	left
1493.9886	1	Stimulus/S  1	1	14939886	14939894	111	2	60	pips_l40_r400_500-8000.hdf5	right	left
1495.0339	1	Stimulus/S  1	1	14950339	14950347	111	3	70	pips_l40_r400_500-8000.hdf5	right	left
1496.0899	1	Stimulus/S  1	1	14960899	14960907	111	4	50	pips_l40_r400_500-8000.hdf5	right	left
1497.1566	1	Stimulus/S  1	1	14971566	14971574	111	5	30	pips_l40_r400_500-8000.hdf5	right	left
1498.2019	1	Stimulus/S  1	1	14982019	14982027	112	0	20	pips_l40_r400_500-8000.hdf5	right	left
1499.2686	1	Stimulus/S  1	1	14992686	14992694	112	1	40	pips_l40_r400_500-8000.hdf5	right	left
1500.3246	1	Stimulus/S  1	1	15003246	15003254	112	2	60	pips_l40_r400_500-8000.hdf5	right	left
1501.37	1	Stimulus/S  1	1	15013700	15013708	112	3	70	pips_l40_r400_500-8000.hdf5	right	left
1502.4367	1	Stimulus/S  1	1	15024367	15024375	112	4	50	pips_l40_r400_500-8000.hdf5	right	left
1503.482	1	Stimulus/S  1	1	15034820	15034828	112	5	30	pips_l40_r400_500-8000.hdf5	right	left
1504.538	1	Stimulus/S  1	1	15045380	15045388	113	0	20	pips_l40_r400_500-8000.hdf5	right	left
1505.5833	1	Stimulus/S  1	1	15055833	15055841	113	1	40	pips_l40_r400_500-8000.hdf5	right	left
1506.6394	1	Stimulus/S  1	1	15066394	15066402	113	2	60	pips_l40_r400_500-8000.hdf5	right	left
1507.706	1	Stimulus/S  1	1	15077060	15077068	113	3	70	pips_l40_r400_500-8000.hdf5	right	left
1508.7514	1	Stimulus/S  1	1	15087514	15087522	113	4	50	pips_l40_r400_500-8000.hdf5	right	left
1509.8181	1	Stimulus/S  1	1	15098181	15098189	113	5	30	pips_l40_r400_500-8000.hdf5	right	left
1510.8847	1	Stimulus/S  1	1	15108847	15108855	114	0	20	pips_l40_r400_500-8000.hdf5	right	left
1511.9407	1	Stimulus/S  1	1	15119407	15119415	114	1	40	pips_l40_r400_500-8000.hdf5	right	left
1512.9861	1	Stimulus/S  1	1	15129861	15129869	114	2	60	pips_l40_r400_500-8000.hdf5	right	left
1514.0528	1	Stimulus/S  1	1	15140528	15140536	114	3	70	pips_l40_r400_500-8000.hdf5	right	left
1515.1088	1	Stimulus/S  1	1	15151088	15151096	114	4	50	pips_l40_r400_500-8000.hdf5	right	left
1516.1541	1	Stimulus/S  1	1	15161541	15161549	114	5	30	pips_l40_r400_500-8000.hdf5	right	left
1517.2208	1	Stimulus/S  1	1	15172208	15172216	115	0	20	pips_l40_r400_500-8000.hdf5	right	left
1518.2661	1	Stimulus/S  1	1	15182661	15182669	115	1	40	pips_l40_r400_500-8000.hdf5	right	left
1519.3221	1	Stimulus/S  1	1	15193221	15193229	115	2	60	pips_l40_r400_500-8000.hdf5	right	left
1520.3675	1	Stimulus/S  1	1	15203675	15203683	115	3	70	pips_l40_r400_500-8000.hdf5	right	left
1521.4235	1	Stimulus/S  1	1	15214235	15214243	115	4	50	pips_l40_r400_500-8000.hdf5	right	left
1522.4902	1	Stimulus/S  1	1	15224902	15224910	115	5	30	pips_l40_r400_500-8000.hdf5	right	left
1523.5355	1	Stimulus/S  1	1	15235355	15235363	116	0	20	pips_l40_r400_500-8000.hdf5	right	left
1524.6022	1	Stimulus/S  1	1	15246022	15246030	116	1	40	pips_l40_r400_500-8000.hdf5	right	left
1525.6582	1	Stimulus/S  1	1	15256582	15256590	116	2	60	pips_l40_r400_500-8000.hdf5	right	left
1526.7249	1	Stimulus/S  1	1	15267249	15267257	116	3	70	pips_l40_r400_500-8000.hdf5	right	left
1527.7702	1	Stimulus/S  1	1	15277702	15277710	116	4	50	pips_l40_r400_500-8000.hdf5	right	left
1528.8156	1	Stimulus/S  1	1	15288156	15288164	116	5	30	pips_l40_r400_500-8000.hdf5	right	left
1529.8929	1	Stimulus/S  1	1	15298929	15298937	117	0	20	pips_l40_r400_500-8000.hdf5	right	left
1530.9383	1	Stimulus/S  1	1	15309383	15309391	117	1	40	pips_l40_r400_500-8000.hdf5	right	left
1531.9836	1	Stimulus/S  1	1	15319836	15319844	117	2	60	pips_l40_r400_500-8000.hdf5	right	left
1533.0396	1	Stimulus/S  1	1	15330396	15330404	117	3	70	pips_l40_r400_500-8000.hdf5	right	left
1534.1063	1	Stimulus/S  1	1	15341063	15341071	117	4	50	pips_l40_r400_500-8000.hdf5	right	left
1535.1516	1	Stimulus/S  1	1	15351516	15351524	117	5	30	pips_l40_r400_500-8000.hdf5	right	left
1536.2183	1	Stimulus/S  1	1	15362183	15362191	118	0	20	pips_l40_r400_500-8000.hdf5	right	left
1537.2743	1	Stimulus/S  1	1	15372743	15372751	118	1	40	pips_l40_r400_500-8000.hdf5	right	left
1538.341	1	Stimulus/S  1	1	15383410	15383418	118	2	60	pips_l40_r400_500-8000.hdf5	right	left
1539.3863	1	Stimulus/S  1	1	15393863	15393871	118	3	70	pips_l40_r400_500-8000.hdf5	right	left
1540.453	1	Stimulus/S  1	1	15404530	15404538	118	4	50	pips_l40_r400_500-8000.hdf5	right	left
1541.509	1	Stimulus/S  1	1	15415090	15415098	118	5	30	pips_l40_r400_500-8000.hdf5	right	left
1542.5757	1	Stimulus/S  1	1	15425757	15425765	119	0	20	pips_l40_r400_500-8000.hdf5	right	left
1543.621	1	Stimulus/S  1	1	15436210	15436218	119	1	40	pips_l40_r400_500-8000.hdf5	right	left
1544.6664	1	Stimulus/S  1	1	15446664	15446672	119	2	60	pips_l40_r400_500-8000.hdf5	right	left
1545.7331	1	Stimulus/S  1	1	15457331	15457339	119	3	70	pips_l40_r400_500-8000.hdf5	right	left
1546.7891	1	Stimulus/S  1	1	15467891	15467899	119	4	50	pips_l40_r400_500-8000.hdf5	right	left
1547.8558	1	Stimulus/S  1	1	15478558	15478566	119	5	30	pips_l40_r400_500-8000.hdf5	right	left
1548.9011	1	Stimulus/S  1	1	15489011	15489019	0	0	20	pips_l40_r400_500-8000.hdf5	right	left
1549.9678	1	Stimulus/S  1	1	15499678	15499686	0	1	40	pips_l40_r400_500-8000.hdf5	right	left
1551.0238	1	Stimulus/S  1	1	15510238	15510246	0	2	60	pips_l40_r400_500-8000.hdf5	right	left
1552.0905	1	Stimulus/S  1	1	15520905	15520913	0	3	70	pips_l40_r400_500-8000.hdf5	right	left
1553.1571	1	Stimulus/S  1	1	15531571	15531579	0	4	50	pips_l40_r400_500-8000.hdf5	right	left
1554.2025	1	Stimulus/S  1	1	15542025	15542033	0	5	30	pips_l40_r400_500-8000.hdf5	right	left
1555.2692	1	Stimulus/S  1	1	15552692	15552700	1	0	20	pips_l40_r400_500-8000.hdf5	right	left
1556.3252	1	Stimulus/S  1	1	15563252	15563260	1	1	40	pips_l40_r400_500-8000.hdf5	right	left
1557.3705	1	Stimulus/S  1	1	15573705	15573713	1	2	60	pips_l40_r400_500-8000.hdf5	right	left
1558.4372	1	Stimulus/S  1	1	15584372	15584380	1	3	70	pips_l40_r400_500-8000.hdf5	right	left
1559.4932	1	Stimulus/S  1	1	15594932	15594940	1	4	50	pips_l40_r400_500-8000.hdf5	right	left
1560.5599	1	Stimulus/S  1	1	15605599	15605607	1	5	30	pips_l40_r400_500-8000.hdf5	right	left
1561.6265	1	Stimulus/S  1	1	15616265	15616273	2	0	20	pips_l40_r400_500-8000.hdf5	right	left
1562.6719	1	Stimulus/S  1	1	15626719	15626727	2	1	40	pips_l40_r400_500-8000.hdf5	right	left
1563.7172	1	Stimulus/S  1	1	15637172	15637180	2	2	60	pips_l40_r400_500-8000.hdf5	right	left
1564.7839	1	Stimulus/S  1	1	15647839	15647847	2	3	70	pips_l40_r400_500-8000.hdf5	right	left
1565.8399	1	Stimulus/S  1	1	15658399	15658407	2	4	50	pips_l40_r400_500-8000.hdf5	right	left
1566.8853	1	Stimulus/S  1	1	15668853	15668861	2	5	30	pips_l40_r400_500-8000.hdf5	right	left
1567.9413	1	Stimulus/S  1	1	15679413	15679421	3	0	20	pips_l40_r400_500-8000.hdf5	right	left
1569.008	1	Stimulus/S  1	1	15690080	15690088	3	1	40	pips_l40_r400_500-8000.hdf5	right	left
1570.0533	1	Stimulus/S  1	1	15700533	15700541	3	2	60	pips_l40_r400_500-8000.hdf5	right	left
1571.12	1	Stimulus/S  1	1	15711200	15711208	3	3	70	pips_l40_r400_500-8000.hdf5	right	left
1572.176	1	Stimulus/S  1	1	15721760	15721768	3	4	50	pips_l40_r400_500-8000.hdf5	right	left
1573.2213	1	Stimulus/S  1	1	15732213	15732221	3	5	30	pips_l40_r400_500-8000.hdf5	right	left
1574.288	1	Stimulus/S  1	1	15742880	15742888	4	0	20	pips_l40_r400_500-8000.hdf5	right	left
1575.3547	1	Stimulus/S  1	1	15753547	15753555	4	1	40	pips_l40_r400_500-8000.hdf5	right	left
1576.4	1	Stimulus/S  1	1	15764000	15764008	4	2	60	pips_l40_r400_500-8000.hdf5	right	left
1577.4774	1	Stimulus/S  1	1	15774774	15774782	4	3	70	pips_l40_r400_500-8000.hdf5	right	left
1578.5227	1	Stimulus/S  1	1	15785227	15785235	4	4	50	pips_l40_r400_500-8000.hdf5	right	left
1579.5681	1	Stimulus/S  1	1	15795681	15795689	4	5	30	pips_l40_r400_500-8000.hdf5	right	left
1580.6347	1	Stimulus/S  1	1	15806347	15806355	5	0	20	pips_l40_r400_500-8000.hdf5	right	left
1581.7014	1	Stimulus/S  1	1	15817014	15817022	5	1	40	pips_l40_r400_500-8000.hdf5	right	left
1582.7574	1	Stimulus/S  1	1	15827574	15827582	5	2	60	pips_l40_r400_500-8000.hdf5	right	left
1583.8028	1	Stimulus/S  1	1	15838028	15838036	5	3	70	pips_l40_r400_500-8000.hdf5	right	left
1584.8694	1	Stimulus/S  1	1	15848694	15848702	5	4	50	pips_l40_r400_500-8000.hdf5	right	left
1585.9254	1	Stimulus/S  1	1	15859254	15859262	5	5	30	pips_l40_r400_500-8000.hdf5	right	left
1586.9921	1	Stimulus/S  1	1	15869921	15869929	6	0	20	pips_l40_r400_500-8000.hdf5	right	left
1588.0588	1	Stimulus/S  1	1	15880588	15880596	6	1	40	pips_l40_r400_500-8000.hdf5	right	left
1589.1041	1	Stimulus/S  1	1	15891041	15891049	6	2	60	pips_l40_r400_500-8000.hdf5	right	left
1590.1708	1	Stimulus/S  1	1	15901708	15901716	6	3	70	pips_l40_r400_500-8000.hdf5	right	left
1591.2375	1	Stimulus/S  1	1	15912375	15912383	6	4	50	pips_l40_r400_500-8000.hdf5	right	left
1592.2935	1	Stimulus/S  1	1	15922935	15922943	6	5	30	pips_l40_r400_500-8000.hdf5	right	left
1593.3388	1	Stimulus/S  1	1	15933388	15933396	7	0	20	pips_l40_r400_500-8000.hdf5	right	left
1594.3842	1	Stimulus/S  1	1	15943842	15943850	7	1	40	pips_l40_r400_500-8000.hdf5	right	left
1595.4402	1	Stimulus/S  1	1	15954402	15954410	7	2	60	pips_l40_r400_500-8000.hdf5	right	left
1596.5069	1	Stimulus/S  1	1	15965069	15965077	7	3	70	pips_l40_r400_500-8000.hdf5	right	left
1597.5522	1	Stimulus/S  1	1	15975522	15975530	7	4	50	pips_l40_r400_500-8000.hdf5	right	left
1598.6189	1	Stimulus/S  1	1	15986189	15986197	7	5	30	pips_l40_r400_500-8000.hdf5	right	left
1599.6749	1	Stimulus/S  1	1	15996749	15996757	8	0	20	pips_l40_r400_500-8000.hdf5	right	left
1600.7203	1	Stimulus/S  1	1	16007203	16007211	8	1	40	pips_l40_r400_500-8000.hdf5	right	left
1601.7869	1	Stimulus/S  1	1	16017869	16017877	8	2	60	pips_l40_r400_500-8000.hdf5	right	left
1602.8429	1	Stimulus/S  1	1	16028429	16028437	8	3	70	pips_l40_r400_500-8000.hdf5	right	left
1603.9096	1	Stimulus/S  1	1	16039096	16039104	8	4	50	pips_l40_r400_500-8000.hdf5	right	left
1604.9763	1	Stimulus/S  1	1	16049763	16049771	8	5	30	pips_l40_r400_500-8000.hdf5	right	left
1606.0216	1	Stimulus/S  1	1	16060216	16060224	9	0	20	pips_l40_r400_500-8000.hdf5	right	left
1607.0883	1	Stimulus/S  1	1	16070883	16070891	9	1	40	pips_l40_r400_500-8000.hdf5	right	left
1608.1337	1	Stimulus/S  1	1	16081337	16081345	9	2	60	pips_l40_r400_500-8000.hdf5	right	left
1609.211	1	Stimulus/S  1	1	16092110	16092118	9	3	70	pips_l40_r400_500-8000.hdf5	right	left
1610.2563	1	Stimulus/S  1	1	16102563	16102571	9	4	50	pips_l40_r400_500-8000.hdf5	right	left
1611.3017	1	Stimulus/S  1	1	16113017	16113025	9	5	30	pips_l40_r400_500-8000.hdf5	right	left
1612.3577	1	Stimulus/S  1	1	16123577	16123585	10	0	20	pips_l40_r400_500-8000.hdf5	right	left
1613.4244	1	Stimulus/S  1	1	16134244	16134252	10	1	40	pips_l40_r400_500-8000.hdf5	right	left
1614.491	1	Stimulus/S  1	1	16144910	16144918	10	2	60	pips_l40_r400_500-8000.hdf5	right	left
1615.5364	1	Stimulus/S  1	1	16155364	16155372	10	3	70	pips_l40_r400_500-8000.hdf5	right	left
1616.5924	1	Stimulus/S  1	1	16165924	16165932	10	4	50	pips_l40_r400_500-8000.hdf5	right	left
1617.6591	1	Stimulus/S  1	1	16176591	16176599	10	5	30	pips_l40_r400_500-8000.hdf5	right	left
1618.7044	1	Stimulus/S  1	1	16187044	16187052	11	0	20	pips_l40_r400_500-8000.hdf5	right	left
1619.7711	1	Stimulus/S  1	1	16197711	16197719	11	1	40	pips_l40_r400_500-8000.hdf5	right	left
1620.8271	1	Stimulus/S  1	1	16208271	16208279	11	2	60	pips_l40_r400_500-8000.hdf5	right	left
1621.8725	1	Stimulus/S  1	1	16218725	16218733	11	3	70	pips_l40_r400_500-8000.hdf5	right	left
1622.9178	1	Stimulus/S  1	1	16229178	16229186	11	4	50	pips_l40_r400_500-8000.hdf5	right	left
1623.9845	1	Stimulus/S  1	1	16239845	16239853	11	5	30	pips_l40_r400_500-8000.hdf5	right	left
1625.0405	1	Stimulus/S  1	1	16250405	16250413	12	0	20	pips_l40_r400_500-8000.hdf5	right	left
1626.1072	1	Stimulus/S  1	1	16261072	16261080	12	1	40	pips_l40_r400_500-8000.hdf5	right	left
1627.1738	1	Stimulus/S  1	1	16271738	16271746	12	2	60	pips_l40_r400_500-8000.hdf5	right	left
1628.2192	1	Stimulus/S  1	1	16282192	16282200	12	3	70	pips_l40_r400_500-8000.hdf5	right	left
1629.2752	1	Stimulus/S  1	1	16292752	16292760	12	4	50	pips_l40_r400_500-8000.hdf5	right	left
1630.3419	1	Stimulus/S  1	1	16303419	16303427	12	5	30	pips_l40_r400_500-8000.hdf5	right	left
1631.3872	1	Stimulus/S  1	1	16313872	16313880	13	0	20	pips_l40_r400_500-8000.hdf5	right	left
1632.4432	1	Stimulus/S  1	1	16324432	16324440	13	1	40	pips_l40_r400_500-8000.hdf5	right	left
1633.4886	1	Stimulus/S  1	1	16334886	16334894	13	2	60	pips_l40_r400_500-8000.hdf5	right	left
1634.5446	1	Stimulus/S  1	1	16345446	16345454	13	3	70	pips_l40_r400_500-8000.hdf5	right	left
1635.6006	1	Stimulus/S  1	1	16356006	16356014	13	4	50	pips_l40_r400_500-8000.hdf5	right	left
1636.6566	1	Stimulus/S  1	1	16366566	16366574	13	5	30	pips_l40_r400_500-8000.hdf5	right	left
1637.7233	1	Stimulus/S  1	1	16377233	16377241	14	0	20	pips_l40_r400_500-8000.hdf5	right	left
1638.7686	1	Stimulus/S  1	1	16387686	16387694	14	1	40	pips_l40_r400_500-8000.hdf5	right	left
1639.8353	1	Stimulus/S  1	1	16398353	16398361	14	2	60	pips_l40_r400_500-8000.hdf5	right	left
1640.8913	1	Stimulus/S  1	1	16408913	16408921	14	3	70	pips_l40_r400_500-8000.hdf5	right	left
1641.958	1	Stimulus/S  1	1	16419580	16419588	14	4	50	pips_l40_r400_500-8000.hdf5	right	left
1643.0033	1	Stimulus/S  1	1	16430033	16430041	14	5	30	pips_l40_r400_500-8000.hdf5	right	left
1644.07	1	Stimulus/S  1	1	16440700	16440708	15	0	20	pips_l40_r400_500-8000.hdf5	right	left
1645.126	1	Stimulus/S  1	1	16451260	16451268	15	1	40	pips_l40_r400_500-8000.hdf5	right	left
1646.1927	1	Stimulus/S  1	1	16461927	16461935	15	2	60	pips_l40_r400_500-8000.hdf5	right	left
1647.238	1	Stimulus/S  1	1	16472380	16472388	15	3	70	pips_l40_r400_500-8000.hdf5	right	left
1648.294	1	Stimulus/S  1	1	16482940	16482948	15	4	50	pips_l40_r400_500-8000.hdf5	right	left
1649.3607	1	Stimulus/S  1	1	16493607	16493615	15	5	30	pips_l40_r400_500-8000.hdf5	right	left
1650.4061	1	Stimulus/S  1	1	16504061	16504069	16	0	20	pips_l40_r400_500-8000.hdf5	right	left
1651.4514	1	Stimulus/S  1	1	16514514	16514522	16	1	40	pips_l40_r400_500-8000.hdf5	right	left
1652.5181	1	Stimulus/S  1	1	16525181	16525189	16	2	60	pips_l40_r400_500-8000.hdf5	right	left
1653.5741	1	Stimulus/S  1	1	16535741	16535749	16	3	70	pips_l40_r400_500-8000.hdf5	right	left
1654.6194	1	Stimulus/S  1	1	16546194	16546202	16	4	50	pips_l40_r400_500-8000.hdf5	right	left
1655.6861	1	Stimulus/S  1	1	16556861	16556869	16	5	30	pips_l40_r400_500-8000.hdf5	right	left
1656.7421	1	Stimulus/S  1	1	16567421	16567429	17	0	20	pips_l40_r400_500-8000.hdf5	right	left
1657.8088	1	Stimulus/S  1	1	16578088	16578096	17	1	40	pips_l40_r400_500-8000.hdf5	right	left
1658.8541	1	Stimulus/S  1	1	16588541	16588549	17	2	60	pips_l40_r400_500-8000.hdf5	right	left
1659.9208	1	Stimulus/S  1	1	16599208	16599216	17	3	70	pips_l40_r400_500-8000.hdf5	right	left
1660.9875	1	Stimulus/S  1	1	16609875	16609883	17	4	50	pips_l40_r400_500-8000.hdf5	right	left
1662.0435	1	Stimulus/S  1	1	16620435	16620443	17	5	30	pips_l40_r400_500-8000.hdf5	right	left
1663.0888	1	Stimulus/S  1	1	16630888	16630896	18	0	20	pips_l40_r400_500-8000.hdf5	right	left
1664.1449	1	Stimulus/S  1	1	16641449	16641457	18	1	40	pips_l40_r400_500-8000.hdf5	right	left
1665.1902	1	Stimulus/S  1	1	16651902	16651910	18	2	60	pips_l40_r400_500-8000.hdf5	right	left
1666.2569	1	Stimulus/S  1	1	16662569	16662577	18	3	70	pips_l40_r400_500-8000.hdf5	right	left
1667.3022	1	Stimulus/S  1	1	16673022	16673030	18	4	50	pips_l40_r400_500-8000.hdf5	right	left
1668.3689	1	Stimulus/S  1	1	16683689	16683697	18	5	30	pips_l40_r400_500-8000.hdf5	right	left
1669.4249	1	Stimulus/S  1	1	16694249	16694257	19	0	20	pips_l40_r400_500-8000.hdf5	right	left
1670.4702	1	Stimulus/S  1	1	16704702	16704710	19	1	40	pips_l40_r400_500-8000.hdf5	right	left
1671.5369	1	Stimulus/S  1	1	16715369	16715377	19	2	60	pips_l40_r400_500-8000.hdf5	right	left
1672.5929	1	Stimulus/S  1	1	16725929	16725937	19	3	70	pips_l40_r400_500-8000.hdf5	right	left
1673.6383	1	Stimulus/S  1	1	16736383	16736391	19	4	50	pips_l40_r400_500-8000.hdf5	right	left
1674.705	1	Stimulus/S  1	1	16747050	16747058	19	5	30	pips_l40_r400_500-8000.hdf5	right	left
1675.761	1	Stimulus/S  1	1	16757610	16757618	20	0	20	pips_l40_r400_500-8000.hdf5	right	left
1676.8063	1	Stimulus/S  1	1	16768063	16768071	20	1	40	pips_l40_r400_500-8000.hdf5	right	left
1677.873	1	Stimulus/S  1	1	16778730	16778738	20	2	60	pips_l40_r400_500-8000.hdf5	right	left
1678.9397	1	Stimulus/S  1	1	16789397	16789405	20	3	70	pips_l40_r400_500-8000.hdf5	right	left
1679.985	1	Stimulus/S  1	1	16799850	16799858	20	4	50	pips_l40_r400_500-8000.hdf5	right	left
1681.041	1	Stimulus/S  1	1	16810410	16810418	20	5	30	pips_l40_r400_500-8000.hdf5	right	left
1682.1077	1	Stimulus/S  1	1	16821077	16821085	21	0	20	pips_l40_r400_500-8000.hdf5	right	left
1683.153	1	Stimulus/S  1	1	16831530	16831538	21	1	40	pips_l40_r400_500-8000.hdf5	right	left
1684.209	1	Stimulus/S  1	1	16842090	16842098	21	2	60	pips_l40_r400_500-8000.hdf5	right	left
1685.2757	1	Stimulus/S  1	1	16852757	16852765	21	3	70	pips_l40_r400_500-8000.hdf5	right	left
1686.3211	1	Stimulus/S  1	1	16863211	16863219	21	4	50	pips_l40_r400_500-8000.hdf5	right	left
1687.3771	1	Stimulus/S  1	1	16873771	16873779	21	5	30	pips_l40_r400_500-8000.hdf5	right	left
1688.4438	1	Stimulus/S  1	1	16884438	16884446	22	0	20	pips_l40_r400_500-8000.hdf5	right	left
1689.4891	1	Stimulus/S  1	1	16894891	16894899	22	1	40	pips_l40_r400_500-8000.hdf5	right	left
1690.5451	1	Stimulus/S  1	1	16905451	16905459	22	2	60	pips_l40_r400_500-8000.hdf5	right	left
1691.6118	1	Stimulus/S  1	1	16916118	16916126	22	3	70	pips_l40_r400_500-8000.hdf5	right	left
1692.6785	1	Stimulus/S  1	1	16926785	16926793	22	4	50	pips_l40_r400_500-8000.hdf5	right	left
1693.7238	1	Stimulus/S  1	1	16937238	16937246	22	5	30	pips_l40_r400_500-8000.hdf5	right	left
1694.7905	1	Stimulus/S  1	1	16947905	16947913	23	0	20	pips_l40_r400_500-8000.hdf5	right	left
1695.8358	1	Stimulus/S  1	1	16958358	16958366	23	1	40	pips_l40_r400_500-8000.hdf5	right	left
1696.9025	1	Stimulus/S  1	1	16969025	16969033	23	2	60	pips_l40_r400_500-8000.hdf5	right	left
1697.9585	1	Stimulus/S  1	1	16979585	16979593	23	3	70	pips_l40_r400_500-8000.hdf5	right	left
1699.0252	1	Stimulus/S  1	1	16990252	16990260	23	4	50	pips_l40_r400_500-8000.hdf5	right	left
1700.0705	1	Stimulus/S  1	1	17000705	17000713	23	5	30	pips_l40_r400_500-8000.hdf5	right	left
1701.1372	1	Stimulus/S  1	1	17011372	17011380	24	0	20	pips_l40_r400_500-8000.hdf5	right	left
1702.1932	1	Stimulus/S  1	1	17021932	17021940	24	1	40	pips_l40_r400_500-8000.hdf5	right	left
1703.2386	1	Stimulus/S  1	1	17032386	17032394	24	2	60	pips_l40_r400_500-8000.hdf5	right	left
1704.2946	1	Stimulus/S  1	1	17042946	17042954	24	3	70	pips_l40_r400_500-8000.hdf5	right	left
1705.3612	1	Stimulus/S  1	1	17053612	17053620	24	4	50	pips_l40_r400_500-8000.hdf5	right	left
1706.4066	1	Stimulus/S  1	1	17064066	17064074	24	5	30	pips_l40_r400_500-8000.hdf5	right	left
1707.4519	1	Stimulus/S  1	1	17074519	17074527	25	0	20	pips_l40_r400_500-8000.hdf5	right	left
1708.5079	1	Stimulus/S  1	1	17085079	17085087	25	1	40	pips_l40_r400_500-8000.hdf5	right	left
1709.5746	1	Stimulus/S  1	1	17095746	17095754	25	2	60	pips_l40_r400_500-8000.hdf5	right	left
1710.62	1	Stimulus/S  1	1	17106200	17106208	25	3	70	pips_l40_r400_500-8000.hdf5	right	left
1711.6866	1	Stimulus/S  1	1	17116866	17116874	25	4	50	pips_l40_r400_500-8000.hdf5	right	left
1712.7426	1	Stimulus/S  1	1	17127426	17127434	25	5	30	pips_l40_r400_500-8000.hdf5	right	left
1713.788	1	Stimulus/S  1	1	17137880	17137888	26	0	20	pips_l40_r400_500-8000.hdf5	right	left
1714.8547	1	Stimulus/S  1	1	17148547	17148555	26	1	40	pips_l40_r400_500-8000.hdf5	right	left
1715.9107	1	Stimulus/S  1	1	17159107	17159115	26	2	60	pips_l40_r400_500-8000.hdf5	right	left
1716.956	1	Stimulus/S  1	1	17169560	17169568	26	3	70	pips_l40_r400_500-8000.hdf5	right	left
1718.012	1	Stimulus/S  1	1	17180120	17180128	26	4	50	pips_l40_r400_500-8000.hdf5	right	left
1719.0574	1	Stimulus/S  1	1	17190574	17190582	26	5	30	pips_l40_r400_500-8000.hdf5	right	left
1720.1241	1	Stimulus/S  1	1	17201241	17201249	27	0	20	pips_l40_r400_500-8000.hdf5	right	left
1721.1694	1	Stimulus/S  1	1	17211694	17211702	27	1	40	pips_l40_r400_500-8000.hdf5	right	left
1722.2361	1	Stimulus/S  1	1	17222361	17222369	27	2	60	pips_l40_r400_500-8000.hdf5	right	left
1723.3028	1	Stimulus/S  1	1	17233028	17233036	27	3	70	pips_l40_r400_500-8000.hdf5	right	left
1724.3588	1	Stimulus/S  1	1	17243588	17243596	27	4	50	pips_l40_r400_500-8000.hdf5	right	left
1725.4254	1	Stimulus/S  1	1	17254254	17254262	27	5	30	pips_l40_r400_500-8000.hdf5	right	left
1726.4708	1	Stimulus/S  1	1	17264708	17264716	28	0	20	pips_l40_r400_500-8000.hdf5	right	left
1727.5375	1	Stimulus/S  1	1	17275375	17275383	28	1	40	pips_l40_r400_500-8000.hdf5	right	left
1728.5935	1	Stimulus/S  1	1	17285935	17285943	28	2	60	pips_l40_r400_500-8000.hdf5	right	left
1729.6388	1	Stimulus/S  1	1	17296388	17296396	28	3	70	pips_l40_r400_500-8000.hdf5	right	left
1730.6948	1	Stimulus/S  1	1	17306948	17306956	28	4	50	pips_l40_r400_500-8000.hdf5	right	left
1731.7402	1	Stimulus/S  1	1	17317402	17317410	28	5	30	pips_l40_r400_500-8000.hdf5	right	left
1732.7962	1	Stimulus/S  1	1	17327962	17327970	29	0	20	pips_l40_r400_500-8000.hdf5	right	left
1733.8629	1	Stimulus/S  1	1	17338629	17338637	29	1	40	pips_l40_r400_500-8000.hdf5	right	left
1734.9295	1	Stimulus/S  1	1	17349295	17349303	29	2	60	pips_l40_r400_500-8000.hdf5	right	left
1735.9749	1	Stimulus/S  1	1	17359749	17359757	29	3	70	pips_l40_r400_500-8000.hdf5	right	left
1737.0202	1	Stimulus/S  1	1	17370202	17370210	29	4	50	pips_l40_r400_500-8000.hdf5	right	left
1738.0869	1	Stimulus/S  1	1	17380869	17380877	29	5	30	pips_l40_r400_500-8000.hdf5	right	left
1739.1429	1	Stimulus/S  1	1	17391429	17391437	30	0	20	pips_l40_r400_500-8000.hdf5	right	left
1740.1882	1	Stimulus/S  1	1	17401882	17401890	30	1	40	pips_l40_r400_500-8000.hdf5	right	left
1741.2443	1	Stimulus/S  1	1	17412443	17412451	30	2	60	pips_l40_r400_500-8000.hdf5	right	left
1742.3109	1	Stimulus/S  1	1	17423109	17423117	30	3	70	pips_l40_r400_500-8000.hdf5	right	left
1743.3563	1	Stimulus/S  1	1	17433563	17433571	30	4	50	pips_l40_r400_500-8000.hdf5	right	left
1744.423	1	Stimulus/S  1	1	17444230	17444238	30	5	30	pips_l40_r400_500-8000.hdf5	right	left
1745.479	1	Stimulus/S  1	1	17454790	17454798	31	0	20	pips_l40_r400_500-8000.hdf5	right	left
1746.5456	1	Stimulus/S  1	1	17465456	17465464	31	1	40	pips_l40_r400_500-8000.hdf5	right	left
1747.591	1	Stimulus/S  1	1	17475910	17475918	31	2	60	pips_l40_r400_500-8000.hdf5	right	left
1748.6363	1	Stimulus/S  1	1	17486363	17486371	31	3	70	pips_l40_r400_500-8000.hdf5	right	left
1749.6923	1	Stimulus/S  1	1	17496923	17496931	31	4	50	pips_l40_r400_500-8000.hdf5	right	left
1750.7377	1	Stimulus/S  1	1	17507377	17507385	31	5	30	pips_l40_r400_500-8000.hdf5	right	left
1751.8044	1	Stimulus/S  1	1	17518044	17518052	32	0	20	pips_l40_r400_500-8000.hdf5	right	left
1752.8604	1	Stimulus/S  1	1	17528604	17528612	32	1	40	pips_l40_r400_500-8000.hdf5	right	left
1753.9057	1	Stimulus/S  1	1	17539057	17539065	32	2	60	pips_l40_r400_500-8000.hdf5	right	left
1754.9617	1	Stimulus/S  1	1	17549617	17549625	32	3	70	pips_l40_r400_500-8000.hdf5	right	left
1756.0071	1	Stimulus/S  1	1	17560071	17560079	32	4	50	pips_l40_r400_500-8000.hdf5	right	left
1757.0631	1	Stimulus/S  1	1	17570631	17570639	32	5	30	pips_l40_r400_500-8000.hdf5	right	left
1758.1297	1	Stimulus/S  1	1	17581297	17581305	33	0	20	pips_l40_r400_500-8000.hdf5	right	left
1759.1751	1	Stimulus/S  1	1	17591751	17591759	33	1	40	pips_l40_r400_500-8000.hdf5	right	left
1760.2204	1	Stimulus/S  1	1	17602204	17602212	33	2	60	pips_l40_r400_500-8000.hdf5	right	left
1761.2764	1	Stimulus/S  1	1	17612764	17612772	33	3	70	pips_l40_r400_500-8000.hdf5	right	left
1762.3431	1	Stimulus/S  1	1	17623431	17623439	33	4	50	pips_l40_r400_500-8000.hdf5	right	left
1763.4098	1	Stimulus/S  1	1	17634098	17634106	33	5	30	pips_l40_r400_500-8000.hdf5	right	left
1764.4551	1	Stimulus/S  1	1	17644551	17644559	34	0	20	pips_l40_r400_500-8000.hdf5	right	left
1765.5112	1	Stimulus/S  1	1	17655112	17655120	34	1	40	pips_l40_r400_500-8000.hdf5	right	left
1766.5565	1	Stimulus/S  1	1	17665565	17665573	34	2	60	pips_l40_r400_500-8000.hdf5	right	left
1767.6125	1	Stimulus/S  1	1	17676125	17676133	34	3	70	pips_l40_r400_500-8000.hdf5	right	left
1768.6578	1	Stimulus/S  1	1	17686578	17686586	34	4	50	pips_l40_r400_500-8000.hdf5	right	left
1769.7032	1	Stimulus/S  1	1	17697032	17697040	34	5	30	pips_l40_r400_500-8000.hdf5	right	left
1770.7592	1	Stimulus/S  1	1	17707592	17707600	35	0	20	pips_l40_r400_500-8000.hdf5	right	left
1771.8045	1	Stimulus/S  1	1	17718045	17718053	35	1	40	pips_l40_r400_500-8000.hdf5	right	left
1772.8606	1	Stimulus/S  1	1	17728606	17728614	35	2	60	pips_l40_r400_500-8000.hdf5	right	left
1773.9272	1	Stimulus/S  1	1	17739272	17739280	35	3	70	pips_l40_r400_500-8000.hdf5	right	left
1774.9939	1	Stimulus/S  1	1	17749939	17749947	35	4	50	pips_l40_r400_500-8000.hdf5	right	left
1776.0393	1	Stimulus/S  1	1	17760393	17760401	35	5	30	pips_l40_r400_500-8000.hdf5	right	left
1777.0953	1	Stimulus/S  1	1	17770953	17770961	36	0	20	pips_l40_r400_500-8000.hdf5	right	left
1778.1619	1	Stimulus/S  1	1	17781619	17781627	36	1	40	pips_l40_r400_500-8000.hdf5	right	left
1779.2073	1	Stimulus/S  1	1	17792073	17792081	36	2	60	pips_l40_r400_500-8000.hdf5	right	left
1780.2633	1	Stimulus/S  1	1	17802633	17802641	36	3	70	pips_l40_r400_500-8000.hdf5	right	left
1781.33	1	Stimulus/S  1	1	17813300	17813308	36	4	50	pips_l40_r400_500-8000.hdf5	right	left
1782.3753	1	Stimulus/S  1	1	17823753	17823761	36	5	30	pips_l40_r400_500-8000.hdf5	right	left
1783.4207	1	Stimulus/S  1	1	17834207	17834215	37	0	20	pips_l40_r400_500-8000.hdf5	right	left
1784.4873	1	Stimulus/S  1	1	17844873	17844881	37	1	40	pips_l40_r400_500-8000.hdf5	right	left
1785.554	1	Stimulus/S  1	1	17855540	17855548	37	2	60	pips_l40_r400_500-8000.hdf5	right	left
1786.61	1	Stimulus/S  1	1	17866100	17866108	37	3	70	pips_l40_r400_500-8000.hdf5	right	left
1787.6767	1	Stimulus/S  1	1	17876767	17876775	37	4	50	pips_l40_r400_500-8000.hdf5	right	left
1788.7434	1	Stimulus/S  1	1	17887434	17887442	37	5	30	pips_l40_r400_500-8000.hdf5	right	left
1789.81	1	Stimulus/S  1	1	17898100	17898108	38	0	20	pips_l40_r400_500-8000.hdf5	right	left
1790.8554	1	Stimulus/S  1	1	17908554	17908562	38	1	40	pips_l40_r400_500-8000.hdf5	right	left
1791.9114	1	Stimulus/S  1	1	17919114	17919122	38	2	60	pips_l40_r400_500-8000.hdf5	right	left
1792.9781	1	Stimulus/S  1	1	17929781	17929789	38	3	70	pips_l40_r400_500-8000.hdf5	right	left
1794.0234	1	Stimulus/S  1	1	17940234	17940242	38	4	50	pips_l40_r400_500-8000.hdf5	right	left
1795.0794	1	Stimulus/S  1	1	17950794	17950802	38	5	30	pips_l40_r400_500-8000.hdf5	right	left
1796.1248	1	Stimulus/S  1	1	17961248	17961256	39	0	20	pips_l40_r400_500-8000.hdf5	right	left
1797.1808	1	Stimulus/S  1	1	17971808	17971816	39	1	40	pips_l40_r400_500-8000.hdf5	right	left
1798.2261	1	Stimulus/S  1	1	17982261	17982269	39	2	60	pips_l40_r400_500-8000.hdf5	right	left
1799.2715	1	Stimulus/S  1	1	17992715	17992723	39	3	70	pips_l40_r400_500-8000.hdf5	right	left
1800.3275	1	Stimulus/S  1	1	18003275	18003283	39	4	50	pips_l40_r400_500-8000.hdf5	right	left
1801.3942	1	Stimulus/S  1	1	18013942	18013950	39	5	30	pips_l40_r400_500-8000.hdf5	right	left
1802.4395	1	Stimulus/S  1	1	18024395	18024403	40	0	20	pips_l40_r400_500-8000.hdf5	right	left
1803.5062	1	Stimulus/S  1	1	18035062	18035070	40	1	40	pips_l40_r400_500-8000.hdf5	right	left
1804.5729	1	Stimulus/S  1	1	18045729	18045737	40	2	60	pips_l40_r400_500-8000.hdf5	right	left
1805.6395	1	Stimulus/S  1	1	18056395	18056403	40	3	70	pips_l40_r400_500-8000.hdf5	right	left
1806.6955	1	Stimulus/S  1	1	18066955	18066963	40	4	50	pips_l40_r400_500-8000.hdf5	right	left
1807.7409	1	Stimulus/S  1	1	18077409	18077417	40	5	30	pips_l40_r400_500-8000.hdf5	right	left
1808.8076	1	Stimulus/S  1	1	18088076	18088084	41	0	20	pips_l40_r400_500-8000.hdf5	right	left
1809.8636	1	Stimulus/S  1	1	18098636	18098644	41	1	40	pips_l40_r400_500-8000.hdf5	right	left
1810.9302	1	Stimulus/S  1	1	18109302	18109310	41	2	60	pips_l40_r400_500-8000.hdf5	right	left
1811.9969	1	Stimulus/S  1	1	18119969	18119977	41	3	70	pips_l40_r400_500-8000.hdf5	right	left
1813.0423	1	Stimulus/S  1	1	18130423	18130431	41	4	50	pips_l40_r400_500-8000.hdf5	right	left
1814.1089	1	Stimulus/S  1	1	18141089	18141097	41	5	30	pips_l40_r400_500-8000.hdf5	right	left
1815.1756	1	Stimulus/S  1	1	18151756	18151764	42	0	20	pips_l40_r400_500-8000.hdf5	right	left
1816.221	1	Stimulus/S  1	1	18162210	18162218	42	1	40	pips_l40_r400_500-8000.hdf5	right	left
1817.277	1	Stimulus/S  1	1	18172770	18172778	42	2	60	pips_l40_r400_500-8000.hdf5	right	left
1818.3223	1	Stimulus/S  1	1	18183223	18183231	42	3	70	pips_l40_r400_500-8000.hdf5	right	left
1819.389	1	Stimulus/S  1	1	18193890	18193898	42	4	50	pips_l40_r400_500-8000.hdf5	right	left
1820.445	1	Stimulus/S  1	1	18204450	18204458	42	5	30	pips_l40_r400_500-8000.hdf5	right	left
1821.5117	1	Stimulus/S  1	1	18215117	18215125	43	0	20	pips_l40_r400_500-8000.hdf5	right	left
1822.5784	1	Stimulus/S  1	1	18225784	18225792	43	1	40	pips_l40_r400_500-8000.hdf5	right	left
1823.6237	1	Stimulus/S  1	1	18236237	18236245	43	2	60	pips_l40_r400_500-8000.hdf5	right	left
1824.6797	1	Stimulus/S  1	1	18246797	18246805	43	3	70	pips_l40_r400_500-8000.hdf5	right	left
1825.7464	1	Stimulus/S  1	1	18257464	18257472	43	4	50	pips_l40_r400_500-8000.hdf5	right	left
1826.7917	1	Stimulus/S  1	1	18267917	18267925	43	5	30	pips_l40_r400_500-8000.hdf5	right	left
1827.8477	1	Stimulus/S  1	1	18278477	18278485	44	0	20	pips_l40_r400_500-8000.hdf5	right	left
1828.9144	1	Stimulus/S  1	1	18289144	18289152	44	1	40	pips_l40_r400_500-8000.hdf5	right	left
1829.9598	1	Stimulus/S  1	1	18299598	18299606	44	2	60	pips_l40_r400_500-8000.hdf5	right	left
1831.0051	1	Stimulus/S  1	1	18310051	18310059	44	3	70	pips_l40_r400_500-8000.hdf5	right	left
1832.0611	1	Stimulus/S  1	1	18320611	18320619	44	4	50	pips_l40_r400_500-8000.hdf5	right	left
1833.1278	1	Stimulus/S  1	1	18331278	18331286	44	5	30	pips_l40_r400_500-8000.hdf5	right	left
1834.1945	1	Stimulus/S  1	1	18341945	18341953	45	0	20	pips_l40_r400_500-8000.hdf5	right	left
1835.2611	1	Stimulus/S  1	1	18352611	18352619	45	1	40	pips_l40_r400_500-8000.hdf5	right	left
1836.3065	1	Stimulus/S  1	1	18363065	18363073	45	2	60	pips_l40_r400_500-8000.hdf5	right	left
1837.3732	1	Stimulus/S  1	1	18373732	18373740	45	3	70	pips_l40_r400_500-8000.hdf5	right	left
1838.4292	1	Stimulus/S  1	1	18384292	18384300	45	4	50	pips_l40_r400_500-8000.hdf5	right	left
1839.4959	1	Stimulus/S  1	1	18394959	18394967	45	5	30	pips_l40_r400_500-8000.hdf5	right	left
1840.5412	1	Stimulus/S  1	1	18405412	18405420	46	0	20	pips_l40_r400_500-8000.hdf5	right	left
1841.5972	1	Stimulus/S  1	1	18415972	18415980	46	1	40	pips_l40_r400_500-8000.hdf5	right	left
1842.6426	1	Stimulus/S  1	1	18426426	18426434	46	2	60	pips_l40_r400_500-8000.hdf5	right	left
1843.6879	1	Stimulus/S  1	1	18436879	18436887	46	3	70	pips_l40_r400_500-8000.hdf5	right	left
1844.7439	1	Stimulus/S  1	1	18447439	18447447	46	4	50	pips_l40_r400_500-8000.hdf5	right	left
1845.8106	1	Stimulus/S  1	1	18458106	18458114	46	5	30	pips_l40_r400_500-8000.hdf5	right	left
1846.8559	1	Stimulus/S  1	1	18468559	18468567	47	0	20	pips_l40_r400_500-8000.hdf5	right	left
1847.9226	1	Stimulus/S  1	1	18479226	18479234	47	1	40	pips_l40_r400_500-8000.hdf5	right	left
1848.9786	1	Stimulus/S  1	1	18489786	18489794	47	2	60	pips_l40_r400_500-8000.hdf5	right	left
1850.024	1	Stimulus/S  1	1	18500240	18500248	47	3	70	pips_l40_r400_500-8000.hdf5	right	left
1851.0906	1	Stimulus/S  1	1	18510906	18510914	47	4	50	pips_l40_r400_500-8000.hdf5	right	left
1852.1466	1	Stimulus/S  1	1	18521466	18521474	47	5	30	pips_l40_r400_500-8000.hdf5	right	left
1853.2133	1	Stimulus/S  1	1	18532133	18532141	48	0	20	pips_l40_r400_500-8000.hdf5	right	left
1854.2587	1	Stimulus/S  1	1	18542587	18542595	48	1	40	pips_l40_r400_500-8000.hdf5	right	left
1855.3147	1	Stimulus/S  1	1	18553147	18553155	48	2	60	pips_l40_r400_500-8000.hdf5	right	left
1856.3813	1	Stimulus/S  1	1	18563813	18563821	48	3	70	pips_l40_r400_500-8000.hdf5	right	left
1857.4267	1	Stimulus/S  1	1	18574267	18574275	48	4	50	pips_l40_r400_500-8000.hdf5	right	left
1858.472	1	Stimulus/S  1	1	18584720	18584728	48	5	30	pips_l40_r400_500-8000.hdf5	right	left
1859.528	1	Stimulus/S  1	1	18595280	18595288	49	0	20	pips_l40_r400_500-8000.hdf5	right	left
1860.5734	1	Stimulus/S  1	1	18605734	18605742	49	1	40	pips_l40_r400_500-8000.hdf5	right	left
1861.6294	1	Stimulus/S  1	1	18616294	18616302	49	2	60	pips_l40_r400_500-8000.hdf5	right	left
1862.6747	1	Stimulus/S  1	1	18626747	18626755	49	3	70	pips_l40_r400_500-8000.hdf5	right	left
1863.7308	1	Stimulus/S  1	1	18637308	18637316	49	4	50	pips_l40_r400_500-8000.hdf5	right	left
1864.7974	1	Stimulus/S  1	1	18647974	18647982	49	5	30	pips_l40_r400_500-8000.hdf5	right	left
1865.8428	1	Stimulus/S  1	1	18658428	18658436	50	0	20	pips_l40_r400_500-8000.hdf5	right	left
1866.8881	1	Stimulus/S  1	1	18668881	18668889	50	1	40	pips_l40_r400_500-8000.hdf5	right	left
1867.9548	1	Stimulus/S  1	1	18679548	18679556	50	2	60	pips_l40_r400_500-8000.hdf5	right	left
1869.0321	1	Stimulus/S  1	1	18690321	18690329	50	3	70	pips_l40_r400_500-8000.hdf5	right	left
1870.0775	1	Stimulus/S  1	1	18700775	18700783	50	4	50	pips_l40_r400_500-8000.hdf5	right	left
1871.1228	1	Stimulus/S  1	1	18711228	18711236	50	5	30	pips_l40_r400_500-8000.hdf5	right	left
1872.1788	1	Stimulus/S  1	1	18721788	18721796	51	0	20	pips_l40_r400_500-8000.hdf5	right	left
1873.2242	1	Stimulus/S  1	1	18732242	18732250	51	1	40	pips_l40_r400_500-8000.hdf5	right	left
1874.2909	1	Stimulus/S  1	1	18742909	18742917	51	2	60	pips_l40_r400_500-8000.hdf5	right	left
1875.3575	1	Stimulus/S  1	1	18753575	18753583	51	3	70	pips_l40_r400_500-8000.hdf5	right	left
1876.4135	1	Stimulus/S  1	1	18764135	18764143	51	4	50	pips_l40_r400_500-8000.hdf5	right	left
1877.4589	1	Stimulus/S  1	1	18774589	18774597	51	5	30	pips_l40_r400_500-8000.hdf5	right	left
1878.5256	1	Stimulus/S  1	1	18785256	18785264	52	0	20	pips_l40_r400_500-8000.hdf5	right	left
1879.5922	1	Stimulus/S  1	1	18795922	18795930	52	1	40	pips_l40_r400_500-8000.hdf5	right	left
1880.6482	1	Stimulus/S  1	1	18806482	18806490	52	2	60	pips_l40_r400_500-8000.hdf5	right	left
1881.6936	1	Stimulus/S  1	1	18816936	18816944	52	3	70	pips_l40_r400_500-8000.hdf5	right	left
1882.7603	1	Stimulus/S  1	1	18827603	18827611	52	4	50	pips_l40_r400_500-8000.hdf5	right	left
1883.8056	1	Stimulus/S  1	1	18838056	18838064	52	5	30	pips_l40_r400_500-8000.hdf5	right	left
1884.8616	1	Stimulus/S  1	1	18848616	18848624	53	0	20	pips_l40_r400_500-8000.hdf5	right	left
1885.9283	1	Stimulus/S  1	1	18859283	18859291	53	1	40	pips_l40_r400_500-8000.hdf5	right	left
1886.995	1	Stimulus/S  1	1	18869950	18869958	53	2	60	pips_l40_r400_500-8000.hdf5	right	left
1888.0403	1	Stimulus/S  1	1	18880403	18880411	53	3	70	pips_l40_r400_500-8000.hdf5	right	left
1889.0963	1	Stimulus/S  1	1	18890963	18890971	53	4	50	pips_l40_r400_500-8000.hdf5	right	left
1890.163	1	Stimulus/S  1	1	18901630	18901638	53	5	30	pips_l40_r400_500-8000.hdf5	right	left
1891.2083	1	Stimulus/S  1	1	18912083	18912091	54	0	20	pips_l40_r400_500-8000.hdf5	right	left
1892.2644	1	Stimulus/S  1	1	18922644	18922652	54	1	40	pips_l40_r400_500-8000.hdf5	right	left
1893.331	1	Stimulus/S  1	1	18933310	18933318	54	2	60	pips_l40_r400_500-8000.hdf5	right	left
1894.3977	1	Stimulus/S  1	1	18943977	18943985	54	3	70	pips_l40_r400_500-8000.hdf5	right	left
1895.4431	1	Stimulus/S  1	1	18954431	18954439	54	4	50	pips_l40_r400_500-8000.hdf5	right	left
1896.4991	1	Stimulus/S  1	1	18964991	18964999	54	5	30	pips_l40_r400_500-8000.hdf5	right	left
1897.5657	1	Stimulus/S  1	1	18975657	18975665	55	0	20	pips_l40_r400_500-8000.hdf5	right	left
1898.6111	1	Stimulus/S  1	1	18986111	18986119	55	1	40	pips_l40_r400_500-8000.hdf5	right	left
1899.6564	1	Stimulus/S  1	1	18996564	18996572	55	2	60	pips_l40_r400_500-8000.hdf5	right	left
1900.7231	1	Stimulus/S  1	1	19007231	19007239	55	3	70	pips_l40_r400_500-8000.hdf5	right	left
1901.7791	1	Stimulus/S  1	1	19017791	19017799	55	4	50	pips_l40_r400_500-8000.hdf5	right	left
1902.8245	1	Stimulus/S  1	1	19028245	19028253	55	5	30	pips_l40_r400_500-8000.hdf5	right	left
1903.8911	1	Stimulus/S  1	1	19038911	19038919	56	0	20	pips_l40_r400_500-8000.hdf5	right	left
1904.9578	1	Stimulus/S  1	1	19049578	19049586	56	1	40	pips_l40_r400_500-8000.hdf5	right	left
1906.0245	1	Stimulus/S  1	1	19060245	19060253	56	2	60	pips_l40_r400_500-8000.hdf5	right	left
1907.0805	1	Stimulus/S  1	1	19070805	19070813	56	3	70	pips_l40_r400_500-8000.hdf5	right	left
1908.1258	1	Stimulus/S  1	1	19081258	19081266	56	4	50	pips_l40_r400_500-8000.hdf5	right	left
1909.1818	1	Stimulus/S  1	1	19091818	19091826	56	5	30	pips_l40_r400_500-8000.hdf5	right	left
1910.2485	1	Stimulus/S  1	1	19102485	19102493	57	0	20	pips_l40_r400_500-8000.hdf5	right	left
1911.2939	1	Stimulus/S  1	1	19112939	19112947	57	1	40	pips_l40_r400_500-8000.hdf5	right	left
1912.3392	1	Stimulus/S  1	1	19123392	19123400	57	2	60	pips_l40_r400_500-8000.hdf5	right	left
1913.4059	1	Stimulus/S  1	1	19134059	19134067	57	3	70	pips_l40_r400_500-8000.hdf5	right	left
1914.4726	1	Stimulus/S  1	1	19144726	19144734	57	4	50	pips_l40_r400_500-8000.hdf5	right	left
1915.5286	1	Stimulus/S  1	1	19155286	19155294	57	5	30	pips_l40_r400_500-8000.hdf5	right	left
1916.5739	1	Stimulus/S  1	1	19165739	19165747	58	0	20	pips_l40_r400_500-8000.hdf5	right	left
1917.6406	1	Stimulus/S  1	1	19176406	19176414	58	1	40	pips_l40_r400_500-8000.hdf5	right	left
1918.7073	1	Stimulus/S  1	1	19187073	19187081	58	2	60	pips_l40_r400_500-8000.hdf5	right	left
1919.7633	1	Stimulus/S  1	1	19197633	19197641	58	3	70	pips_l40_r400_500-8000.hdf5	right	left
1920.83	1	Stimulus/S  1	1	19208300	19208308	58	4	50	pips_l40_r400_500-8000.hdf5	right	left
1921.8753	1	Stimulus/S  1	1	19218753	19218761	58	5	30	pips_l40_r400_500-8000.hdf5	right	left
1922.9313	1	Stimulus/S  1	1	19229313	19229321	59	0	20	pips_l40_r400_500-8000.hdf5	right	left
1923.998	1	Stimulus/S  1	1	19239980	19239988	59	1	40	pips_l40_r400_500-8000.hdf5	right	left
1925.0433	1	Stimulus/S  1	1	19250433	19250441	59	2	60	pips_l40_r400_500-8000.hdf5	right	left
1926.0887	1	Stimulus/S  1	1	19260887	19260895	59	3	70	pips_l40_r400_500-8000.hdf5	right	left
1927.166	1	Stimulus/S  1	1	19271660	19271668	59	4	50	pips_l40_r400_500-8000.hdf5	right	left
1928.2114	1	Stimulus/S  1	1	19282114	19282122	59	5	30	pips_l40_r400_500-8000.hdf5	right	left
1929.2567	1	Stimulus/S  1	1	19292567	19292575	60	0	20	pips_l40_r400_500-8000.hdf5	right	left
1930.3234	1	Stimulus/S  1	1	19303234	19303242	60	1	40	pips_l40_r400_500-8000.hdf5	right	left
1931.3901	1	Stimulus/S  1	1	19313901	19313909	60	2	60	pips_l40_r400_500-8000.hdf5	right	left
1932.4461	1	Stimulus/S  1	1	19324461	19324469	60	3	70	pips_l40_r400_500-8000.hdf5	right	left
1933.4914	1	Stimulus/S  1	1	19334914	19334922	60	4	50	pips_l40_r400_500-8000.hdf5	right	left
1934.5581	1	Stimulus/S  1	1	19345581	19345589	60	5	30	pips_l40_r400_500-8000.hdf5	right	left
1935.6141	1	Stimulus/S  1	1	19356141	19356149	61	0	20	pips_l40_r400_500-8000.hdf5	right	left
1936.6594	1	Stimulus/S  1	1	19366594	19366602	61	1	40	pips_l40_r400_500-8000.hdf5	right	left
1937.7155	1	Stimulus/S  1	1	19377155	19377163	61	2	60	pips_l40_r400_500-8000.hdf5	right	left
1938.7608	1	Stimulus/S  1	1	19387608	19387616	61	3	70	pips_l40_r400_500-8000.hdf5	right	left
1939.8061	1	Stimulus/S  1	1	19398061	19398069	61	4	50	pips_l40_r400_500-8000.hdf5	right	left
1940.8728	1	Stimulus/S  1	1	19408728	19408736	61	5	30	pips_l40_r400_500-8000.hdf5	right	left
1941.9502	1	Stimulus/S  1	1	19419502	19419510	62	0	20	pips_l40_r400_500-8000.hdf5	right	left
1942.9955	1	Stimulus/S  1	1	19429955	19429963	62	1	40	pips_l40_r400_500-8000.hdf5	right	left
1944.0408	1	Stimulus/S  1	1	19440408	19440416	62	2	60	pips_l40_r400_500-8000.hdf5	right	left
1945.1075	1	Stimulus/S  1	1	19451075	19451083	62	3	70	pips_l40_r400_500-8000.hdf5	right	left
1946.1635	1	Stimulus/S  1	1	19461635	19461643	62	4	50	pips_l40_r400_500-8000.hdf5	right	left
1947.2089	1	Stimulus/S  1	1	19472089	19472097	62	5	30	pips_l40_r400_500-8000.hdf5	right	left
1948.2756	1	Stimulus/S  1	1	19482756	19482764	63	0	20	pips_l40_r400_500-8000.hdf5	right	left
1949.3316	1	Stimulus/S  1	1	19493316	19493324	63	1	40	pips_l40_r400_500-8000.hdf5	right	left
1950.3769	1	Stimulus/S  1	1	19503769	19503777	63	2	60	pips_l40_r400_500-8000.hdf5	right	left
1951.4436	1	Stimulus/S  1	1	19514436	19514444	63	3	70	pips_l40_r400_500-8000.hdf5	right	left
1952.4996	1	Stimulus/S  1	1	19524996	19525004	63	4	50	pips_l40_r400_500-8000.hdf5	right	left
1953.5449	1	Stimulus/S  1	1	19535449	19535457	63	5	30	pips_l40_r400_500-8000.hdf5	right	left
1954.6116	1	Stimulus/S  1	1	19546116	19546124	64	0	20	pips_l40_r400_500-8000.hdf5	right	left
1955.657	1	Stimulus/S  1	1	19556570	19556578	64	1	40	pips_l40_r400_500-8000.hdf5	right	left
1956.713	1	Stimulus/S  1	1	19567130	19567138	64	2	60	pips_l40_r400_500-8000.hdf5	right	left
1957.7583	1	Stimulus/S  1	1	19577583	19577591	64	3	70	pips_l40_r400_500-8000.hdf5	right	left
1958.825	1	Stimulus/S  1	1	19588250	19588258	64	4	50	pips_l40_r400_500-8000.hdf5	right	left
1959.8917	1	Stimulus/S  1	1	19598917	19598925	64	5	30	pips_l40_r400_500-8000.hdf5	right	left
1960.9477	1	Stimulus/S  1	1	19609477	19609485	65	0	20	pips_l40_r400_500-8000.hdf5	right	left
1961.993	1	Stimulus/S  1	1	19619930	19619938	65	1	40	pips_l40_r400_500-8000.hdf5	right	left
1963.0597	1	Stimulus/S  1	1	19630597	19630605	65	2	60	pips_l40_r400_500-8000.hdf5	right	left
1964.1157	1	Stimulus/S  1	1	19641157	19641165	65	3	70	pips_l40_r400_500-8000.hdf5	right	left
1965.1824	1	Stimulus/S  1	1	19651824	19651832	65	4	50	pips_l40_r400_500-8000.hdf5	right	left
1966.2277	1	Stimulus/S  1	1	19662277	19662285	65	5	30	pips_l40_r400_500-8000.hdf5	right	left
1967.2837	1	Stimulus/S  1	1	19672837	19672845	66	0	20	pips_l40_r400_500-8000.hdf5	right	left
1968.3397	1	Stimulus/S  1	1	19683397	19683405	66	1	40	pips_l40_r400_500-8000.hdf5	right	left
1969.4171	1	Stimulus/S  1	1	19694171	19694179	66	2	60	pips_l40_r400_500-8000.hdf5	right	left
1970.4624	1	Stimulus/S  1	1	19704624	19704632	66	3	70	pips_l40_r400_500-8000.hdf5	right	left
1971.5291	1	Stimulus/S  1	1	19715291	19715299	66	4	50	pips_l40_r400_500-8000.hdf5	right	left
1972.5745	1	Stimulus/S  1	1	19725745	19725753	66	5	30	pips_l40_r400_500-8000.hdf5	right	left
1973.6411	1	Stimulus/S  1	1	19736411	19736419	67	0	20	pips_l40_r400_500-8000.hdf5	right	left
1974.7078	1	Stimulus/S  1	1	19747078	19747086	67	1	40	pips_l40_r400_500-8000.hdf5	right	left
1975.7745	1	Stimulus/S  1	1	19757745	19757753	67	2	60	pips_l40_r400_500-8000.hdf5	right	left
1976.8412	1	Stimulus/S  1	1	19768412	19768420	67	3	70	pips_l40_r400_500-8000.hdf5	right	left
1977.9078	1	Stimulus/S  1	1	19779078	19779086	67	4	50	pips_l40_r400_500-8000.hdf5	right	left
1978.9745	1	Stimulus/S  1	1	19789745	19789753	67	5	30	pips_l40_r400_500-8000.hdf5	right	left
1980.0305	1	Stimulus/S  1	1	19800305	19800313	68	0	20	pips_l40_r400_500-8000.hdf5	right	left
1981.0759	1	Stimulus/S  1	1	19810759	19810767	68	1	40	pips_l40_r400_500-8000.hdf5	right	left
1982.1319	1	Stimulus/S  1	1	19821319	19821327	68	2	60	pips_l40_r400_500-8000.hdf5	right	left
1983.1986	1	Stimulus/S  1	1	19831986	19831994	68	3	70	pips_l40_r400_500-8000.hdf5	right	left
1984.2439	1	Stimulus/S  1	1	19842439	19842447	68	4	50	pips_l40_r400_500-8000.hdf5	right	left
1985.2999	1	Stimulus/S  1	1	19852999	19853007	68	5	30	pips_l40_r400_500-8000.hdf5	right	left
1986.3452	1	Stimulus/S  1	1	19863452	19863460	69	0	20	pips_l40_r400_500-8000.hdf5	right	left
1987.3906	1	Stimulus/S  1	1	19873906	19873914	69	1	40	pips_l40_r400_500-8000.hdf5	right	left
1988.4573	1	Stimulus/S  1	1	19884573	19884581	69	2	60	pips_l40_r400_500-8000.hdf5	right	left
1989.5239	1	Stimulus/S  1	1	19895239	19895247	69	3	70	pips_l40_r400_500-8000.hdf5	right	left
1990.5906	1	Stimulus/S  1	1	19905906	19905914	69	4	50	pips_l40_r400_500-8000.hdf5	right	left
1991.6573	1	Stimulus/S  1	1	19916573	19916581	69	5	30	pips_l40_r400_500-8000.hdf5	right	left
1992.7133	1	Stimulus/S  1	1	19927133	19927141	70	0	20	pips_l40_r400_500-8000.hdf5	right	left
1993.78	1	Stimulus/S  1	1	19937800	19937808	70	1	40	pips_l40_r400_500-8000.hdf5	right	left
1994.8253	1	Stimulus/S  1	1	19948253	19948261	70	2	60	pips_l40_r400_500-8000.hdf5	right	left
1995.8813	1	Stimulus/S  1	1	19958813	19958821	70	3	70	pips_l40_r400_500-8000.hdf5	right	left
1996.9267	1	Stimulus/S  1	1	19969267	19969275	70	4	50	pips_l40_r400_500-8000.hdf5	right	left
1997.9934	1	Stimulus/S  1	1	19979934	19979942	70	5	30	pips_l40_r400_500-8000.hdf5	right	left
1999.06	1	Stimulus/S  1	1	19990600	19990608	71	0	20	pips_l40_r400_500-8000.hdf5	right	left
2000.1267	1	Stimulus/S  1	1	20001267	20001275	71	1	40	pips_l40_r400_500-8000.hdf5	right	left
2001.1934	1	Stimulus/S  1	1	20011934	20011942	71	2	60	pips_l40_r400_500-8000.hdf5	right	left
2002.2601	1	Stimulus/S  1	1	20022601	20022609	71	3	70	pips_l40_r400_500-8000.hdf5	right	left
2003.3267	1	Stimulus/S  1	1	20033267	20033275	71	4	50	pips_l40_r400_500-8000.hdf5	right	left
2004.3934	1	Stimulus/S  1	1	20043934	20043942	71	5	30	pips_l40_r400_500-8000.hdf5	right	left
2005.4601	1	Stimulus/S  1	1	20054601	20054609	72	0	20	pips_l40_r400_500-8000.hdf5	right	left
2006.5268	1	Stimulus/S  1	1	20065268	20065276	72	1	40	pips_l40_r400_500-8000.hdf5	right	left
2007.5828	1	Stimulus/S  1	1	20075828	20075836	72	2	60	pips_l40_r400_500-8000.hdf5	right	left
2008.6281	1	Stimulus/S  1	1	20086281	20086289	72	3	70	pips_l40_r400_500-8000.hdf5	right	left
2009.6841	1	Stimulus/S  1	1	20096841	20096849	72	4	50	pips_l40_r400_500-8000.hdf5	right	left
2010.7508	1	Stimulus/S  1	1	20107508	20107516	72	5	30	pips_l40_r400_500-8000.hdf5	right	left
2011.8175	1	Stimulus/S  1	1	20118175	20118183	73	0	20	pips_l40_r400_500-8000.hdf5	right	left
2012.8628	1	Stimulus/S  1	1	20128628	20128636	73	1	40	pips_l40_r400_500-8000.hdf5	right	left
2013.9082	1	Stimulus/S  1	1	20139082	20139090	73	2	60	pips_l40_r400_500-8000.hdf5	right	left
2014.9749	1	Stimulus/S  1	1	20149749	20149757	73	3	70	pips_l40_r400_500-8000.hdf5	right	left
2016.0415	1	Stimulus/S  1	1	20160415	20160423	73	4	50	pips_l40_r400_500-8000.hdf5	right	left
2017.1082	1	Stimulus/S  1	1	20171082	20171090	73	5	30	pips_l40_r400_500-8000.hdf5	right	left
2018.1642	1	Stimulus/S  1	1	20181642	20181650	74	0	20	pips_l40_r400_500-8000.hdf5	right	left
2019.2096	1	Stimulus/S  1	1	20192096	20192104	74	1	40	pips_l40_r400_500-8000.hdf5	right	left
2020.2656	1	Stimulus/S  1	1	20202656	20202664	74	2	60	pips_l40_r400_500-8000.hdf5	right	left
2021.3322	1	Stimulus/S  1	1	20213322	20213330	74	3	70	pips_l40_r400_500-8000.hdf5	right	left
2022.3989	1	Stimulus/S  1	1	20223989	20223997	74	4	50	pips_l40_r400_500-8000.hdf5	right	left
2023.4656	1	Stimulus/S  1	1	20234656	20234664	74	5	30	pips_l40_r400_500-8000.hdf5	right	left
2024.5109	1	Stimulus/S  1	1	20245109	20245117	75	0	20	pips_l40_r400_500-8000.hdf5	right	left
2025.567	1	Stimulus/S  1	1	20255670	20255678	75	1	40	pips_l40_r400_500-8000.hdf5	right	left
2026.6123	1	Stimulus/S  1	1	20266123	20266131	75	2	60	pips_l40_r400_500-8000.hdf5	right	left
2027.6576	1	Stimulus/S  1	1	20276576	20276584	75	3	70	pips_l40_r400_500-8000.hdf5	right	left
2028.7243	1	Stimulus/S  1	1	20287243	20287251	75	4	50	pips_l40_r400_500-8000.hdf5	right	left
2029.7803	1	Stimulus/S  1	1	20297803	20297811	75	5	30	pips_l40_r400_500-8000.hdf5	right	left
2030.8257	1	Stimulus/S  1	1	20308257	20308265	76	0	20	pips_l40_r400_500-8000.hdf5	right	left
2031.8923	1	Stimulus/S  1	1	20318923	20318931	76	1	40	pips_l40_r400_500-8000.hdf5	right	left
2032.959	1	Stimulus/S  1	1	20329590	20329598	76	2	60	pips_l40_r400_500-8000.hdf5	right	left
2034.015	1	Stimulus/S  1	1	20340150	20340158	76	3	70	pips_l40_r400_500-8000.hdf5	right	left
2035.0604	1	Stimulus/S  1	1	20350604	20350612	76	4	50	pips_l40_r400_500-8000.hdf5	right	left
2036.1164	1	Stimulus/S  1	1	20361164	20361172	76	5	30	pips_l40_r400_500-8000.hdf5	right	left
2037.1831	1	Stimulus/S  1	1	20371831	20371839	77	0	20	pips_l40_r400_500-8000.hdf5	right	left
2038.2497	1	Stimulus/S  1	1	20382497	20382505	77	1	40	pips_l40_r400_500-8000.hdf5	right	left
2039.2951	1	Stimulus/S  1	1	20392951	20392959	77	2	60	pips_l40_r400_500-8000.hdf5	right	left
2040.3511	1	Stimulus/S  1	1	20403511	20403519	77	3	70	pips_l40_r400_500-8000.hdf5	right	left
2041.3964	1	Stimulus/S  1	1	20413964	20413972	77	4	50	pips_l40_r400_500-8000.hdf5	right	left
2042.4418	1	Stimulus/S  1	1	20424418	20424426	77	5	30	pips_l40_r400_500-8000.hdf5	right	left
2043.5085	1	Stimulus/S  1	1	20435085	20435093	78	0	20	pips_l40_r400_500-8000.hdf5	right	left
2044.5751	1	Stimulus/S  1	1	20445751	20445759	78	1	40	pips_l40_r400_500-8000.hdf5	right	left
2045.6418	1	Stimulus/S  1	1	20456418	20456426	78	2	60	pips_l40_r400_500-8000.hdf5	right	left
2046.7085	1	Stimulus/S  1	1	20467085	20467093	78	3	70	pips_l40_r400_500-8000.hdf5	right	left
2047.7752	1	Stimulus/S  1	1	20477752	20477760	78	4	50	pips_l40_r400_500-8000.hdf5	right	left
2048.8312	1	Stimulus/S  1	1	20488312	20488320	78	5	30	pips_l40_r400_500-8000.hdf5	right	left
2049.8765	1	Stimulus/S  1	1	20498765	20498773	79	0	20	pips_l40_r400_500-8000.hdf5	right	left
2050.9325	1	Stimulus/S  1	1	20509325	20509333	79	1	40	pips_l40_r400_500-8000.hdf5	right	left
2051.9992	1	Stimulus/S  1	1	20519992	20520000	79	2	60	pips_l40_r400_500-8000.hdf5	right	left
2053.0659	1	Stimulus/S  1	1	20530659	20530667	79	3	70	pips_l40_r400_500-8000.hdf5	right	left
2054.1326	1	Stimulus/S  1	1	20541326	20541334	79	4	50	pips_l40_r400_500-8000.hdf5	right	left
2055.1779	1	Stimulus/S  1	1	20551779	20551787	79	5	30	pips_l40_r400_500-8000.hdf5	right	left
2056.2339	1	Stimulus/S  1	1	20562339	20562347	80	0	20	pips_l40_r400_500-8000.hdf5	right	left
2057.3006	1	Stimulus/S  1	1	20573006	20573014	80	1	40	pips_l40_r400_500-8000.hdf5	right	left
2058.3673	1	Stimulus/S  1	1	20583673	20583681	80	2	60	pips_l40_r400_500-8000.hdf5	right	left
2059.4126	1	Stimulus/S  1	1	20594126	20594134	80	3	70	pips_l40_r400_500-8000.hdf5	right	left
2060.458	1	Stimulus/S  1	1	20604580	20604588	80	4	50	pips_l40_r400_500-8000.hdf5	right	left
2061.5353	1	Stimulus/S  1	1	20615353	20615361	80	5	30	pips_l40_r400_500-8000.hdf5	right	left
2062.602	1	Stimulus/S  1	1	20626020	20626028	81	0	20	pips_l40_r400_500-8000.hdf5	right	left
2063.658	1	Stimulus/S  1	1	20636580	20636588	81	1	40	pips_l40_r400_500-8000.hdf5	right	left
2064.714	1	Stimulus/S  1	1	20647140	20647148	81	2	60	pips_l40_r400_500-8000.hdf5	right	left
2065.7807	1	Stimulus/S  1	1	20657807	20657815	81	3	70	pips_l40_r400_500-8000.hdf5	right	left
2066.8473	1	Stimulus/S  1	1	20668473	20668481	81	4	50	pips_l40_r400_500-8000.hdf5	right	left
2067.914	1	Stimulus/S  1	1	20679140	20679148	81	5	30	pips_l40_r400_500-8000.hdf5	right	left
2068.9807	1	Stimulus/S  1	1	20689807	20689815	82	0	20	pips_l40_r400_500-8000.hdf5	right	left
2070.026	1	Stimulus/S  1	1	20700260	20700268	82	1	40	pips_l40_r400_500-8000.hdf5	right	left
2071.0927	1	Stimulus/S  1	1	20710927	20710935	82	2	60	pips_l40_r400_500-8000.hdf5	right	left
2072.1487	1	Stimulus/S  1	1	20721487	20721495	82	3	70	pips_l40_r400_500-8000.hdf5	right	left
2073.1941	1	Stimulus/S  1	1	20731941	20731949	82	4	50	pips_l40_r400_500-8000.hdf5	right	left
2074.2607	1	Stimulus/S  1	1	20742607	20742615	82	5	30	pips_l40_r400_500-8000.hdf5	right	left
2075.3168	1	Stimulus/S  1	1	20753168	20753176	83	0	20	pips_l40_r400_500-8000.hdf5	right	left
2076.3621	1	Stimulus/S  1	1	20763621	20763629	83	1	40	pips_l40_r400_500-8000.hdf5	right	left
2077.4288	1	Stimulus/S  1	1	20774288	20774296	83	2	60	pips_l40_r400_500-8000.hdf5	right	left
2078.4848	1	Stimulus/S  1	1	20784848	20784856	83	3	70	pips_l40_r400_500-8000.hdf5	right	left
2079.5301	1	Stimulus/S  1	1	20795301	20795309	83	4	50	pips_l40_r400_500-8000.hdf5	right	left
2080.5755	1	Stimulus/S  1	1	20805755	20805763	83	5	30	pips_l40_r400_500-8000.hdf5	right	left
2081.6422	1	Stimulus/S  1	1	20816422	20816430	84	0	20	pips_l40_r400_500-8000.hdf5	right	left
2082.7088	1	Stimulus/S  1	1	20827088	20827096	84	1	40	pips_l40_r400_500-8000.hdf5	right	left
2083.7755	1	Stimulus/S  1	1	20837755	20837763	84	2	60	pips_l40_r400_500-8000.hdf5	right	left
2084.8315	1	Stimulus/S  1	1	20848315	20848323	84	3	70	pips_l40_r400_500-8000.hdf5	right	left
2085.8769	1	Stimulus/S  1	1	20858769	20858777	84	4	50	pips_l40_r400_500-8000.hdf5	right	left
2086.9435	1	Stimulus/S  1	1	20869435	20869443	84	5	30	pips_l40_r400_500-8000.hdf5	right	left
2088.0102	1	Stimulus/S  1	1	20880102	20880110	85	0	20	pips_l40_r400_500-8000.hdf5	right	left
2089.0662	1	Stimulus/S  1	1	20890662	20890670	85	1	40	pips_l40_r400_500-8000.hdf5	right	left
2090.1329	1	Stimulus/S  1	1	20901329	20901337	85	2	60	pips_l40_r400_500-8000.hdf5	right	left
2091.1996	1	Stimulus/S  1	1	20911996	20912004	85	3	70	pips_l40_r400_500-8000.hdf5	right	left
2092.2663	1	Stimulus/S  1	1	20922663	20922671	85	4	50	pips_l40_r400_500-8000.hdf5	right	left
2093.3116	1	Stimulus/S  1	1	20933116	20933124	85	5	30	pips_l40_r400_500-8000.hdf5	right	left
2094.3676	1	Stimulus/S  1	1	20943676	20943684	86	0	20	pips_l40_r400_500-8000.hdf5	right	left
2095.413	1	Stimulus/S  1	1	20954130	20954138	86	1	40	pips_l40_r400_500-8000.hdf5	right	left
2096.469	1	Stimulus/S  1	1	20964690	20964698	86	2	60	pips_l40_r400_500-8000.hdf5	right	left
2097.5143	1	Stimulus/S  1	1	20975143	20975151	86	3	70	pips_l40_r400_500-8000.hdf5	right	left
2098.581	1	Stimulus/S  1	1	20985810	20985818	86	4	50	pips_l40_r400_500-8000.hdf5	right	left
2099.6477	1	Stimulus/S  1	1	20996477	20996485	86	5	30	pips_l40_r400_500-8000.hdf5	right	left
2100.7143	1	Stimulus/S  1	1	21007143	21007151	87	0	20	pips_l40_r400_500-8000.hdf5	right	left
2101.7597	1	Stimulus/S  1	1	21017597	21017605	87	1	40	pips_l40_r400_500-8000.hdf5	right	left
2102.8264	1	Stimulus/S  1	1	21028264	21028272	87	2	60	pips_l40_r400_500-8000.hdf5	right	left
2103.893	1	Stimulus/S  1	1	21038930	21038938	87	3	70	pips_l40_r400_500-8000.hdf5	right	left
2104.9597	1	Stimulus/S  1	1	21049597	21049605	87	4	50	pips_l40_r400_500-8000.hdf5	right	left
2106.0157	1	Stimulus/S  1	1	21060157	21060165	87	5	30	pips_l40_r400_500-8000.hdf5	right	left
2107.0611	1	Stimulus/S  1	1	21070611	21070619	88	0	20	pips_l40_r400_500-8000.hdf5	right	left
2108.1171	1	Stimulus/S  1	1	21081171	21081179	88	1	40	pips_l40_r400_500-8000.hdf5	right	left
2109.1624	1	Stimulus/S  1	1	21091624	21091632	88	2	60	pips_l40_r400_500-8000.hdf5	right	left
2110.2291	1	Stimulus/S  1	1	21102291	21102299	88	3	70	pips_l40_r400_500-8000.hdf5	right	left
2111.2851	1	Stimulus/S  1	1	21112851	21112859	88	4	50	pips_l40_r400_500-8000.hdf5	right	left
2112.3518	1	Stimulus/S  1	1	21123518	21123526	88	5	30	pips_l40_r400_500-8000.hdf5	right	left
2113.4185	1	Stimulus/S  1	1	21134185	21134193	89	0	20	pips_l40_r400_500-8000.hdf5	right	left
2114.4851	1	Stimulus/S  1	1	21144851	21144859	89	1	40	pips_l40_r400_500-8000.hdf5	right	left
2115.5518	1	Stimulus/S  1	1	21155518	21155526	89	2	60	pips_l40_r400_500-8000.hdf5	right	left
2116.5972	1	Stimulus/S  1	1	21165972	21165980	89	3	70	pips_l40_r400_500-8000.hdf5	right	left
2117.6532	1	Stimulus/S  1	1	21176532	21176540	89	4	50	pips_l40_r400_500-8000.hdf5	right	left
2118.6985	1	Stimulus/S  1	1	21186985	21186993	89	5	30	pips_l40_r400_500-8000.hdf5	right	left
2119.7438	1	Stimulus/S  1	1	21197438	21197446	90	0	20	pips_l40_r400_500-8000.hdf5	right	left
2120.8105	1	Stimulus/S  1	1	21208105	21208113	90	1	40	pips_l40_r400_500-8000.hdf5	right	left
2121.8665	1	Stimulus/S  1	1	21218665	21218673	90	2	60	pips_l40_r400_500-8000.hdf5	right	left
2122.9119	1	Stimulus/S  1	1	21229119	21229127	90	3	70	pips_l40_r400_500-8000.hdf5	right	left
2123.9679	1	Stimulus/S  1	1	21239679	21239687	90	4	50	pips_l40_r400_500-8000.hdf5	right	left
2125.0132	1	Stimulus/S  1	1	21250132	21250140	90	5	30	pips_l40_r400_500-8000.hdf5	right	left
2126.0692	1	Stimulus/S  1	1	21260692	21260700	91	0	20	pips_l40_r400_500-8000.hdf5	right	left
2127.1359	1	Stimulus/S  1	1	21271359	21271367	91	1	40	pips_l40_r400_500-8000.hdf5	right	left
2128.2026	1	Stimulus/S  1	1	21282026	21282034	91	2	60	pips_l40_r400_500-8000.hdf5	right	left
2129.2693	1	Stimulus/S  1	1	21292693	21292701	91	3	70	pips_l40_r400_500-8000.hdf5	right	left
2130.3359	1	Stimulus/S  1	1	21303359	21303367	91	4	50	pips_l40_r400_500-8000.hdf5	right	left
2131.3813	1	Stimulus/S  1	1	21313813	21313821	91	5	30	pips_l40_r400_500-8000.hdf5	right	left
2132.4266	1	Stimulus/S  1	1	21324266	21324274	92	0	20	pips_l40_r400_500-8000.hdf5	right	left
2133.4826	1	Stimulus/S  1	1	21334826	21334834	92	1	40	pips_l40_r400_500-8000.hdf5	right	left
2134.528	1	Stimulus/S  1	1	21345280	21345288	92	2	60	pips_l40_r400_500-8000.hdf5	right	left
2135.5947	1	Stimulus/S  1	1	21355947	21355955	92	3	70	pips_l40_r400_500-8000.hdf5	right	left
2136.6613	1	Stimulus/S  1	1	21366613	21366621	92	4	50	pips_l40_r400_500-8000.hdf5	right	left
2137.728	1	Stimulus/S  1	1	21377280	21377288	92	5	30	pips_l40_r400_500-8000.hdf5	right	left
2138.7947	1	Stimulus/S  1	1	21387947	21387955	93	0	20	pips_l40_r400_500-8000.hdf5	right	left
2139.8614	1	Stimulus/S  1	1	21398614	21398622	93	1	40	pips_l40_r400_500-8000.hdf5	right	left
2140.9174	1	Stimulus/S  1	1	21409174	21409182	93	2	60	pips_l40_r400_500-8000.hdf5	right	left
2141.9627	1	Stimulus/S  1	1	21419627	21419635	93	3	70	pips_l40_r400_500-8000.hdf5	right	left
2143.0294	1	Stimulus/S  1	1	21430294	21430302	93	4	50	pips_l40_r400_500-8000.hdf5	right	left
2144.0854	1	Stimulus/S  1	1	21440854	21440862	93	5	30	pips_l40_r400_500-8000.hdf5	right	left
2145.1308	1	Stimulus/S  1	1	21451308	21451316	94	0	20	pips_l40_r400_500-8000.hdf5	right	left
2146.1974	1	Stimulus/S  1	1	21461974	21461982	94	1	40	pips_l40_r400_500-8000.hdf5	right	left
2147.2641	1	Stimulus/S  1	1	21472641	21472649	94	2	60	pips_l40_r400_500-8000.hdf5	right	left
2148.3308	1	Stimulus/S  1	1	21483308	21483316	94	3	70	pips_l40_r400_500-8000.hdf5	right	left
2149.3975	1	Stimulus/S  1	1	21493975	21493983	94	4	50	pips_l40_r400_500-8000.hdf5	right	left
2150.4641	1	Stimulus/S  1	1	21504641	21504649	94	5	30	pips_l40_r400_500-8000.hdf5	right	left
2151.5202	1	Stimulus/S  1	1	21515202	21515210	95	0	20	pips_l40_r400_500-8000.hdf5	right	left
2152.5655	1	Stimulus/S  1	1	21525655	21525663	95	1	40	pips_l40_r400_500-8000.hdf5	right	left
2153.6108	1	Stimulus/S  1	1	21536108	21536116	95	2	60	pips_l40_r400_500-8000.hdf5	right	left
2154.6775	1	Stimulus/S  1	1	21546775	21546783	95	3	70	pips_l40_r400_500-8000.hdf5	right	left
2155.7442	1	Stimulus/S  1	1	21557442	21557450	95	4	50	pips_l40_r400_500-8000.hdf5	right	left
2156.8002	1	Stimulus/S  1	1	21568002	21568010	95	5	30	pips_l40_r400_500-8000.hdf5	right	left
2157.8455	1	Stimulus/S  1	1	21578455	21578463	96	0	20	pips_l40_r400_500-8000.hdf5	right	left
2158.9016	1	Stimulus/S  1	1	21589016	21589024	96	1	40	pips_l40_r400_500-8000.hdf5	right	left
2159.9682	1	Stimulus/S  1	1	21599682	21599690	96	2	60	pips_l40_r400_500-8000.hdf5	right	left
2161.0349	1	Stimulus/S  1	1	21610349	21610357	96	3	70	pips_l40_r400_500-8000.hdf5	right	left
2162.0803	1	Stimulus/S  1	1	21620803	21620811	96	4	50	pips_l40_r400_500-8000.hdf5	right	left
2163.1363	1	Stimulus/S  1	1	21631363	21631371	96	5	30	pips_l40_r400_500-8000.hdf5	right	left
2164.1816	1	Stimulus/S  1	1	21641816	21641824	97	0	20	pips_l40_r400_500-8000.hdf5	right	left
2165.2483	1	Stimulus/S  1	1	21652483	21652491	97	1	40	pips_l40_r400_500-8000.hdf5	right	left
2166.315	1	Stimulus/S  1	1	21663150	21663158	97	2	60	pips_l40_r400_500-8000.hdf5	right	left
2167.3816	1	Stimulus/S  1	1	21673816	21673824	97	3	70	pips_l40_r400_500-8000.hdf5	right	left
2168.4483	1	Stimulus/S  1	1	21684483	21684491	97	4	50	pips_l40_r400_500-8000.hdf5	right	left
2169.4937	1	Stimulus/S  1	1	21694937	21694945	97	5	30	pips_l40_r400_500-8000.hdf5	right	left
2170.5603	1	Stimulus/S  1	1	21705603	21705611	98	0	20	pips_l40_r400_500-8000.hdf5	right	left
2171.627	1	Stimulus/S  1	1	21716270	21716278	98	1	40	pips_l40_r400_500-8000.hdf5	right	left
2172.6937	1	Stimulus/S  1	1	21726937	21726945	98	2	60	pips_l40_r400_500-8000.hdf5	right	left
2173.7497	1	Stimulus/S  1	1	21737497	21737505	98	3	70	pips_l40_r400_500-8000.hdf5	right	left
2174.795	1	Stimulus/S  1	1	21747950	21747958	98	4	50	pips_l40_r400_500-8000.hdf5	right	left
2175.851	1	Stimulus/S  1	1	21758510	21758518	98	5	30	pips_l40_r400_500-8000.hdf5	right	left
2176.9177	1	Stimulus/S  1	1	21769177	21769185	99	0	20	pips_l40_r400_500-8000.hdf5	right	left
2177.9844	1	Stimulus/S  1	1	21779844	21779852	99	1	40	pips_l40_r400_500-8000.hdf5	right	left
2179.0511	1	Stimulus/S  1	1	21790511	21790519	99	2	60	pips_l40_r400_500-8000.hdf5	right	left
2180.0964	1	Stimulus/S  1	1	21800964	21800972	99	3	70	pips_l40_r400_500-8000.hdf5	right	left
2181.1524	1	Stimulus/S  1	1	21811524	21811532	99	4	50	pips_l40_r400_500-8000.hdf5	right	left
2182.1978	1	Stimulus/S  1	1	21821978	21821986	99	5	30	pips_l40_r400_500-8000.hdf5	right	left
2183.2431	1	Stimulus/S  1	1	21832431	21832439	100	0	20	pips_l40_r400_500-8000.hdf5	right	left
2184.3205	1	Stimulus/S  1	1	21843205	21843213	100	1	40	pips_l40_r400_500-8000.hdf5	right	left
2185.3658	1	Stimulus/S  1	1	21853658	21853666	100	2	60	pips_l40_r400_500-8000.hdf5	right	left
2186.4111	1	Stimulus/S  1	1	21864111	21864119	100	3	70	pips_l40_r400_500-8000.hdf5	right	left
2187.4672	1	Stimulus/S  1	1	21874672	21874680	100	4	50	pips_l40_r400_500-8000.hdf5	right	left
2188.5338	1	Stimulus/S  1	1	21885338	21885346	100	5	30	pips_l40_r400_500-8000.hdf5	right	left
2189.6005	1	Stimulus/S  1	1	21896005	21896013	101	0	20	pips_l40_r400_500-8000.hdf5	right	left
2190.6672	1	Stimulus/S  1	1	21906672	21906680	101	1	40	pips_l40_r400_500-8000.hdf5	right	left
2191.7125	1	Stimulus/S  1	1	21917125	21917133	101	2	60	pips_l40_r400_500-8000.hdf5	right	left
2192.7792	1	Stimulus/S  1	1	21927792	21927800	101	3	70	pips_l40_r400_500-8000.hdf5	right	left
2193.8459	1	Stimulus/S  1	1	21938459	21938467	101	4	50	pips_l40_r400_500-8000.hdf5	right	left
2194.9126	1	Stimulus/S  1	1	21949126	21949134	101	5	30	pips_l40_r400_500-8000.hdf5	right	left
2195.9792	1	Stimulus/S  1	1	21959792	21959800	102	0	20	pips_l40_r400_500-8000.hdf5	right	left
2197.0352	1	Stimulus/S  1	1	21970352	21970360	102	1	40	pips_l40_r400_500-8000.hdf5	right	left
2198.1019	1	Stimulus/S  1	1	21981019	21981027	102	2	60	pips_l40_r400_500-8000.hdf5	right	left
2199.1686	1	Stimulus/S  1	1	21991686	21991694	102	3	70	pips_l40_r400_500-8000.hdf5	right	left
2200.2139	1	Stimulus/S  1	1	22002139	22002147	102	4	50	pips_l40_r400_500-8000.hdf5	right	left
2201.27	1	Stimulus/S  1	1	22012700	22012708	102	5	30	pips_l40_r400_500-8000.hdf5	right	left
2202.3153	1	Stimulus/S  1	1	22023153	22023161	103	0	20	pips_l40_r400_500-8000.hdf5	right	left
2203.382	1	Stimulus/S  1	1	22033820	22033828	103	1	40	pips_l40_r400_500-8000.hdf5	right	left
2204.4487	1	Stimulus/S  1	1	22044487	22044495	103	2	60	pips_l40_r400_500-8000.hdf5	right	left
2205.5153	1	Stimulus/S  1	1	22055153	22055161	103	3	70	pips_l40_r400_500-8000.hdf5	right	left
2206.582	1	Stimulus/S  1	1	22065820	22065828	103	4	50	pips_l40_r400_500-8000.hdf5	right	left
2207.6487	1	Stimulus/S  1	1	22076487	22076495	103	5	30	pips_l40_r400_500-8000.hdf5	right	left
2208.694	1	Stimulus/S  1	1	22086940	22086948	104	0	20	pips_l40_r400_500-8000.hdf5	right	left
2209.75	1	Stimulus/S  1	1	22097500	22097508	104	1	40	pips_l40_r400_500-8000.hdf5	right	left
2210.7954	1	Stimulus/S  1	1	22107954	22107962	104	2	60	pips_l40_r400_500-8000.hdf5	right	left
2211.8621	1	Stimulus/S  1	1	22118621	22118629	104	3	70	pips_l40_r400_500-8000.hdf5	right	left
2212.9181	1	Stimulus/S  1	1	22129181	22129189	104	4	50	pips_l40_r400_500-8000.hdf5	right	left
2213.9847	1	Stimulus/S  1	1	22139847	22139855	104	5	30	pips_l40_r400_500-8000.hdf5	right	left
2215.0514	1	Stimulus/S  1	1	22150514	22150522	105	0	20	pips_l40_r400_500-8000.hdf5	right	left
2216.1181	1	Stimulus/S  1	1	22161181	22161189	105	1	40	pips_l40_r400_500-8000.hdf5	right	left
2217.1848	1	Stimulus/S  1	1	22171848	22171856	105	2	60	pips_l40_r400_500-8000.hdf5	right	left
2218.2515	1	Stimulus/S  1	1	22182515	22182523	105	3	70	pips_l40_r400_500-8000.hdf5	right	left
2219.2968	1	Stimulus/S  1	1	22192968	22192976	105	4	50	pips_l40_r400_500-8000.hdf5	right	left
2220.3635	1	Stimulus/S  1	1	22203635	22203643	105	5	30	pips_l40_r400_500-8000.hdf5	right	left
2221.4301	1	Stimulus/S  1	1	22214301	22214309	106	0	20	pips_l40_r400_500-8000.hdf5	right	left
2222.4862	1	Stimulus/S  1	1	22224862	22224870	106	1	40	pips_l40_r400_500-8000.hdf5	right	left
2223.5315	1	Stimulus/S  1	1	22235315	22235323	106	2	60	pips_l40_r400_500-8000.hdf5	right	left
2224.5875	1	Stimulus/S  1	1	22245875	22245883	106	3	70	pips_l40_r400_500-8000.hdf5	right	left
2225.6329	1	Stimulus/S  1	1	22256329	22256337	106	4	50	pips_l40_r400_500-8000.hdf5	right	left
2226.6995	1	Stimulus/S  1	1	22266995	22267003	106	5	30	pips_l40_r400_500-8000.hdf5	right	left
2227.7662	1	Stimulus/S  1	1	22277662	22277670	107	0	20	pips_l40_r400_500-8000.hdf5	right	left
2228.8329	1	Stimulus/S  1	1	22288329	22288337	107	1	40	pips_l40_r400_500-8000.hdf5	right	left
2229.8996	1	Stimulus/S  1	1	22298996	22299004	107	2	60	pips_l40_r400_500-8000.hdf5	right	left
2230.9662	1	Stimulus/S  1	1	22309662	22309670	107	3	70	pips_l40_r400_500-8000.hdf5	right	left
2232.0329	1	Stimulus/S  1	1	22320329	22320337	107	4	50	pips_l40_r400_500-8000.hdf5	right	left
2233.0783	1	Stimulus/S  1	1	22330783	22330791	107	5	30	pips_l40_r400_500-8000.hdf5	right	left
2234.1343	1	Stimulus/S  1	1	22341343	22341351	108	0	20	pips_l40_r400_500-8000.hdf5	right	left
2235.2009	1	Stimulus/S  1	1	22352009	22352017	108	1	40	pips_l40_r400_500-8000.hdf5	right	left
2236.2676	1	Stimulus/S  1	1	22362676	22362684	108	2	60	pips_l40_r400_500-8000.hdf5	right	left
2237.3343	1	Stimulus/S  1	1	22373343	22373351	108	3	70	pips_l40_r400_500-8000.hdf5	right	left
2238.3796	1	Stimulus/S  1	1	22383796	22383804	108	4	50	pips_l40_r400_500-8000.hdf5	right	left
2239.4357	1	Stimulus/S  1	1	22394357	22394365	108	5	30	pips_l40_r400_500-8000.hdf5	right	left
2240.481	1	Stimulus/S  1	1	22404810	22404818	109	0	20	pips_l40_r400_500-8000.hdf5	right	left
2241.5477	1	Stimulus/S  1	1	22415477	22415485	109	1	40	pips_l40_r400_500-8000.hdf5	right	left
2242.6143	1	Stimulus/S  1	1	22426143	22426151	109	2	60	pips_l40_r400_500-8000.hdf5	right	left
2243.6704	1	Stimulus/S  1	1	22436704	22436712	109	3	70	pips_l40_r400_500-8000.hdf5	right	left
2244.7157	1	Stimulus/S  1	1	22447157	22447165	109	4	50	pips_l40_r400_500-8000.hdf5	right	left
2245.7717	1	Stimulus/S  1	1	22457717	22457725	109	5	30	pips_l40_r400_500-8000.hdf5	right	left
2246.8171	1	Stimulus/S  1	1	22468171	22468179	110	0	20	pips_l40_r400_500-8000.hdf5	right	left
2247.8624	1	Stimulus/S  1	1	22478624	22478632	110	1	40	pips_l40_r400_500-8000.hdf5	right	left
2248.9291	1	Stimulus/S  1	1	22489291	22489299	110	2	60	pips_l40_r400_500-8000.hdf5	right	left
2249.9958	1	Stimulus/S  1	1	22499958	22499966	110	3	70	pips_l40_r400_500-8000.hdf5	right	left
2251.0624	1	Stimulus/S  1	1	22510624	22510632	110	4	50	pips_l40_r400_500-8000.hdf5	right	left
2252.1291	1	Stimulus/S  1	1	22521291	22521299	110	5	30	pips_l40_r400_500-8000.hdf5	right	left
2253.1958	1	Stimulus/S  1	1	22531958	22531966	111	0	20	pips_l40_r400_500-8000.hdf5	right	left
2254.2625	1	Stimulus/S  1	1	22542625	22542633	111	1	40	pips_l40_r400_500-8000.hdf5	right	left
2255.3185	1	Stimulus/S  1	1	22553185	22553193	111	2	60	pips_l40_r400_500-8000.hdf5	right	left
2256.3638	1	Stimulus/S  1	1	22563638	22563646	111	3	70	pips_l40_r400_500-8000.hdf5	right	left
2257.4198	1	Stimulus/S  1	1	22574198	22574206	111	4	50	pips_l40_r400_500-8000.hdf5	right	left
2258.4865	1	Stimulus/S  1	1	22584865	22584873	111	5	30	pips_l40_r400_500-8000.hdf5	right	left
2259.5532	1	Stimulus/S  1	1	22595532	22595540	112	0	20	pips_l40_r400_500-8000.hdf5	right	left
2260.5985	1	Stimulus/S  1	1	22605985	22605993	112	1	40	pips_l40_r400_500-8000.hdf5	right	left
2261.6545	1	Stimulus/S  1	1	22616545	22616553	112	2	60	pips_l40_r400_500-8000.hdf5	right	left
2262.6999	1	Stimulus/S  1	1	22626999	22627007	112	3	70	pips_l40_r400_500-8000.hdf5	right	left
2263.7665	1	Stimulus/S  1	1	22637665	22637673	112	4	50	pips_l40_r400_500-8000.hdf5	right	left
2264.8332	1	Stimulus/S  1	1	22648332	22648340	112	5	30	pips_l40_r400_500-8000.hdf5	right	left
2265.8786	1	Stimulus/S  1	1	22658786	22658794	113	0	20	pips_l40_r400_500-8000.hdf5	right	left
2266.9346	1	Stimulus/S  1	1	22669346	22669354	113	1	40	pips_l40_r400_500-8000.hdf5	right	left
2267.9799	1	Stimulus/S  1	1	22679799	22679807	113	2	60	pips_l40_r400_500-8000.hdf5	right	left
2269.0466	1	Stimulus/S  1	1	22690466	22690474	113	3	70	pips_l40_r400_500-8000.hdf5	right	left
2270.1133	1	Stimulus/S  1	1	22701133	22701141	113	4	50	pips_l40_r400_500-8000.hdf5	right	left
2271.1693	1	Stimulus/S  1	1	22711693	22711701	113	5	30	pips_l40_r400_500-8000.hdf5	right	left
2272.2146	1	Stimulus/S  1	1	22722146	22722154	114	0	20	pips_l40_r400_500-8000.hdf5	right	left
2273.2706	1	Stimulus/S  1	1	22732706	22732714	114	1	40	pips_l40_r400_500-8000.hdf5	right	left
2274.3373	1	Stimulus/S  1	1	22743373	22743381	114	2	60	pips_l40_r400_500-8000.hdf5	right	left
2275.3827	1	Stimulus/S  1	1	22753827	22753835	114	3	70	pips_l40_r400_500-8000.hdf5	right	left
2276.428	1	Stimulus/S  1	1	22764280	22764288	114	4	50	pips_l40_r400_500-8000.hdf5	right	left
2277.5053	1	Stimulus/S  1	1	22775053	22775061	114	5	30	pips_l40_r400_500-8000.hdf5	right	left
2278.572	1	Stimulus/S  1	1	22785720	22785728	115	0	20	pips_l40_r400_500-8000.hdf5	right	left
2279.6174	1	Stimulus/S  1	1	22796174	22796182	115	1	40	pips_l40_r400_500-8000.hdf5	right	left
2280.6627	1	Stimulus/S  1	1	22806627	22806635	115	2	60	pips_l40_r400_500-8000.hdf5	right	left
2281.7187	1	Stimulus/S  1	1	22817187	22817195	115	3	70	pips_l40_r400_500-8000.hdf5	right	left
2282.7854	1	Stimulus/S  1	1	22827854	22827862	115	4	50	pips_l40_r400_500-8000.hdf5	right	left
2283.8521	1	Stimulus/S  1	1	22838521	22838529	115	5	30	pips_l40_r400_500-8000.hdf5	right	left
2284.9187	1	Stimulus/S  1	1	22849187	22849195	116	0	20	pips_l40_r400_500-8000.hdf5	right	left
2285.9854	1	Stimulus/S  1	1	22859854	22859862	116	1	40	pips_l40_r400_500-8000.hdf5	right	left
2287.0308	1	Stimulus/S  1	1	22870308	22870316	116	2	60	pips_l40_r400_500-8000.hdf5	right	left
2288.0868	1	Stimulus/S  1	1	22880868	22880876	116	3	70	pips_l40_r400_500-8000.hdf5	right	left
2289.1321	1	Stimulus/S  1	1	22891321	22891329	116	4	50	pips_l40_r400_500-8000.hdf5	right	left
2290.1988	1	Stimulus/S  1	1	22901988	22901996	116	5	30	pips_l40_r400_500-8000.hdf5	right	left
2291.2548	1	Stimulus/S  1	1	22912548	22912556	117	0	20	pips_l40_r400_500-8000.hdf5	right	left
2292.3002	1	Stimulus/S  1	1	22923002	22923010	117	1	40	pips_l40_r400_500-8000.hdf5	right	left
2293.3455	1	Stimulus/S  1	1	22933455	22933463	117	2	60	pips_l40_r400_500-8000.hdf5	right	left
2294.4228	1	Stimulus/S  1	1	22944228	22944236	117	3	70	pips_l40_r400_500-8000.hdf5	right	left
2295.4789	1	Stimulus/S  1	1	22954789	22954797	117	4	50	pips_l40_r400_500-8000.hdf5	right	left
2296.5349	1	Stimulus/S  1	1	22965349	22965357	117	5	30	pips_l40_r400_500-8000.hdf5	right	left
2297.5802	1	Stimulus/S  1	1	22975802	22975810	118	0	20	pips_l40_r400_500-8000.hdf5	right	left
2298.6469	1	Stimulus/S  1	1	22986469	22986477	118	1	40	pips_l40_r400_500-8000.hdf5	right	left
2299.7136	1	Stimulus/S  1	1	22997136	22997144	118	2	60	pips_l40_r400_500-8000.hdf5	right	left
2300.7696	1	Stimulus/S  1	1	23007696	23007704	118	3	70	pips_l40_r400_500-8000.hdf5	right	left
2301.8149	1	Stimulus/S  1	1	23018149	23018157	118	4	50	pips_l40_r400_500-8000.hdf5	right	left
2302.8709	1	Stimulus/S  1	1	23028709	23028717	118	5	30	pips_l40_r400_500-8000.hdf5	right	left
2303.9376	1	Stimulus/S  1	1	23039376	23039384	119	0	20	pips_l40_r400_500-8000.hdf5	right	left
2304.9829	1	Stimulus/S  1	1	23049829	23049837	119	1	40	pips_l40_r400_500-8000.hdf5	right	left
2306.039	1	Stimulus/S  1	1	23060390	23060398	119	2	60	pips_l40_r400_500-8000.hdf5	right	left
2307.0843	1	Stimulus/S  1	1	23070843	23070851	119	3	70	pips_l40_r400_500-8000.hdf5	right	left
2308.1296	1	Stimulus/S  1	1	23081296	23081304	119	4	50	pips_l40_r400_500-8000.hdf5	right	left
2309.1963	1	Stimulus/S  1	1	23091963	23091971	119	5	30	pips_l40_r400_500-8000.hdf5	right	left
2310.2523	1	Stimulus/S  1	1	23102523	23102531	0	0	20	pips_l40_r400_500-8000.hdf5	right	left
2311.2977	1	Stimulus/S  1	1	23112977	23112985	0	1	40	pips_l40_r400_500-8000.hdf5	right	left
2312.3537	1	Stimulus/S  1	1	23123537	23123545	0	2	60	pips_l40_r400_500-8000.hdf5	right	left
2313.4204	1	Stimulus/S  1	1	23134204	23134212	0	3	70	pips_l40_r400_500-8000.hdf5	right	left
2314.4657	1	Stimulus/S  1	1	23144657	23144665	0	4	50	pips_l40_r400_500-8000.hdf5	right	left
2315.5217	1	Stimulus/S  1	1	23155217	23155225	0	5	30	pips_l40_r400_500-8000.hdf5	right	left
2316.5884	1	Stimulus/S  1	1	23165884	23165892	1	0	20	pips_l40_r400_500-8000.hdf5	right	left
2317.6551	1	Stimulus/S  1	1	23176551	23176559	1	1	40	pips_l40_r400_500-8000.hdf5	right	left
2318.7004	1	Stimulus/S  1	1	23187004	23187012	1	2	60	pips_l40_r400_500-8000.hdf5	right	left
2319.7564	1	Stimulus/S  1	1	23197564	23197572	1	3	70	pips_l40_r400_500-8000.hdf5	right	left
2320.8018	1	Stimulus/S  1	1	23208018	23208026	1	4	50	pips_l40_r400_500-8000.hdf5	right	left
2321.8684	1	Stimulus/S  1	1	23218684	23218692	1	5	30	pips_l40_r400_500-8000.hdf5	right	left
2322.9351	1	Stimulus/S  1	1	23229351	23229359	2	0	20	pips_l40_r400_500-8000.hdf5	right	left
2323.9805	1	Stimulus/S  1	1	23239805	23239813	2	1	40	pips_l40_r400_500-8000.hdf5	right	left
2325.0365	1	Stimulus/S  1	1	23250365	23250373	2	2	60	pips_l40_r400_500-8000.hdf5	right	left
2326.1031	1	Stimulus/S  1	1	23261031	23261039	2	3	70	pips_l40_r400_500-8000.hdf5	right	left
2327.1485	1	Stimulus/S  1	1	23271485	23271493	2	4	50	pips_l40_r400_500-8000.hdf5	right	left
2328.2045	1	Stimulus/S  1	1	23282045	23282053	2	5	30	pips_l40_r400_500-8000.hdf5	right	left
2329.2498	1	Stimulus/S  1	1	23292498	23292506	3	0	20	pips_l40_r400_500-8000.hdf5	right	left
2330.3058	1	Stimulus/S  1	1	23303058	23303066	3	1	40	pips_l40_r400_500-8000.hdf5	right	left
2331.3725	1	Stimulus/S  1	1	23313725	23313733	3	2	60	pips_l40_r400_500-8000.hdf5	right	left
2332.4179	1	Stimulus/S  1	1	23324179	23324187	3	3	70	pips_l40_r400_500-8000.hdf5	right	left
2333.4632	1	Stimulus/S  1	1	23334632	23334640	3	4	50	pips_l40_r400_500-8000.hdf5	right	left
2334.5299	1	Stimulus/S  1	1	23345299	23345307	3	5	30	pips_l40_r400_500-8000.hdf5	right	left
2335.5966	1	Stimulus/S  1	1	23355966	23355974	4	0	20	pips_l40_r400_500-8000.hdf5	right	left
2336.6526	1	Stimulus/S  1	1	23366526	23366534	4	1	40	pips_l40_r400_500-8000.hdf5	right	left
2337.7193	1	Stimulus/S  1	1	23377193	23377201	4	2	60	pips_l40_r400_500-8000.hdf5	right	left
2338.7859	1	Stimulus/S  1	1	23387859	23387867	4	3	70	pips_l40_r400_500-8000.hdf5	right	left
2339.8313	1	Stimulus/S  1	1	23398313	23398321	4	4	50	pips_l40_r400_500-8000.hdf5	right	left
2340.8873	1	Stimulus/S  1	1	23408873	23408881	4	5	30	pips_l40_r400_500-8000.hdf5	right	left
2341.954	1	Stimulus/S  1	1	23419540	23419548	5	0	20	pips_l40_r400_500-8000.hdf5	right	left
2342.9993	1	Stimulus/S  1	1	23429993	23430001	5	1	40	pips_l40_r400_500-8000.hdf5	right	left
2344.0553	1	Stimulus/S  1	1	23440553	23440561	5	2	60	pips_l40_r400_500-8000.hdf5	right	left
2345.122	1	Stimulus/S  1	1	23451220	23451228	5	3	70	pips_l40_r400_500-8000.hdf5	right	left
2346.1673	1	Stimulus/S  1	1	23461673	23461681	5	4	50	pips_l40_r400_500-8000.hdf5	right	left
2347.2127	1	Stimulus/S  1	1	23472127	23472135	5	5	30	pips_l40_r400_500-8000.hdf5	right	left
2348.29	1	Stimulus/S  1	1	23482900	23482908	6	0	20	pips_l40_r400_500-8000.hdf5	right	left
2349.3354	1	Stimulus/S  1	1	23493354	23493362	6	1	40	pips_l40_r400_500-8000.hdf5	right	left
2350.3807	1	Stimulus/S  1	1	23503807	23503815	6	2	60	pips_l40_r400_500-8000.hdf5	right	left
2351.4474	1	Stimulus/S  1	1	23514474	23514482	6	3	70	pips_l40_r400_500-8000.hdf5	right	left
2352.5034	1	Stimulus/S  1	1	23525034	23525042	6	4	50	pips_l40_r400_500-8000.hdf5	right	left
2353.5487	1	Stimulus/S  1	1	23535487	23535495	6	5	30	pips_l40_r400_500-8000.hdf5	right	left
2354.6047	1	Stimulus/S  1	1	23546047	23546055	7	0	20	pips_l40_r400_500-8000.hdf5	right	left
2355.6501	1	Stimulus/S  1	1	23556501	23556509	7	1	40	pips_l40_r400_500-8000.hdf5	right	left
2356.7168	1	Stimulus/S  1	1	23567168	23567176	7	2	60	pips_l40_r400_500-8000.hdf5	right	left
2357.7834	1	Stimulus/S  1	1	23577834	23577842	7	3	70	pips_l40_r400_500-8000.hdf5	right	left
2358.8395	1	Stimulus/S  1	1	23588395	23588403	7	4	50	pips_l40_r400_500-8000.hdf5	right	left
2359.9061	1	Stimulus/S  1	1	23599061	23599069	7	5	30	pips_l40_r400_500-8000.hdf5	right	left
2360.9515	1	Stimulus/S  1	1	23609515	23609523	8	0	20	pips_l40_r400_500-8000.hdf5	right	left
2361.9968	1	Stimulus/S  1	1	23619968	23619976	8	1	40	pips_l40_r400_500-8000.hdf5	right	left
2363.0635	1	Stimulus/S  1	1	23630635	23630643	8	2	60	pips_l40_r400_500-8000.hdf5	right	left
2364.1195	1	Stimulus/S  1	1	23641195	23641203	8	3	70	pips_l40_r400_500-8000.hdf5	right	left
2365.1648	1	Stimulus/S  1	1	23651648	23651656	8	4	50	pips_l40_r400_500-8000.hdf5	right	left
2366.2315	1	Stimulus/S  1	1	23662315	23662323	8	5	30	pips_l40_r400_500-8000.hdf5	right	left
2367.2875	1	Stimulus/S  1	1	23672875	23672883	9	0	20	pips_l40_r400_500-8000.hdf5	right	left
2368.3542	1	Stimulus/S  1	1	23683542	23683550	9	1	40	pips_l40_r400_500-8000.hdf5	right	left
2369.3996	1	Stimulus/S  1	1	23693996	23694004	9	2	60	pips_l40_r400_500-8000.hdf5	right	left
2370.4662	1	Stimulus/S  1	1	23704662	23704670	9	3	70	pips_l40_r400_500-8000.hdf5	right	left
2371.5222	1	Stimulus/S  1	1	23715222	23715230	9	4	50	pips_l40_r400_500-8000.hdf5	right	left
2372.5889	1	Stimulus/S  1	1	23725889	23725897	9	5	30	pips_l40_r400_500-8000.hdf5	right	left
2373.6343	1	Stimulus/S  1	1	23736343	23736351	10	0	20	pips_l40_r400_500-8000.hdf5	right	left
2374.7009	1	Stimulus/S  1	1	23747009	23747017	10	1	40	pips_l40_r400_500-8000.hdf5	right	left
2375.7676	1	Stimulus/S  1	1	23757676	23757684	10	2	60	pips_l40_r400_500-8000.hdf5	right	left
2376.8236	1	Stimulus/S  1	1	23768236	23768244	10	3	70	pips_l40_r400_500-8000.hdf5	right	left
2377.8903	1	Stimulus/S  1	1	23778903	23778911	10	4	50	pips_l40_r400_500-8000.hdf5	right	left
2378.9356	1	Stimulus/S  1	1	23789356	23789364	10	5	30	pips_l40_r400_500-8000.hdf5	right	left
2379.981	1	Stimulus/S  1	1	23799810	23799818	11	0	20	pips_l40_r400_500-8000.hdf5	right	left
2381.0477	1	Stimulus/S  1	1	23810477	23810485	11	1	40	pips_l40_r400_500-8000.hdf5	right	left
2382.1037	1	Stimulus/S  1	1	23821037	23821045	11	2	60	pips_l40_r400_500-8000.hdf5	right	left
2383.1703	1	Stimulus/S  1	1	23831703	23831711	11	3	70	pips_l40_r400_500-8000.hdf5	right	left
2384.237	1	Stimulus/S  1	1	23842370	23842378	11	4	50	pips_l40_r400_500-8000.hdf5	right	left
2385.2824	1	Stimulus/S  1	1	23852824	23852832	11	5	30	pips_l40_r400_500-8000.hdf5	right	left
2386.3384	1	Stimulus/S  1	1	23863384	23863392	12	0	20	pips_l40_r400_500-8000.hdf5	right	left
2387.4051	1	Stimulus/S  1	1	23874051	23874059	12	1	40	pips_l40_r400_500-8000.hdf5	right	left
2388.4504	1	Stimulus/S  1	1	23884504	23884512	12	2	60	pips_l40_r400_500-8000.hdf5	right	left
2389.5064	1	Stimulus/S  1	1	23895064	23895072	12	3	70	pips_l40_r400_500-8000.hdf5	right	left
2390.5731	1	Stimulus/S  1	1	23905731	23905739	12	4	50	pips_l40_r400_500-8000.hdf5	right	left
2391.6184	1	Stimulus/S  1	1	23916184	23916192	12	5	30	pips_l40_r400_500-8000.hdf5	right	left
2392.6851	1	Stimulus/S  1	1	23926851	23926859	13	0	20	pips_l40_r400_500-8000.hdf5	right	left
2393.7518	1	Stimulus/S  1	1	23937518	23937526	13	1	40	pips_l40_r400_500-8000.hdf5	right	left
2394.8078	1	Stimulus/S  1	1	23948078	23948086	13	2	60	pips_l40_r400_500-8000.hdf5	right	left
2395.8531	1	Stimulus/S  1	1	23958531	23958539	13	3	70	pips_l40_r400_500-8000.hdf5	right	left
2396.8985	1	Stimulus/S  1	1	23968985	23968993	13	4	50	pips_l40_r400_500-8000.hdf5	right	left
2397.9545	1	Stimulus/S  1	1	23979545	23979553	13	5	30	pips_l40_r400_500-8000.hdf5	right	left
2399.0212	1	Stimulus/S  1	1	23990212	23990220	14	0	20	pips_l40_r400_500-8000.hdf5	right	left
2400.0665	1	Stimulus/S  1	1	24000665	24000673	14	1	40	pips_l40_r400_500-8000.hdf5	right	left
2401.1225	1	Stimulus/S  1	1	24011225	24011233	14	2	60	pips_l40_r400_500-8000.hdf5	right	left
2402.1892	1	Stimulus/S  1	1	24021892	24021900	14	3	70	pips_l40_r400_500-8000.hdf5	right	left
2403.2345	1	Stimulus/S  1	1	24032345	24032353	14	4	50	pips_l40_r400_500-8000.hdf5	right	left
2404.2905	1	Stimulus/S  1	1	24042905	24042913	14	5	30	pips_l40_r400_500-8000.hdf5	right	left
2405.3572	1	Stimulus/S  1	1	24053572	24053580	15	0	20	pips_l40_r400_500-8000.hdf5	right	left
2406.4239	1	Stimulus/S  1	1	24064239	24064247	15	1	40	pips_l40_r400_500-8000.hdf5	right	left
2407.4692	1	Stimulus/S  1	1	24074692	24074700	15	2	60	pips_l40_r400_500-8000.hdf5	right	left
2408.5359	1	Stimulus/S  1	1	24085359	24085367	15	3	70	pips_l40_r400_500-8000.hdf5	right	left
2409.5813	1	Stimulus/S  1	1	24095813	24095821	15	4	50	pips_l40_r400_500-8000.hdf5	right	left
2410.6373	1	Stimulus/S  1	1	24106373	24106381	15	5	30	pips_l40_r400_500-8000.hdf5	right	left
2411.704	1	Stimulus/S  1	1	24117040	24117048	16	0	20	pips_l40_r400_500-8000.hdf5	right	left
2412.7706	1	Stimulus/S  1	1	24127706	24127714	16	1	40	pips_l40_r400_500-8000.hdf5	right	left
2413.8373	1	Stimulus/S  1	1	24138373	24138381	16	2	60	pips_l40_r400_500-8000.hdf5	right	left
2414.8827	1	Stimulus/S  1	1	24148827	24148835	16	3	70	pips_l40_r400_500-8000.hdf5	right	left
2415.9387	1	Stimulus/S  1	1	24159387	24159395	16	4	50	pips_l40_r400_500-8000.hdf5	right	left
2417.0053	1	Stimulus/S  1	1	24170053	24170061	16	5	30	pips_l40_r400_500-8000.hdf5	right	left
2418.0507	1	Stimulus/S  1	1	24180507	24180515	17	0	20	pips_l40_r400_500-8000.hdf5	right	left
2419.1067	1	Stimulus/S  1	1	24191067	24191075	17	1	40	pips_l40_r400_500-8000.hdf5	right	left
2420.152	1	Stimulus/S  1	1	24201520	24201528	17	2	60	pips_l40_r400_500-8000.hdf5	right	left
2421.2187	1	Stimulus/S  1	1	24212187	24212195	17	3	70	pips_l40_r400_500-8000.hdf5	right	left
2422.2854	1	Stimulus/S  1	1	24222854	24222862	17	4	50	pips_l40_r400_500-8000.hdf5	right	left
2423.3307	1	Stimulus/S  1	1	24233307	24233315	17	5	30	pips_l40_r400_500-8000.hdf5	right	left
2424.3867	1	Stimulus/S  1	1	24243867	24243875	18	0	20	pips_l40_r400_500-8000.hdf5	right	left
2425.4534	1	Stimulus/S  1	1	24254534	24254542	18	1	40	pips_l40_r400_500-8000.hdf5	right	left
2426.5201	1	Stimulus/S  1	1	24265201	24265209	18	2	60	pips_l40_r400_500-8000.hdf5	right	left
2427.5868	1	Stimulus/S  1	1	24275868	24275876	18	3	70	pips_l40_r400_500-8000.hdf5	right	left
2428.6321	1	Stimulus/S  1	1	24286321	24286329	18	4	50	pips_l40_r400_500-8000.hdf5	right	left
2429.6881	1	Stimulus/S  1	1	24296881	24296889	18	5	30	pips_l40_r400_500-8000.hdf5	right	left
2430.7548	1	Stimulus/S  1	1	24307548	24307556	19	0	20	pips_l40_r400_500-8000.hdf5	right	left
2431.8001	1	Stimulus/S  1	1	24318001	24318009	19	1	40	pips_l40_r400_500-8000.hdf5	right	left
2432.8562	1	Stimulus/S  1	1	24328562	24328570	19	2	60	pips_l40_r400_500-8000.hdf5	right	left
2433.9228	1	Stimulus/S  1	1	24339228	24339236	19	3	70	pips_l40_r400_500-8000.hdf5	right	left
2434.9682	1	Stimulus/S  1	1	24349682	24349690	19	4	50	pips_l40_r400_500-8000.hdf5	right	left
2436.0242	1	Stimulus/S  1	1	24360242	24360250	19	5	30	pips_l40_r400_500-8000.hdf5	right	left
2437.0909	1	Stimulus/S  1	1	24370909	24370917	20	0	20	pips_l40_r400_500-8000.hdf5	right	left
2438.1362	1	Stimulus/S  1	1	24381362	24381370	20	1	40	pips_l40_r400_500-8000.hdf5	right	left
2439.2029	1	Stimulus/S  1	1	24392029	24392037	20	2	60	pips_l40_r400_500-8000.hdf5	right	left
2440.2696	1	Stimulus/S  1	1	24402696	24402704	20	3	70	pips_l40_r400_500-8000.hdf5	right	left
2441.3149	1	Stimulus/S  1	1	24413149	24413157	20	4	50	pips_l40_r400_500-8000.hdf5	right	left
2442.3709	1	Stimulus/S  1	1	24423709	24423717	20	5	30	pips_l40_r400_500-8000.hdf5	right	left
2443.4376	1	Stimulus/S  1	1	24434376	24434384	21	0	20	pips_l40_r400_500-8000.hdf5	right	left
2444.4829	1	Stimulus/S  1	1	24444829	24444837	21	1	40	pips_l40_r400_500-8000.hdf5	right	left
2445.5496	1	Stimulus/S  1	1	24455496	24455504	21	2	60	pips_l40_r400_500-8000.hdf5	right	left
2446.6163	1	Stimulus/S  1	1	24466163	24466171	21	3	70	pips_l40_r400_500-8000.hdf5	right	left
2447.6723	1	Stimulus/S  1	1	24476723	24476731	21	4	50	pips_l40_r400_500-8000.hdf5	right	left
2448.7176	1	Stimulus/S  1	1	24487176	24487184	21	5	30	pips_l40_r400_500-8000.hdf5	right	left
2449.7843	1	Stimulus/S  1	1	24497843	24497851	22	0	20	pips_l40_r400_500-8000.hdf5	right	left
2450.8403	1	Stimulus/S  1	1	24508403	24508411	22	1	40	pips_l40_r400_500-8000.hdf5	right	left
2451.907	1	Stimulus/S  1	1	24519070	24519078	22	2	60	pips_l40_r400_500-8000.hdf5	right	left
2452.9523	1	Stimulus/S  1	1	24529523	24529531	22	3	70	pips_l40_r400_500-8000.hdf5	right	left
2455.075	1	Stimulus/S  1	1	24550750	24550758	22	5	30	pips_l40_r400_500-8000.hdf5	right	left
2456.1204	1	Stimulus/S  1	1	24561204	24561212	23	0	20	pips_l40_r400_500-8000.hdf5	right	left
2457.1871	1	Stimulus/S  1	1	24571871	24571879	23	1	40	pips_l40_r400_500-8000.hdf5	right	left
2458.2324	1	Stimulus/S  1	1	24582324	24582332	23	2	60	pips_l40_r400_500-8000.hdf5	right	left
2459.2884	1	Stimulus/S  1	1	24592884	24592892	23	3	70	pips_l40_r400_500-8000.hdf5	right	left
2460.3551	1	Stimulus/S  1	1	24603551	24603559	23	4	50	pips_l40_r400_500-8000.hdf5	right	left
2461.4004	1	Stimulus/S  1	1	24614004	24614012	23	5	30	pips_l40_r400_500-8000.hdf5	right	left
2462.4564	1	Stimulus/S  1	1	24624564	24624572	24	0	20	pips_l40_r400_500-8000.hdf5	right	left
2463.5231	1	Stimulus/S  1	1	24635231	24635239	24	1	40	pips_l40_r400_500-8000.hdf5	right	left
2464.5685	1	Stimulus/S  1	1	24645685	24645693	24	2	60	pips_l40_r400_500-8000.hdf5	right	left
2465.6245	1	Stimulus/S  1	1	24656245	24656253	24	3	70	pips_l40_r400_500-8000.hdf5	right	left
2466.6698	1	Stimulus/S  1	1	24666698	24666706	24	4	50	pips_l40_r400_500-8000.hdf5	right	left
2467.7152	1	Stimulus/S  1	1	24677152	24677160	24	5	30	pips_l40_r400_500-8000.hdf5	right	left
2468.7818	1	Stimulus/S  1	1	24687818	24687826	25	0	20	pips_l40_r400_500-8000.hdf5	right	left
2469.8378	1	Stimulus/S  1	1	24698378	24698386	25	1	40	pips_l40_r400_500-8000.hdf5	right	left
2470.9045	1	Stimulus/S  1	1	24709045	24709053	25	2	60	pips_l40_r400_500-8000.hdf5	right	left
2471.9499	1	Stimulus/S  1	1	24719499	24719507	25	3	70	pips_l40_r400_500-8000.hdf5	right	left
2473.0059	1	Stimulus/S  1	1	24730059	24730067	25	4	50	pips_l40_r400_500-8000.hdf5	right	left
2474.0725	1	Stimulus/S  1	1	24740725	24740733	25	5	30	pips_l40_r400_500-8000.hdf5	right	left
2475.1179	1	Stimulus/S  1	1	24751179	24751187	26	0	20	pips_l40_r400_500-8000.hdf5	right	left
2476.1739	1	Stimulus/S  1	1	24761739	24761747	26	1	40	pips_l40_r400_500-8000.hdf5	right	left
2477.2406	1	Stimulus/S  1	1	24772406	24772414	26	2	60	pips_l40_r400_500-8000.hdf5	right	left
2478.2859	1	Stimulus/S  1	1	24782859	24782867	26	3	70	pips_l40_r400_500-8000.hdf5	right	left
2479.3419	1	Stimulus/S  1	1	24793419	24793427	26	4	50	pips_l40_r400_500-8000.hdf5	right	left
2480.3873	1	Stimulus/S  1	1	24803873	24803881	26	5	30	pips_l40_r400_500-8000.hdf5	right	left
2481.4326	1	Stimulus/S  1	1	24814326	24814334	27	0	20	pips_l40_r400_500-8000.hdf5	right	left
2482.4993	1	Stimulus/S  1	1	24824993	24825001	27	1	40	pips_l40_r400_500-8000.hdf5	right	left
2483.5553	1	Stimulus/S  1	1	24835553	24835561	27	2	60	pips_l40_r400_500-8000.hdf5	right	left
2484.622	1	Stimulus/S  1	1	24846220	24846228	27	3	70	pips_l40_r400_500-8000.hdf5	right	left
2485.6673	1	Stimulus/S  1	1	24856673	24856681	27	4	50	pips_l40_r400_500-8000.hdf5	right	left
2486.734	1	Stimulus/S  1	1	24867340	24867348	27	5	30	pips_l40_r400_500-8000.hdf5	right	left
2487.79	1	Stimulus/S  1	1	24877900	24877908	28	0	20	pips_l40_r400_500-8000.hdf5	right	left
2488.8354	1	Stimulus/S  1	1	24888354	24888362	28	1	40	pips_l40_r400_500-8000.hdf5	right	left
2489.8914	1	Stimulus/S  1	1	24898914	24898922	28	2	60	pips_l40_r400_500-8000.hdf5	right	left
2490.9367	1	Stimulus/S  1	1	24909367	24909375	28	3	70	pips_l40_r400_500-8000.hdf5	right	left
2492.0034	1	Stimulus/S  1	1	24920034	24920042	28	4	50	pips_l40_r400_500-8000.hdf5	right	left
2493.0487	1	Stimulus/S  1	1	24930487	24930495	28	5	30	pips_l40_r400_500-8000.hdf5	right	left
2494.1047	1	Stimulus/S  1	1	24941047	24941055	29	0	20	pips_l40_r400_500-8000.hdf5	right	left
2495.1501	1	Stimulus/S  1	1	24951501	24951509	29	1	40	pips_l40_r400_500-8000.hdf5	right	left
2496.2061	1	Stimulus/S  1	1	24962061	24962069	29	2	60	pips_l40_r400_500-8000.hdf5	right	left
2497.2728	1	Stimulus/S  1	1	24972728	24972736	29	3	70	pips_l40_r400_500-8000.hdf5	right	left
2498.3394	1	Stimulus/S  1	1	24983394	24983402	29	4	50	pips_l40_r400_500-8000.hdf5	right	left
2499.3848	1	Stimulus/S  1	1	24993848	24993856	29	5	30	pips_l40_r400_500-8000.hdf5	right	left
2500.4515	1	Stimulus/S  1	1	25004515	25004523	30	0	20	pips_l40_r400_500-8000.hdf5	right	left
2501.5181	1	Stimulus/S  1	1	25015181	25015189	30	1	40	pips_l40_r400_500-8000.hdf5	right	left
2502.5741	1	Stimulus/S  1	1	25025741	25025749	30	2	60	pips_l40_r400_500-8000.hdf5	right	left
2503.6195	1	Stimulus/S  1	1	25036195	25036203	30	3	70	pips_l40_r400_500-8000.hdf5	right	left
2504.6755	1	Stimulus/S  1	1	25046755	25046763	30	4	50	pips_l40_r400_500-8000.hdf5	right	left
2505.7208	1	Stimulus/S  1	1	25057208	25057216	30	5	30	pips_l40_r400_500-8000.hdf5	right	left
2506.7875	1	Stimulus/S  1	1	25067875	25067883	31	0	20	pips_l40_r400_500-8000.hdf5	right	left
2507.8542	1	Stimulus/S  1	1	25078542	25078550	31	1	40	pips_l40_r400_500-8000.hdf5	right	left
2508.8995	1	Stimulus/S  1	1	25088995	25089003	31	2	60	pips_l40_r400_500-8000.hdf5	right	left
2509.9556	1	Stimulus/S  1	1	25099556	25099564	31	3	70	pips_l40_r400_500-8000.hdf5	right	left
2511.0009	1	Stimulus/S  1	1	25110009	25110017	31	4	50	pips_l40_r400_500-8000.hdf5	right	left
2512.0676	1	Stimulus/S  1	1	25120676	25120684	31	5	30	pips_l40_r400_500-8000.hdf5	right	left
2513.1342	1	Stimulus/S  1	1	25131342	25131350	32	0	20	pips_l40_r400_500-8000.hdf5	right	left
2514.2009	1	Stimulus/S  1	1	25142009	25142017	32	1	40	pips_l40_r400_500-8000.hdf5	right	left
2515.2676	1	Stimulus/S  1	1	25152676	25152684	32	2	60	pips_l40_r400_500-8000.hdf5	right	left
2516.3236	1	Stimulus/S  1	1	25163236	25163244	32	3	70	pips_l40_r400_500-8000.hdf5	right	left
2517.369	1	Stimulus/S  1	1	25173690	25173698	32	4	50	pips_l40_r400_500-8000.hdf5	right	left
2518.4356	1	Stimulus/S  1	1	25184356	25184364	32	5	30	pips_l40_r400_500-8000.hdf5	right	left
2519.4916	1	Stimulus/S  1	1	25194916	25194924	33	0	20	pips_l40_r400_500-8000.hdf5	right	left
2520.5583	1	Stimulus/S  1	1	25205583	25205591	33	1	40	pips_l40_r400_500-8000.hdf5	right	left
2521.625	1	Stimulus/S  1	1	25216250	25216258	33	2	60	pips_l40_r400_500-8000.hdf5	right	left
2522.6917	1	Stimulus/S  1	1	25226917	25226925	33	3	70	pips_l40_r400_500-8000.hdf5	right	left
2523.7584	1	Stimulus/S  1	1	25237584	25237592	33	4	50	pips_l40_r400_500-8000.hdf5	right	left
2524.8037	1	Stimulus/S  1	1	25248037	25248045	33	5	30	pips_l40_r400_500-8000.hdf5	right	left
2525.849	1	Stimulus/S  1	1	25258490	25258498	34	0	20	pips_l40_r400_500-8000.hdf5	right	left
2526.9157	1	Stimulus/S  1	1	25269157	25269165	34	1	40	pips_l40_r400_500-8000.hdf5	right	left
2527.9931	1	Stimulus/S  1	1	25279931	25279939	34	2	60	pips_l40_r400_500-8000.hdf5	right	left
2529.0384	1	Stimulus/S  1	1	25290384	25290392	34	3	70	pips_l40_r400_500-8000.hdf5	right	left
2530.0837	1	Stimulus/S  1	1	25300837	25300845	34	4	50	pips_l40_r400_500-8000.hdf5	right	left
2531.1398	1	Stimulus/S  1	1	25311398	25311406	34	5	30	pips_l40_r400_500-8000.hdf5	right	left
2532.2064	1	Stimulus/S  1	1	25322064	25322072	35	0	20	pips_l40_r400_500-8000.hdf5	right	left
2533.2731	1	Stimulus/S  1	1	25332731	25332739	35	1	40	pips_l40_r400_500-8000.hdf5	right	left
2534.3398	1	Stimulus/S  1	1	25343398	25343406	35	2	60	pips_l40_r400_500-8000.hdf5	right	left
2535.4065	1	Stimulus/S  1	1	25354065	25354073	35	3	70	pips_l40_r400_500-8000.hdf5	right	left
2536.4518	1	Stimulus/S  1	1	25364518	25364526	35	4	50	pips_l40_r400_500-8000.hdf5	right	left
2537.5078	1	Stimulus/S  1	1	25375078	25375086	35	5	30	pips_l40_r400_500-8000.hdf5	right	left
2538.5532	1	Stimulus/S  1	1	25385532	25385540	36	0	20	pips_l40_r400_500-8000.hdf5	right	left
2539.6198	1	Stimulus/S  1	1	25396198	25396206	36	1	40	pips_l40_r400_500-8000.hdf5	right	left
2540.6758	1	Stimulus/S  1	1	25406758	25406766	36	2	60	pips_l40_r400_500-8000.hdf5	right	left
2541.7212	1	Stimulus/S  1	1	25417212	25417220	36	3	70	pips_l40_r400_500-8000.hdf5	right	left
2542.7879	1	Stimulus/S  1	1	25427879	25427887	36	4	50	pips_l40_r400_500-8000.hdf5	right	left
2543.8545	1	Stimulus/S  1	1	25438545	25438553	36	5	30	pips_l40_r400_500-8000.hdf5	right	left
2544.9106	1	Stimulus/S  1	1	25449106	25449114	37	0	20	pips_l40_r400_500-8000.hdf5	right	left
2545.9559	1	Stimulus/S  1	1	25459559	25459567	37	1	40	pips_l40_r400_500-8000.hdf5	right	left
2547.0226	1	Stimulus/S  1	1	25470226	25470234	37	2	60	pips_l40_r400_500-8000.hdf5	right	left
2548.0679	1	Stimulus/S  1	1	25480679	25480687	37	3	70	pips_l40_r400_500-8000.hdf5	right	left
2549.1239	1	Stimulus/S  1	1	25491239	25491247	37	4	50	pips_l40_r400_500-8000.hdf5	right	left
2550.1906	1	Stimulus/S  1	1	25501906	25501914	37	5	30	pips_l40_r400_500-8000.hdf5	right	left
2551.2359	1	Stimulus/S  1	1	25512359	25512367	38	0	20	pips_l40_r400_500-8000.hdf5	right	left
2552.292	1	Stimulus/S  1	1	25522920	25522928	38	1	40	pips_l40_r400_500-8000.hdf5	right	left
2553.3586	1	Stimulus/S  1	1	25533586	25533594	38	2	60	pips_l40_r400_500-8000.hdf5	right	left
2554.404	1	Stimulus/S  1	1	25544040	25544048	38	3	70	pips_l40_r400_500-8000.hdf5	right	left
2555.4707	1	Stimulus/S  1	1	25554707	25554715	38	4	50	pips_l40_r400_500-8000.hdf5	right	left
2556.5267	1	Stimulus/S  1	1	25565267	25565275	38	5	30	pips_l40_r400_500-8000.hdf5	right	left
2557.572	1	Stimulus/S  1	1	25575720	25575728	39	0	20	pips_l40_r400_500-8000.hdf5	right	left
2558.6387	1	Stimulus/S  1	1	25586387	25586395	39	1	40	pips_l40_r400_500-8000.hdf5	right	left
2559.684	1	Stimulus/S  1	1	25596840	25596848	39	2	60	pips_l40_r400_500-8000.hdf5	right	left
2560.74	1	Stimulus/S  1	1	25607400	25607408	39	3	70	pips_l40_r400_500-8000.hdf5	right	left
2561.8067	1	Stimulus/S  1	1	25618067	25618075	39	4	50	pips_l40_r400_500-8000.hdf5	right	left
2562.8734	1	Stimulus/S  1	1	25628734	25628742	39	5	30	pips_l40_r400_500-8000.hdf5	right	left
2563.9187	1	Stimulus/S  1	1	25639187	25639195	40	0	20	pips_l40_r400_500-8000.hdf5	right	left
2564.9854	1	Stimulus/S  1	1	25649854	25649862	40	1	40	pips_l40_r400_500-8000.hdf5	right	left
2566.0414	1	Stimulus/S  1	1	25660414	25660422	40	2	60	pips_l40_r400_500-8000.hdf5	right	left
2567.1081	1	Stimulus/S  1	1	25671081	25671089	40	3	70	pips_l40_r400_500-8000.hdf5	right	left
2568.1534	1	Stimulus/S  1	1	25681534	25681542	40	4	50	pips_l40_r400_500-8000.hdf5	right	left
2569.2094	1	Stimulus/S  1	1	25692094	25692102	40	5	30	pips_l40_r400_500-8000.hdf5	right	left
2570.2548	1	Stimulus/S  1	1	25702548	25702556	41	0	20	pips_l40_r400_500-8000.hdf5	right	left
2571.3001	1	Stimulus/S  1	1	25713001	25713009	41	1	40	pips_l40_r400_500-8000.hdf5	right	left
2572.3668	1	Stimulus/S  1	1	25723668	25723676	41	2	60	pips_l40_r400_500-8000.hdf5	right	left
2573.4335	1	Stimulus/S  1	1	25734335	25734343	41	3	70	pips_l40_r400_500-8000.hdf5	right	left
2574.4895	1	Stimulus/S  1	1	25744895	25744903	41	4	50	pips_l40_r400_500-8000.hdf5	right	left
2575.5348	1	Stimulus/S  1	1	25755348	25755356	41	5	30	pips_l40_r400_500-8000.hdf5	right	left
2576.6015	1	Stimulus/S  1	1	25766015	25766023	42	0	20	pips_l40_r400_500-8000.hdf5	right	left
2577.6682	1	Stimulus/S  1	1	25776682	25776690	42	1	40	pips_l40_r400_500-8000.hdf5	right	left
2578.7242	1	Stimulus/S  1	1	25787242	25787250	42	2	60	pips_l40_r400_500-8000.hdf5	right	left
2579.7695	1	Stimulus/S  1	1	25797695	25797703	42	3	70	pips_l40_r400_500-8000.hdf5	right	left
2580.8362	1	Stimulus/S  1	1	25808362	25808370	42	4	50	pips_l40_r400_500-8000.hdf5	right	left
2581.8922	1	Stimulus/S  1	1	25818922	25818930	42	5	30	pips_l40_r400_500-8000.hdf5	right	left
2582.9376	1	Stimulus/S  1	1	25829376	25829384	43	0	20	pips_l40_r400_500-8000.hdf5	right	left
2584.0043	1	Stimulus/S  1	1	25840043	25840051	43	1	40	pips_l40_r400_500-8000.hdf5	right	left
2585.0603	1	Stimulus/S  1	1	25850603	25850611	43	2	60	pips_l40_r400_500-8000.hdf5	right	left
2586.1056	1	Stimulus/S  1	1	25861056	25861064	43	3	70	pips_l40_r400_500-8000.hdf5	right	left
2587.1723	1	Stimulus/S  1	1	25871723	25871731	43	4	50	pips_l40_r400_500-8000.hdf5	right	left
2588.2176	1	Stimulus/S  1	1	25882176	25882184	43	5	30	pips_l40_r400_500-8000.hdf5	right	left
2589.2736	1	Stimulus/S  1	1	25892736	25892744	44	0	20	pips_l40_r400_500-8000.hdf5	right	left
2590.3403	1	Stimulus/S  1	1	25903403	25903411	44	1	40	pips_l40_r400_500-8000.hdf5	right	left
2591.407	1	Stimulus/S  1	1	25914070	25914078	44	2	60	pips_l40_r400_500-8000.hdf5	right	left
2592.4523	1	Stimulus/S  1	1	25924523	25924531	44	3	70	pips_l40_r400_500-8000.hdf5	right	left
2593.5083	1	Stimulus/S  1	1	25935083	25935091	44	4	50	pips_l40_r400_500-8000.hdf5	right	left
2594.575	1	Stimulus/S  1	1	25945750	25945758	44	5	30	pips_l40_r400_500-8000.hdf5	right	left
2595.6204	1	Stimulus/S  1	1	25956204	25956212	45	0	20	pips_l40_r400_500-8000.hdf5	right	left
2596.6764	1	Stimulus/S  1	1	25966764	25966772	45	1	40	pips_l40_r400_500-8000.hdf5	right	left
2597.7431	1	Stimulus/S  1	1	25977431	25977439	45	2	60	pips_l40_r400_500-8000.hdf5	right	left
2598.7884	1	Stimulus/S  1	1	25987884	25987892	45	3	70	pips_l40_r400_500-8000.hdf5	right	left
2599.8551	1	Stimulus/S  1	1	25998551	25998559	45	4	50	pips_l40_r400_500-8000.hdf5	right	left
2600.9217	1	Stimulus/S  1	1	26009217	26009225	45	5	30	pips_l40_r400_500-8000.hdf5	right	left
2601.9671	1	Stimulus/S  1	1	26019671	26019679	46	0	20	pips_l40_r400_500-8000.hdf5	right	left
2603.0231	1	Stimulus/S  1	1	26030231	26030239	46	1	40	pips_l40_r400_500-8000.hdf5	right	left
2604.0898	1	Stimulus/S  1	1	26040898	26040906	46	2	60	pips_l40_r400_500-8000.hdf5	right	left
2605.1565	1	Stimulus/S  1	1	26051565	26051573	46	3	70	pips_l40_r400_500-8000.hdf5	right	left
2606.2018	1	Stimulus/S  1	1	26062018	26062026	46	4	50	pips_l40_r400_500-8000.hdf5	right	left
2607.2685	1	Stimulus/S  1	1	26072685	26072693	46	5	30	pips_l40_r400_500-8000.hdf5	right	left
2608.3352	1	Stimulus/S  1	1	26083352	26083360	47	0	20	pips_l40_r400_500-8000.hdf5	right	left
2609.3912	1	Stimulus/S  1	1	26093912	26093920	47	1	40	pips_l40_r400_500-8000.hdf5	right	left
2610.4365	1	Stimulus/S  1	1	26104365	26104373	47	2	60	pips_l40_r400_500-8000.hdf5	right	left
2611.5032	1	Stimulus/S  1	1	26115032	26115040	47	3	70	pips_l40_r400_500-8000.hdf5	right	left
2612.5592	1	Stimulus/S  1	1	26125592	26125600	47	4	50	pips_l40_r400_500-8000.hdf5	right	left
2613.6045	1	Stimulus/S  1	1	26136045	26136053	47	5	30	pips_l40_r400_500-8000.hdf5	right	left
2614.6712	1	Stimulus/S  1	1	26146712	26146720	48	0	20	pips_l40_r400_500-8000.hdf5	right	left
2615.7379	1	Stimulus/S  1	1	26157379	26157387	48	1	40	pips_l40_r400_500-8000.hdf5	right	left
2616.8046	1	Stimulus/S  1	1	26168046	26168054	48	2	60	pips_l40_r400_500-8000.hdf5	right	left
2617.8606	1	Stimulus/S  1	1	26178606	26178614	48	3	70	pips_l40_r400_500-8000.hdf5	right	left
2618.9059	1	Stimulus/S  1	1	26189059	26189067	48	4	50	pips_l40_r400_500-8000.hdf5	right	left
2619.9513	1	Stimulus/S  1	1	26199513	26199521	48	5	30	pips_l40_r400_500-8000.hdf5	right	left
2621.0073	1	Stimulus/S  1	1	26210073	26210081	49	0	20	pips_l40_r400_500-8000.hdf5	right	left
2622.0526	1	Stimulus/S  1	1	26220526	26220534	49	1	40	pips_l40_r400_500-8000.hdf5	right	left
2623.1193	1	Stimulus/S  1	1	26231193	26231201	49	2	60	pips_l40_r400_500-8000.hdf5	right	left
2624.186	1	Stimulus/S  1	1	26241860	26241868	49	3	70	pips_l40_r400_500-8000.hdf5	right	left
2625.242	1	Stimulus/S  1	1	26252420	26252428	49	4	50	pips_l40_r400_500-8000.hdf5	right	left
2626.2873	1	Stimulus/S  1	1	26262873	26262881	49	5	30	pips_l40_r400_500-8000.hdf5	right	left
2627.354	1	Stimulus/S  1	1	26273540	26273548	50	0	20	pips_l40_r400_500-8000.hdf5	right	left
2628.4207	1	Stimulus/S  1	1	26284207	26284215	50	1	40	pips_l40_r400_500-8000.hdf5	right	left
2629.4874	1	Stimulus/S  1	1	26294874	26294882	50	2	60	pips_l40_r400_500-8000.hdf5	right	left
2630.554	1	Stimulus/S  1	1	26305540	26305548	50	3	70	pips_l40_r400_500-8000.hdf5	right	left
2631.6207	1	Stimulus/S  1	1	26316207	26316215	50	4	50	pips_l40_r400_500-8000.hdf5	right	left
2632.6767	1	Stimulus/S  1	1	26326767	26326775	50	5	30	pips_l40_r400_500-8000.hdf5	right	left
2633.7221	1	Stimulus/S  1	1	26337221	26337229	51	0	20	pips_l40_r400_500-8000.hdf5	right	left
2634.7674	1	Stimulus/S  1	1	26347674	26347682	51	1	40	pips_l40_r400_500-8000.hdf5	right	left
2635.8234	1	Stimulus/S  1	1	26358234	26358242	51	2	60	pips_l40_r400_500-8000.hdf5	right	left
2636.8688	1	Stimulus/S  1	1	26368688	26368696	51	3	70	pips_l40_r400_500-8000.hdf5	right	left
2637.9354	1	Stimulus/S  1	1	26379354	26379362	51	4	50	pips_l40_r400_500-8000.hdf5	right	left
2639.0021	1	Stimulus/S  1	1	26390021	26390029	51	5	30	pips_l40_r400_500-8000.hdf5	right	left
2640.0688	1	Stimulus/S  1	1	26400688	26400696	52	0	20	pips_l40_r400_500-8000.hdf5	right	left
2641.1355	1	Stimulus/S  1	1	26411355	26411363	52	1	40	pips_l40_r400_500-8000.hdf5	right	left
2642.1915	1	Stimulus/S  1	1	26421915	26421923	52	2	60	pips_l40_r400_500-8000.hdf5	right	left
2643.2368	1	Stimulus/S  1	1	26432368	26432376	52	3	70	pips_l40_r400_500-8000.hdf5	right	left
2644.2928	1	Stimulus/S  1	1	26442928	26442936	52	4	50	pips_l40_r400_500-8000.hdf5	right	left
2645.3595	1	Stimulus/S  1	1	26453595	26453603	52	5	30	pips_l40_r400_500-8000.hdf5	right	left
2646.4048	1	Stimulus/S  1	1	26464048	26464056	53	0	20	pips_l40_r400_500-8000.hdf5	right	left
2647.4609	1	Stimulus/S  1	1	26474609	26474617	53	1	40	pips_l40_r400_500-8000.hdf5	right	left
2648.5062	1	Stimulus/S  1	1	26485062	26485070	53	2	60	pips_l40_r400_500-8000.hdf5	right	left
2649.5729	1	Stimulus/S  1	1	26495729	26495737	53	3	70	pips_l40_r400_500-8000.hdf5	right	left
2650.6182	1	Stimulus/S  1	1	26506182	26506190	53	4	50	pips_l40_r400_500-8000.hdf5	right	left
2651.6742	1	Stimulus/S  1	1	26516742	26516750	53	5	30	pips_l40_r400_500-8000.hdf5	right	left
2652.7409	1	Stimulus/S  1	1	26527409	26527417	54	0	20	pips_l40_r400_500-8000.hdf5	right	left
2653.8076	1	Stimulus/S  1	1	26538076	26538084	54	1	40	pips_l40_r400_500-8000.hdf5	right	left
2654.8529	1	Stimulus/S  1	1	26548529	26548537	54	2	60	pips_l40_r400_500-8000.hdf5	right	left
2655.9196	1	Stimulus/S  1	1	26559196	26559204	54	3	70	pips_l40_r400_500-8000.hdf5	right	left
2656.9756	1	Stimulus/S  1	1	26569756	26569764	54	4	50	pips_l40_r400_500-8000.hdf5	right	left
2658.021	1	Stimulus/S  1	1	26580210	26580218	54	5	30	pips_l40_r400_500-8000.hdf5	right	left
2659.0876	1	Stimulus/S  1	1	26590876	26590884	55	0	20	pips_l40_r400_500-8000.hdf5	right	left
2660.1436	1	Stimulus/S  1	1	26601436	26601444	55	1	40	pips_l40_r400_500-8000.hdf5	right	left
2661.189	1	Stimulus/S  1	1	26611890	26611898	55	2	60	pips_l40_r400_500-8000.hdf5	right	left
2662.2557	1	Stimulus/S  1	1	26622557	26622565	55	3	70	pips_l40_r400_500-8000.hdf5	right	left
2663.3117	1	Stimulus/S  1	1	26633117	26633125	55	4	50	pips_l40_r400_500-8000.hdf5	right	left
2664.3784	1	Stimulus/S  1	1	26643784	26643792	55	5	30	pips_l40_r400_500-8000.hdf5	right	left
2665.4237	1	Stimulus/S  1	1	26654237	26654245	56	0	20	pips_l40_r400_500-8000.hdf5	right	left
2666.469	1	Stimulus/S  1	1	26664690	26664698	56	1	40	pips_l40_r400_500-8000.hdf5	right	left
2667.525	1	Stimulus/S  1	1	26675250	26675258	56	2	60	pips_l40_r400_500-8000.hdf5	right	left
2668.5704	1	Stimulus/S  1	1	26685704	26685712	56	3	70	pips_l40_r400_500-8000.hdf5	right	left
2669.6371	1	Stimulus/S  1	1	26696371	26696379	56	4	50	pips_l40_r400_500-8000.hdf5	right	left
2670.6931	1	Stimulus/S  1	1	26706931	26706939	56	5	30	pips_l40_r400_500-8000.hdf5	right	left
2671.7384	1	Stimulus/S  1	1	26717384	26717392	57	0	20	pips_l40_r400_500-8000.hdf5	right	left
2672.8051	1	Stimulus/S  1	1	26728051	26728059	57	1	40	pips_l40_r400_500-8000.hdf5	right	left
2673.8611	1	Stimulus/S  1	1	26738611	26738619	57	2	60	pips_l40_r400_500-8000.hdf5	right	left
2674.9065	1	Stimulus/S  1	1	26749065	26749073	57	3	70	pips_l40_r400_500-8000.hdf5	right	left
2675.9731	1	Stimulus/S  1	1	26759731	26759739	57	4	50	pips_l40_r400_500-8000.hdf5	right	left
2677.0185	1	Stimulus/S  1	1	26770185	26770193	57	5	30	pips_l40_r400_500-8000.hdf5	right	left
2678.0745	1	Stimulus/S  1	1	26780745	26780753	58	0	20	pips_l40_r400_500-8000.hdf5	right	left
2679.1412	1	Stimulus/S  1	1	26791412	26791420	58	1	40	pips_l40_r400_500-8000.hdf5	right	left
2680.1865	1	Stimulus/S  1	1	26801865	26801873	58	2	60	pips_l40_r400_500-8000.hdf5	right	left
2681.2425	1	Stimulus/S  1	1	26812425	26812433	58	3	70	pips_l40_r400_500-8000.hdf5	right	left
2682.3092	1	Stimulus/S  1	1	26823092	26823100	58	4	50	pips_l40_r400_500-8000.hdf5	right	left
2683.3545	1	Stimulus/S  1	1	26833545	26833553	58	5	30	pips_l40_r400_500-8000.hdf5	right	left
2684.4105	1	Stimulus/S  1	1	26844105	26844113	59	0	20	pips_l40_r400_500-8000.hdf5	right	left
2685.4772	1	Stimulus/S  1	1	26854772	26854780	59	1	40	pips_l40_r400_500-8000.hdf5	right	left
2686.5226	1	Stimulus/S  1	1	26865226	26865234	59	2	60	pips_l40_r400_500-8000.hdf5	right	left
2687.5892	1	Stimulus/S  1	1	26875892	26875900	59	3	70	pips_l40_r400_500-8000.hdf5	right	left
2688.6452	1	Stimulus/S  1	1	26886452	26886460	59	4	50	pips_l40_r400_500-8000.hdf5	right	left
2689.6906	1	Stimulus/S  1	1	26896906	26896914	59	5	30	pips_l40_r400_500-8000.hdf5	right	left
2690.7573	1	Stimulus/S  1	1	26907573	26907581	60	0	20	pips_l40_r400_500-8000.hdf5	right	left
2691.8026	1	Stimulus/S  1	1	26918026	26918034	60	1	40	pips_l40_r400_500-8000.hdf5	right	left
2692.8693	1	Stimulus/S  1	1	26928693	26928701	60	2	60	pips_l40_r400_500-8000.hdf5	right	left
2693.936	1	Stimulus/S  1	1	26939360	26939368	60	3	70	pips_l40_r400_500-8000.hdf5	right	left
2694.992	1	Stimulus/S  1	1	26949920	26949928	60	4	50	pips_l40_r400_500-8000.hdf5	right	left
2696.0373	1	Stimulus/S  1	1	26960373	26960381	60	5	30	pips_l40_r400_500-8000.hdf5	right	left
2697.104	1	Stimulus/S  1	1	26971040	26971048	61	0	20	pips_l40_r400_500-8000.hdf5	right	left
2698.16	1	Stimulus/S  1	1	26981600	26981608	61	1	40	pips_l40_r400_500-8000.hdf5	right	left
2699.2267	1	Stimulus/S  1	1	26992267	26992275	61	2	60	pips_l40_r400_500-8000.hdf5	right	left
2700.272	1	Stimulus/S  1	1	27002720	27002728	61	3	70	pips_l40_r400_500-8000.hdf5	right	left
2701.3387	1	Stimulus/S  1	1	27013387	27013395	61	4	50	pips_l40_r400_500-8000.hdf5	right	left
2702.4054	1	Stimulus/S  1	1	27024054	27024062	61	5	30	pips_l40_r400_500-8000.hdf5	right	left
2703.4614	1	Stimulus/S  1	1	27034614	27034622	62	0	20	pips_l40_r400_500-8000.hdf5	right	left
2704.5067	1	Stimulus/S  1	1	27045067	27045075	62	1	40	pips_l40_r400_500-8000.hdf5	right	left
2705.5734	1	Stimulus/S  1	1	27055734	27055742	62	2	60	pips_l40_r400_500-8000.hdf5	right	left
2706.6401	1	Stimulus/S  1	1	27066401	27066409	62	3	70	pips_l40_r400_500-8000.hdf5	right	left
2707.6961	1	Stimulus/S  1	1	27076961	27076969	62	4	50	pips_l40_r400_500-8000.hdf5	right	left
2708.7628	1	Stimulus/S  1	1	27087628	27087636	62	5	30	pips_l40_r400_500-8000.hdf5	right	left
2709.8294	1	Stimulus/S  1	1	27098294	27098302	63	0	20	pips_l40_r400_500-8000.hdf5	right	left
2710.8748	1	Stimulus/S  1	1	27108748	27108756	63	1	40	pips_l40_r400_500-8000.hdf5	right	left
2711.9201	1	Stimulus/S  1	1	27119201	27119209	63	2	60	pips_l40_r400_500-8000.hdf5	right	left
2712.9868	1	Stimulus/S  1	1	27129868	27129876	63	3	70	pips_l40_r400_500-8000.hdf5	right	left
2714.0428	1	Stimulus/S  1	1	27140428	27140436	63	4	50	pips_l40_r400_500-8000.hdf5	right	left
2715.1095	1	Stimulus/S  1	1	27151095	27151103	63	5	30	pips_l40_r400_500-8000.hdf5	right	left
2716.1548	1	Stimulus/S  1	1	27161548	27161556	64	0	20	pips_l40_r400_500-8000.hdf5	right	left
2717.2215	1	Stimulus/S  1	1	27172215	27172223	64	1	40	pips_l40_r400_500-8000.hdf5	right	left
2718.2882	1	Stimulus/S  1	1	27182882	27182890	64	2	60	pips_l40_r400_500-8000.hdf5	right	left
2719.3442	1	Stimulus/S  1	1	27193442	27193450	64	3	70	pips_l40_r400_500-8000.hdf5	right	left
2720.3895	1	Stimulus/S  1	1	27203895	27203903	64	4	50	pips_l40_r400_500-8000.hdf5	right	left
2721.4456	1	Stimulus/S  1	1	27214456	27214464	64	5	30	pips_l40_r400_500-8000.hdf5	right	left
2722.5122	1	Stimulus/S  1	1	27225122	27225130	65	0	20	pips_l40_r400_500-8000.hdf5	right	left
2723.5789	1	Stimulus/S  1	1	27235789	27235797	65	1	40	pips_l40_r400_500-8000.hdf5	right	left
2724.6243	1	Stimulus/S  1	1	27246243	27246251	65	2	60	pips_l40_r400_500-8000.hdf5	right	left
2725.6696	1	Stimulus/S  1	1	27256696	27256704	65	3	70	pips_l40_r400_500-8000.hdf5	right	left
2726.7256	1	Stimulus/S  1	1	27267256	27267264	65	4	50	pips_l40_r400_500-8000.hdf5	right	left
2727.7923	1	Stimulus/S  1	1	27277923	27277931	65	5	30	pips_l40_r400_500-8000.hdf5	right	left
2728.8376	1	Stimulus/S  1	1	27288376	27288384	66	0	20	pips_l40_r400_500-8000.hdf5	right	left
2729.8936	1	Stimulus/S  1	1	27298936	27298944	66	1	40	pips_l40_r400_500-8000.hdf5	right	left
2730.9603	1	Stimulus/S  1	1	27309603	27309611	66	2	60	pips_l40_r400_500-8000.hdf5	right	left
2732.027	1	Stimulus/S  1	1	27320270	27320278	66	3	70	pips_l40_r400_500-8000.hdf5	right	left
2733.0937	1	Stimulus/S  1	1	27330937	27330945	66	4	50	pips_l40_r400_500-8000.hdf5	right	left
2734.139	1	Stimulus/S  1	1	27341390	27341398	66	5	30	pips_l40_r400_500-8000.hdf5	right	left
2735.195	1	Stimulus/S  1	1	27351950	27351958	67	0	20	pips_l40_r400_500-8000.hdf5	right	left
2736.2617	1	Stimulus/S  1	1	27362617	27362625	67	1	40	pips_l40_r400_500-8000.hdf5	right	left
2737.3284	1	Stimulus/S  1	1	27373284	27373292	67	2	60	pips_l40_r400_500-8000.hdf5	right	left
2738.3951	1	Stimulus/S  1	1	27383951	27383959	67	3	70	pips_l40_r400_500-8000.hdf5	right	left
2739.4404	1	Stimulus/S  1	1	27394404	27394412	67	4	50	pips_l40_r400_500-8000.hdf5	right	left
2740.4964	1	Stimulus/S  1	1	27404964	27404972	67	5	30	pips_l40_r400_500-8000.hdf5	right	left
2741.5417	1	Stimulus/S  1	1	27415417	27415425	68	0	20	pips_l40_r400_500-8000.hdf5	right	left
2742.5871	1	Stimulus/S  1	1	27425871	27425879	68	1	40	pips_l40_r400_500-8000.hdf5	right	left
2743.6538	1	Stimulus/S  1	1	27436538	27436546	68	2	60	pips_l40_r400_500-8000.hdf5	right	left
2744.7098	1	Stimulus/S  1	1	27447098	27447106	68	3	70	pips_l40_r400_500-8000.hdf5	right	left
2745.7551	1	Stimulus/S  1	1	27457551	27457559	68	4	50	pips_l40_r400_500-8000.hdf5	right	left
2746.8218	1	Stimulus/S  1	1	27468218	27468226	68	5	30	pips_l40_r400_500-8000.hdf5	right	left
2747.8778	1	Stimulus/S  1	1	27478778	27478786	69	0	20	pips_l40_r400_500-8000.hdf5	right	left
2748.9232	1	Stimulus/S  1	1	27489232	27489240	69	1	40	pips_l40_r400_500-8000.hdf5	right	left
2749.9792	1	Stimulus/S  1	1	27499792	27499800	69	2	60	pips_l40_r400_500-8000.hdf5	right	left
2751.0458	1	Stimulus/S  1	1	27510458	27510466	69	3	70	pips_l40_r400_500-8000.hdf5	right	left
2752.1125	1	Stimulus/S  1	1	27521125	27521133	69	4	50	pips_l40_r400_500-8000.hdf5	right	left
2753.1792	1	Stimulus/S  1	1	27531792	27531800	69	5	30	pips_l40_r400_500-8000.hdf5	right	left
2754.2459	1	Stimulus/S  1	1	27542459	27542467	70	0	20	pips_l40_r400_500-8000.hdf5	right	left
2755.2912	1	Stimulus/S  1	1	27552912	27552920	70	1	40	pips_l40_r400_500-8000.hdf5	right	left
2756.3366	1	Stimulus/S  1	1	27563366	27563374	70	2	60	pips_l40_r400_500-8000.hdf5	right	left
2757.4032	1	Stimulus/S  1	1	27574032	27574040	70	3	70	pips_l40_r400_500-8000.hdf5	right	left
2758.4699	1	Stimulus/S  1	1	27584699	27584707	70	4	50	pips_l40_r400_500-8000.hdf5	right	left
2759.5259	1	Stimulus/S  1	1	27595259	27595267	70	5	30	pips_l40_r400_500-8000.hdf5	right	left
2760.5926	1	Stimulus/S  1	1	27605926	27605934	71	0	20	pips_l40_r400_500-8000.hdf5	right	left
2761.6593	1	Stimulus/S  1	1	27616593	27616601	71	1	40	pips_l40_r400_500-8000.hdf5	right	left
2762.7046	1	Stimulus/S  1	1	27627046	27627054	71	2	60	pips_l40_r400_500-8000.hdf5	right	left
2763.7606	1	Stimulus/S  1	1	27637606	27637614	71	3	70	pips_l40_r400_500-8000.hdf5	right	left
2764.8273	1	Stimulus/S  1	1	27648273	27648281	71	4	50	pips_l40_r400_500-8000.hdf5	right	left
2765.8726	1	Stimulus/S  1	1	27658726	27658734	71	5	30	pips_l40_r400_500-8000.hdf5	right	left
2766.9287	1	Stimulus/S  1	1	27669287	27669295	72	0	20	pips_l40_r400_500-8000.hdf5	right	left
2767.9953	1	Stimulus/S  1	1	27679953	27679961	72	1	40	pips_l40_r400_500-8000.hdf5	right	left
2769.0407	1	Stimulus/S  1	1	27690407	27690415	72	2	60	pips_l40_r400_500-8000.hdf5	right	left
2770.0967	1	Stimulus/S  1	1	27700967	27700975	72	3	70	pips_l40_r400_500-8000.hdf5	right	left
2771.1634	1	Stimulus/S  1	1	27711634	27711642	72	4	50	pips_l40_r400_500-8000.hdf5	right	left
2772.23	1	Stimulus/S  1	1	27722300	27722308	72	5	30	pips_l40_r400_500-8000.hdf5	right	left
2773.2754	1	Stimulus/S  1	1	27732754	27732762	73	0	20	pips_l40_r400_500-8000.hdf5	right	left
2774.3421	1	Stimulus/S  1	1	27743421	27743429	73	1	40	pips_l40_r400_500-8000.hdf5	right	left
2775.4087	1	Stimulus/S  1	1	27754087	27754095	73	2	60	pips_l40_r400_500-8000.hdf5	right	left
2776.4541	1	Stimulus/S  1	1	27764541	27764549	73	3	70	pips_l40_r400_500-8000.hdf5	right	left
2777.5101	1	Stimulus/S  1	1	27775101	27775109	73	4	50	pips_l40_r400_500-8000.hdf5	right	left
2778.5768	1	Stimulus/S  1	1	27785768	27785776	73	5	30	pips_l40_r400_500-8000.hdf5	right	left
2779.6221	1	Stimulus/S  1	1	27796221	27796229	74	0	20	pips_l40_r400_500-8000.hdf5	right	left
2780.6781	1	Stimulus/S  1	1	27806781	27806789	74	1	40	pips_l40_r400_500-8000.hdf5	right	left
2781.7235	1	Stimulus/S  1	1	27817235	27817243	74	2	60	pips_l40_r400_500-8000.hdf5	right	left
2782.7795	1	Stimulus/S  1	1	27827795	27827803	74	3	70	pips_l40_r400_500-8000.hdf5	right	left
2783.8462	1	Stimulus/S  1	1	27838462	27838470	74	4	50	pips_l40_r400_500-8000.hdf5	right	left
2784.8915	1	Stimulus/S  1	1	27848915	27848923	74	5	30	pips_l40_r400_500-8000.hdf5	right	left
2785.9582	1	Stimulus/S  1	1	27859582	27859590	75	0	20	pips_l40_r400_500-8000.hdf5	right	left
2787.0142	1	Stimulus/S  1	1	27870142	27870150	75	1	40	pips_l40_r400_500-8000.hdf5	right	left
2788.0702	1	Stimulus/S  1	1	27880702	27880710	75	2	60	pips_l40_r400_500-8000.hdf5	right	left
2789.1475	1	Stimulus/S  1	1	27891475	27891483	75	3	70	pips_l40_r400_500-8000.hdf5	right	left
2790.1929	1	Stimulus/S  1	1	27901929	27901937	75	4	50	pips_l40_r400_500-8000.hdf5	right	left
2791.2596	1	Stimulus/S  1	1	27912596	27912604	75	5	30	pips_l40_r400_500-8000.hdf5	right	left
2792.3262	1	Stimulus/S  1	1	27923262	27923270	76	0	20	pips_l40_r400_500-8000.hdf5	right	left
2793.3716	1	Stimulus/S  1	1	27933716	27933724	76	1	40	pips_l40_r400_500-8000.hdf5	right	left
2794.4276	1	Stimulus/S  1	1	27944276	27944284	76	2	60	pips_l40_r400_500-8000.hdf5	right	left
2795.4729	1	Stimulus/S  1	1	27954729	27954737	76	3	70	pips_l40_r400_500-8000.hdf5	right	left
2796.5289	1	Stimulus/S  1	1	27965289	27965297	76	4	50	pips_l40_r400_500-8000.hdf5	right	left
2797.5743	1	Stimulus/S  1	1	27975743	27975751	76	5	30	pips_l40_r400_500-8000.hdf5	right	left
2798.6303	1	Stimulus/S  1	1	27986303	27986311	77	0	20	pips_l40_r400_500-8000.hdf5	right	left
2799.6756	1	Stimulus/S  1	1	27996756	27996764	77	1	40	pips_l40_r400_500-8000.hdf5	right	left
2800.7423	1	Stimulus/S  1	1	28007423	28007431	77	2	60	pips_l40_r400_500-8000.hdf5	right	left
2801.809	1	Stimulus/S  1	1	28018090	28018098	77	3	70	pips_l40_r400_500-8000.hdf5	right	left
2802.8543	1	Stimulus/S  1	1	28028543	28028551	77	4	50	pips_l40_r400_500-8000.hdf5	right	left
2803.921	1	Stimulus/S  1	1	28039210	28039218	77	5	30	pips_l40_r400_500-8000.hdf5	right	left
2804.9877	1	Stimulus/S  1	1	28049877	28049885	78	0	20	pips_l40_r400_500-8000.hdf5	right	left
2806.0544	1	Stimulus/S  1	1	28060544	28060552	78	1	40	pips_l40_r400_500-8000.hdf5	right	left
2807.1104	1	Stimulus/S  1	1	28071104	28071112	78	2	60	pips_l40_r400_500-8000.hdf5	right	left
2808.1557	1	Stimulus/S  1	1	28081557	28081565	78	3	70	pips_l40_r400_500-8000.hdf5	right	left
2809.2224	1	Stimulus/S  1	1	28092224	28092232	78	4	50	pips_l40_r400_500-8000.hdf5	right	left
2810.2891	1	Stimulus/S  1	1	28102891	28102899	78	5	30	pips_l40_r400_500-8000.hdf5	right	left
2811.3451	1	Stimulus/S  1	1	28113451	28113459	79	0	20	pips_l40_r400_500-8000.hdf5	right	left
2812.3904	1	Stimulus/S  1	1	28123904	28123912	79	1	40	pips_l40_r400_500-8000.hdf5	right	left
2813.4464	1	Stimulus/S  1	1	28134464	28134472	79	2	60	pips_l40_r400_500-8000.hdf5	right	left
2814.5131	1	Stimulus/S  1	1	28145131	28145139	79	3	70	pips_l40_r400_500-8000.hdf5	right	left
2815.5798	1	Stimulus/S  1	1	28155798	28155806	79	4	50	pips_l40_r400_500-8000.hdf5	right	left
2816.6251	1	Stimulus/S  1	1	28166251	28166259	79	5	30	pips_l40_r400_500-8000.hdf5	right	left
2817.6811	1	Stimulus/S  1	1	28176811	28176819	80	0	20	pips_l40_r400_500-8000.hdf5	right	left
2818.7478	1	Stimulus/S  1	1	28187478	28187486	80	1	40	pips_l40_r400_500-8000.hdf5	right	left
2819.7932	1	Stimulus/S  1	1	28197932	28197940	80	2	60	pips_l40_r400_500-8000.hdf5	right	left
2820.8385	1	Stimulus/S  1	1	28208385	28208393	80	3	70	pips_l40_r400_500-8000.hdf5	right	left
2821.9052	1	Stimulus/S  1	1	28219052	28219060	80	4	50	pips_l40_r400_500-8000.hdf5	right	left
2822.9719	1	Stimulus/S  1	1	28229719	28229727	80	5	30	pips_l40_r400_500-8000.hdf5	right	left
2824.0279	1	Stimulus/S  1	1	28240279	28240287	81	0	20	pips_l40_r400_500-8000.hdf5	right	left
2825.0732	1	Stimulus/S  1	1	28250732	28250740	81	1	40	pips_l40_r400_500-8000.hdf5	right	left
2826.1399	1	Stimulus/S  1	1	28261399	28261407	81	2	60	pips_l40_r400_500-8000.hdf5	right	left
2827.2066	1	Stimulus/S  1	1	28272066	28272074	81	3	70	pips_l40_r400_500-8000.hdf5	right	left
2828.2732	1	Stimulus/S  1	1	28282732	28282740	81	4	50	pips_l40_r400_500-8000.hdf5	right	left
2829.3399	1	Stimulus/S  1	1	28293399	28293407	81	5	30	pips_l40_r400_500-8000.hdf5	right	left
2830.3959	1	Stimulus/S  1	1	28303959	28303967	82	0	20	pips_l40_r400_500-8000.hdf5	right	left
2831.4413	1	Stimulus/S  1	1	28314413	28314421	82	1	40	pips_l40_r400_500-8000.hdf5	right	left
2832.5079	1	Stimulus/S  1	1	28325079	28325087	82	2	60	pips_l40_r400_500-8000.hdf5	right	left
2833.5746	1	Stimulus/S  1	1	28335746	28335754	82	3	70	pips_l40_r400_500-8000.hdf5	right	left
2834.6413	1	Stimulus/S  1	1	28346413	28346421	82	4	50	pips_l40_r400_500-8000.hdf5	right	left
2835.708	1	Stimulus/S  1	1	28357080	28357088	82	5	30	pips_l40_r400_500-8000.hdf5	right	left
2836.7747	1	Stimulus/S  1	1	28367747	28367755	83	0	20	pips_l40_r400_500-8000.hdf5	right	left
2837.8413	1	Stimulus/S  1	1	28378413	28378421	83	1	40	pips_l40_r400_500-8000.hdf5	right	left
2838.908	1	Stimulus/S  1	1	28389080	28389088	83	2	60	pips_l40_r400_500-8000.hdf5	right	left
2839.9747	1	Stimulus/S  1	1	28399747	28399755	83	3	70	pips_l40_r400_500-8000.hdf5	right	left
2841.0414	1	Stimulus/S  1	1	28410414	28410422	83	4	50	pips_l40_r400_500-8000.hdf5	right	left
2842.108	1	Stimulus/S  1	1	28421080	28421088	83	5	30	pips_l40_r400_500-8000.hdf5	right	left
2843.1747	1	Stimulus/S  1	1	28431747	28431755	84	0	20	pips_l40_r400_500-8000.hdf5	right	left
2844.2414	1	Stimulus/S  1	1	28442414	28442422	84	1	40	pips_l40_r400_500-8000.hdf5	right	left
2845.3081	1	Stimulus/S  1	1	28453081	28453089	84	2	60	pips_l40_r400_500-8000.hdf5	right	left
2846.3747	1	Stimulus/S  1	1	28463747	28463755	84	3	70	pips_l40_r400_500-8000.hdf5	right	left
2847.4414	1	Stimulus/S  1	1	28474414	28474422	84	4	50	pips_l40_r400_500-8000.hdf5	right	left
2848.4974	1	Stimulus/S  1	1	28484974	28484982	84	5	30	pips_l40_r400_500-8000.hdf5	right	left
2849.5428	1	Stimulus/S  1	1	28495428	28495436	85	0	20	pips_l40_r400_500-8000.hdf5	right	left
2850.5881	1	Stimulus/S  1	1	28505881	28505889	85	1	40	pips_l40_r400_500-8000.hdf5	right	left
2851.6441	1	Stimulus/S  1	1	28516441	28516449	85	2	60	pips_l40_r400_500-8000.hdf5	right	left
2852.6895	1	Stimulus/S  1	1	28526895	28526903	85	3	70	pips_l40_r400_500-8000.hdf5	right	left
2853.7561	1	Stimulus/S  1	1	28537561	28537569	85	4	50	pips_l40_r400_500-8000.hdf5	right	left
2854.8228	1	Stimulus/S  1	1	28548228	28548236	85	5	30	pips_l40_r400_500-8000.hdf5	right	left
2855.8788	1	Stimulus/S  1	1	28558788	28558796	86	0	20	pips_l40_r400_500-8000.hdf5	right	left
2856.9242	1	Stimulus/S  1	1	28569242	28569250	86	1	40	pips_l40_r400_500-8000.hdf5	right	left
2857.9802	1	Stimulus/S  1	1	28579802	28579810	86	2	60	pips_l40_r400_500-8000.hdf5	right	left
2859.0255	1	Stimulus/S  1	1	28590255	28590263	86	3	70	pips_l40_r400_500-8000.hdf5	right	left
2860.0815	1	Stimulus/S  1	1	28600815	28600823	86	4	50	pips_l40_r400_500-8000.hdf5	right	left
2861.1269	1	Stimulus/S  1	1	28611269	28611277	86	5	30	pips_l40_r400_500-8000.hdf5	right	left
2862.1722	1	Stimulus/S  1	1	28621722	28621730	87	0	20	pips_l40_r400_500-8000.hdf5	right	left
2863.2282	1	Stimulus/S  1	1	28632282	28632290	87	1	40	pips_l40_r400_500-8000.hdf5	right	left
2864.2949	1	Stimulus/S  1	1	28642949	28642957	87	2	60	pips_l40_r400_500-8000.hdf5	right	left
2865.3616	1	Stimulus/S  1	1	28653616	28653624	87	3	70	pips_l40_r400_500-8000.hdf5	right	left
2866.4283	1	Stimulus/S  1	1	28664283	28664291	87	4	50	pips_l40_r400_500-8000.hdf5	right	left
2867.4736	1	Stimulus/S  1	1	28674736	28674744	87	5	30	pips_l40_r400_500-8000.hdf5	right	left
2868.5296	1	Stimulus/S  1	1	28685296	28685304	88	0	20	pips_l40_r400_500-8000.hdf5	right	left
2869.575	1	Stimulus/S  1	1	28695750	28695758	88	1	40	pips_l40_r400_500-8000.hdf5	right	left
2870.631	1	Stimulus/S  1	1	28706310	28706318	88	2	60	pips_l40_r400_500-8000.hdf5	right	left
2871.6977	1	Stimulus/S  1	1	28716977	28716985	88	3	70	pips_l40_r400_500-8000.hdf5	right	left
2872.7643	1	Stimulus/S  1	1	28727643	28727651	88	4	50	pips_l40_r400_500-8000.hdf5	right	left
2873.831	1	Stimulus/S  1	1	28738310	28738318	88	5	30	pips_l40_r400_500-8000.hdf5	right	left
2874.8763	1	Stimulus/S  1	1	28748763	28748771	89	0	20	pips_l40_r400_500-8000.hdf5	right	left
2875.9324	1	Stimulus/S  1	1	28759324	28759332	89	1	40	pips_l40_r400_500-8000.hdf5	right	left
2876.9777	1	Stimulus/S  1	1	28769777	28769785	89	2	60	pips_l40_r400_500-8000.hdf5	right	left
2878.023	1	Stimulus/S  1	1	28780230	28780238	89	3	70	pips_l40_r400_500-8000.hdf5	right	left
2879.0897	1	Stimulus/S  1	1	28790897	28790905	89	4	50	pips_l40_r400_500-8000.hdf5	right	left
2880.1564	1	Stimulus/S  1	1	28801564	28801572	89	5	30	pips_l40_r400_500-8000.hdf5	right	left
2881.2124	1	Stimulus/S  1	1	28812124	28812132	90	0	20	pips_l40_r400_500-8000.hdf5	right	left
2882.2578	1	Stimulus/S  1	1	28822578	28822586	90	1	40	pips_l40_r400_500-8000.hdf5	right	left
2883.3244	1	Stimulus/S  1	1	28833244	28833252	90	2	60	pips_l40_r400_500-8000.hdf5	right	left
2884.3911	1	Stimulus/S  1	1	28843911	28843919	90	3	70	pips_l40_r400_500-8000.hdf5	right	left
2885.4471	1	Stimulus/S  1	1	28854471	28854479	90	4	50	pips_l40_r400_500-8000.hdf5	right	left
2886.4925	1	Stimulus/S  1	1	28864925	28864933	90	5	30	pips_l40_r400_500-8000.hdf5	right	left
2887.5485	1	Stimulus/S  1	1	28875485	28875493	91	0	20	pips_l40_r400_500-8000.hdf5	right	left
2888.6151	1	Stimulus/S  1	1	28886151	28886159	91	1	40	pips_l40_r400_500-8000.hdf5	right	left
2889.6605	1	Stimulus/S  1	1	28896605	28896613	91	2	60	pips_l40_r400_500-8000.hdf5	right	left
2890.7058	1	Stimulus/S  1	1	28907058	28907066	91	3	70	pips_l40_r400_500-8000.hdf5	right	left
2891.7618	1	Stimulus/S  1	1	28917618	28917626	91	4	50	pips_l40_r400_500-8000.hdf5	right	left
2892.8072	1	Stimulus/S  1	1	28928072	28928080	91	5	30	pips_l40_r400_500-8000.hdf5	right	left
2893.8632	1	Stimulus/S  1	1	28938632	28938640	92	0	20	pips_l40_r400_500-8000.hdf5	right	left
2894.9299	1	Stimulus/S  1	1	28949299	28949307	92	1	40	pips_l40_r400_500-8000.hdf5	right	left
2895.9965	1	Stimulus/S  1	1	28959965	28959973	92	2	60	pips_l40_r400_500-8000.hdf5	right	left
2897.0632	1	Stimulus/S  1	1	28970632	28970640	92	3	70	pips_l40_r400_500-8000.hdf5	right	left
2898.1299	1	Stimulus/S  1	1	28981299	28981307	92	4	50	pips_l40_r400_500-8000.hdf5	right	left
2899.1752	1	Stimulus/S  1	1	28991752	28991760	92	5	30	pips_l40_r400_500-8000.hdf5	right	left
2900.2313	1	Stimulus/S  1	1	29002313	29002321	93	0	20	pips_l40_r400_500-8000.hdf5	right	left
2901.2979	1	Stimulus/S  1	1	29012979	29012987	93	1	40	pips_l40_r400_500-8000.hdf5	right	left
2902.3646	1	Stimulus/S  1	1	29023646	29023654	93	2	60	pips_l40_r400_500-8000.hdf5	right	left
2903.41	1	Stimulus/S  1	1	29034100	29034108	93	3	70	pips_l40_r400_500-8000.hdf5	right	left
2904.466	1	Stimulus/S  1	1	29044660	29044668	93	4	50	pips_l40_r400_500-8000.hdf5	right	left
2905.5113	1	Stimulus/S  1	1	29055113	29055121	93	5	30	pips_l40_r400_500-8000.hdf5	right	left
2906.578	1	Stimulus/S  1	1	29065780	29065788	94	0	20	pips_l40_r400_500-8000.hdf5	right	left
2907.6233	1	Stimulus/S  1	1	29076233	29076241	94	1	40	pips_l40_r400_500-8000.hdf5	right	left
2908.6793	1	Stimulus/S  1	1	29086793	29086801	94	2	60	pips_l40_r400_500-8000.hdf5	right	left
2909.7247	1	Stimulus/S  1	1	29097247	29097255	94	3	70	pips_l40_r400_500-8000.hdf5	right	left
2910.7914	1	Stimulus/S  1	1	29107914	29107922	94	4	50	pips_l40_r400_500-8000.hdf5	right	left
2911.858	1	Stimulus/S  1	1	29118580	29118588	94	5	30	pips_l40_r400_500-8000.hdf5	right	left
2912.914	1	Stimulus/S  1	1	29129140	29129148	95	0	20	pips_l40_r400_500-8000.hdf5	right	left
2913.9594	1	Stimulus/S  1	1	29139594	29139602	95	1	40	pips_l40_r400_500-8000.hdf5	right	left
2915.0154	1	Stimulus/S  1	1	29150154	29150162	95	2	60	pips_l40_r400_500-8000.hdf5	right	left
2916.0821	1	Stimulus/S  1	1	29160821	29160829	95	3	70	pips_l40_r400_500-8000.hdf5	right	left
2917.1274	1	Stimulus/S  1	1	29171274	29171282	95	4	50	pips_l40_r400_500-8000.hdf5	right	left
2918.1728	1	Stimulus/S  1	1	29181728	29181736	95	5	30	pips_l40_r400_500-8000.hdf5	right	left
2919.2288	1	Stimulus/S  1	1	29192288	29192296	96	0	20	pips_l40_r400_500-8000.hdf5	right	left
2920.2954	1	Stimulus/S  1	1	29202954	29202962	96	1	40	pips_l40_r400_500-8000.hdf5	right	left
2921.3621	1	Stimulus/S  1	1	29213621	29213629	96	2	60	pips_l40_r400_500-8000.hdf5	right	left
2922.4075	1	Stimulus/S  1	1	29224075	29224083	96	3	70	pips_l40_r400_500-8000.hdf5	right	left
2923.4635	1	Stimulus/S  1	1	29234635	29234643	96	4	50	pips_l40_r400_500-8000.hdf5	right	left
2924.5302	1	Stimulus/S  1	1	29245302	29245310	96	5	30	pips_l40_r400_500-8000.hdf5	right	left
2925.5968	1	Stimulus/S  1	1	29255968	29255976	97	0	20	pips_l40_r400_500-8000.hdf5	right	left
2926.6422	1	Stimulus/S  1	1	29266422	29266430	97	1	40	pips_l40_r400_500-8000.hdf5	right	left
2927.6982	1	Stimulus/S  1	1	29276982	29276990	97	2	60	pips_l40_r400_500-8000.hdf5	right	left
2928.7649	1	Stimulus/S  1	1	29287649	29287657	97	3	70	pips_l40_r400_500-8000.hdf5	right	left
2929.8102	1	Stimulus/S  1	1	29298102	29298110	97	4	50	pips_l40_r400_500-8000.hdf5	right	left
2930.8555	1	Stimulus/S  1	1	29308555	29308563	97	5	30	pips_l40_r400_500-8000.hdf5	right	left
2931.9116	1	Stimulus/S  1	1	29319116	29319124	98	0	20	pips_l40_r400_500-8000.hdf5	right	left
2932.9569	1	Stimulus/S  1	1	29329569	29329577	98	1	40	pips_l40_r400_500-8000.hdf5	right	left
2934.0129	1	Stimulus/S  1	1	29340129	29340137	98	2	60	pips_l40_r400_500-8000.hdf5	right	left
2935.0583	1	Stimulus/S  1	1	29350583	29350591	98	3	70	pips_l40_r400_500-8000.hdf5	right	left
2936.1143	1	Stimulus/S  1	1	29361143	29361151	98	4	50	pips_l40_r400_500-8000.hdf5	right	left
2937.1809	1	Stimulus/S  1	1	29371809	29371817	98	5	30	pips_l40_r400_500-8000.hdf5	right	left
2938.2476	1	Stimulus/S  1	1	29382476	29382484	99	0	20	pips_l40_r400_500-8000.hdf5	right	left
2939.3143	1	Stimulus/S  1	1	29393143	29393151	99	1	40	pips_l40_r400_500-8000.hdf5	right	left
2940.3596	1	Stimulus/S  1	1	29403596	29403604	99	2	60	pips_l40_r400_500-8000.hdf5	right	left
2941.4156	1	Stimulus/S  1	1	29414156	29414164	99	3	70	pips_l40_r400_500-8000.hdf5	right	left
2942.461	1	Stimulus/S  1	1	29424610	29424618	99	4	50	pips_l40_r400_500-8000.hdf5	right	left
2943.5277	1	Stimulus/S  1	1	29435277	29435285	99	5	30	pips_l40_r400_500-8000.hdf5	right	left
2944.573	1	Stimulus/S  1	1	29445730	29445738	100	0	20	pips_l40_r400_500-8000.hdf5	right	left
2945.629	1	Stimulus/S  1	1	29456290	29456298	100	1	40	pips_l40_r400_500-8000.hdf5	right	left
2946.6744	1	Stimulus/S  1	1	29466744	29466752	100	2	60	pips_l40_r400_500-8000.hdf5	right	left
2947.7304	1	Stimulus/S  1	1	29477304	29477312	100	3	70	pips_l40_r400_500-8000.hdf5	right	left
2948.7757	1	Stimulus/S  1	1	29487757	29487765	100	4	50	pips_l40_r400_500-8000.hdf5	right	left
2949.8317	1	Stimulus/S  1	1	29498317	29498325	100	5	30	pips_l40_r400_500-8000.hdf5	right	left
2950.8984	1	Stimulus/S  1	1	29508984	29508992	101	0	20	pips_l40_r400_500-8000.hdf5	right	left
2951.9651	1	Stimulus/S  1	1	29519651	29519659	101	1	40	pips_l40_r400_500-8000.hdf5	right	left
2953.0318	1	Stimulus/S  1	1	29530318	29530326	101	2	60	pips_l40_r400_500-8000.hdf5	right	left
2954.0984	1	Stimulus/S  1	1	29540984	29540992	101	3	70	pips_l40_r400_500-8000.hdf5	right	left
2955.1651	1	Stimulus/S  1	1	29551651	29551659	101	4	50	pips_l40_r400_500-8000.hdf5	right	left
2956.2318	1	Stimulus/S  1	1	29562318	29562326	101	5	30	pips_l40_r400_500-8000.hdf5	right	left
2957.2985	1	Stimulus/S  1	1	29572985	29572993	102	0	20	pips_l40_r400_500-8000.hdf5	right	left
2958.3651	1	Stimulus/S  1	1	29583651	29583659	102	1	40	pips_l40_r400_500-8000.hdf5	right	left
2959.4318	1	Stimulus/S  1	1	29594318	29594326	102	2	60	pips_l40_r400_500-8000.hdf5	right	left
2960.4985	1	Stimulus/S  1	1	29604985	29604993	102	3	70	pips_l40_r400_500-8000.hdf5	right	left
2961.5438	1	Stimulus/S  1	1	29615438	29615446	102	4	50	pips_l40_r400_500-8000.hdf5	right	left
2962.5998	1	Stimulus/S  1	1	29625998	29626006	102	5	30	pips_l40_r400_500-8000.hdf5	right	left
2963.6452	1	Stimulus/S  1	1	29636452	29636460	103	0	20	pips_l40_r400_500-8000.hdf5	right	left
2964.6905	1	Stimulus/S  1	1	29646905	29646913	103	1	40	pips_l40_r400_500-8000.hdf5	right	left
2965.7465	1	Stimulus/S  1	1	29657465	29657473	103	2	60	pips_l40_r400_500-8000.hdf5	right	left
2966.7919	1	Stimulus/S  1	1	29667919	29667927	103	3	70	pips_l40_r400_500-8000.hdf5	right	left
2967.8586	1	Stimulus/S  1	1	29678586	29678594	103	4	50	pips_l40_r400_500-8000.hdf5	right	left
2968.9252	1	Stimulus/S  1	1	29689252	29689260	103	5	30	pips_l40_r400_500-8000.hdf5	right	left
2969.9813	1	Stimulus/S  1	1	29699813	29699821	104	0	20	pips_l40_r400_500-8000.hdf5	right	left
2971.0266	1	Stimulus/S  1	1	29710266	29710274	104	1	40	pips_l40_r400_500-8000.hdf5	right	left
2972.0826	1	Stimulus/S  1	1	29720826	29720834	104	2	60	pips_l40_r400_500-8000.hdf5	right	left
2973.1279	1	Stimulus/S  1	1	29731279	29731287	104	3	70	pips_l40_r400_500-8000.hdf5	right	left
2974.1733	1	Stimulus/S  1	1	29741733	29741741	104	4	50	pips_l40_r400_500-8000.hdf5	right	left
2975.2293	1	Stimulus/S  1	1	29752293	29752301	104	5	30	pips_l40_r400_500-8000.hdf5	right	left
2976.2746	1	Stimulus/S  1	1	29762746	29762754	105	0	20	pips_l40_r400_500-8000.hdf5	right	left
2977.3413	1	Stimulus/S  1	1	29773413	29773421	105	1	40	pips_l40_r400_500-8000.hdf5	right	left
2978.408	1	Stimulus/S  1	1	29784080	29784088	105	2	60	pips_l40_r400_500-8000.hdf5	right	left
2979.4747	1	Stimulus/S  1	1	29794747	29794755	105	3	70	pips_l40_r400_500-8000.hdf5	right	left
2980.5414	1	Stimulus/S  1	1	29805414	29805422	105	4	50	pips_l40_r400_500-8000.hdf5	right	left
2981.608	1	Stimulus/S  1	1	29816080	29816088	105	5	30	pips_l40_r400_500-8000.hdf5	right	left
2982.6747	1	Stimulus/S  1	1	29826747	29826755	106	0	20	pips_l40_r400_500-8000.hdf5	right	left
2983.7414	1	Stimulus/S  1	1	29837414	29837422	106	1	40	pips_l40_r400_500-8000.hdf5	right	left
2984.8081	1	Stimulus/S  1	1	29848081	29848089	106	2	60	pips_l40_r400_500-8000.hdf5	right	left
2985.8641	1	Stimulus/S  1	1	29858641	29858649	106	3	70	pips_l40_r400_500-8000.hdf5	right	left
2986.9307	1	Stimulus/S  1	1	29869307	29869315	106	4	50	pips_l40_r400_500-8000.hdf5	right	left
2987.9974	1	Stimulus/S  1	1	29879974	29879982	106	5	30	pips_l40_r400_500-8000.hdf5	right	left
2989.0641	1	Stimulus/S  1	1	29890641	29890649	107	0	20	pips_l40_r400_500-8000.hdf5	right	left
2990.1094	1	Stimulus/S  1	1	29901094	29901102	107	1	40	pips_l40_r400_500-8000.hdf5	right	left
2991.1761	1	Stimulus/S  1	1	29911761	29911769	107	2	60	pips_l40_r400_500-8000.hdf5	right	left
2992.2428	1	Stimulus/S  1	1	29922428	29922436	107	3	70	pips_l40_r400_500-8000.hdf5	right	left
2993.3095	1	Stimulus/S  1	1	29933095	29933103	107	4	50	pips_l40_r400_500-8000.hdf5	right	left
2994.3655	1	Stimulus/S  1	1	29943655	29943663	107	5	30	pips_l40_r400_500-8000.hdf5	right	left
2995.4108	1	Stimulus/S  1	1	29954108	29954116	108	0	20	pips_l40_r400_500-8000.hdf5	right	left
2996.4668	1	Stimulus/S  1	1	29964668	29964676	108	1	40	pips_l40_r400_500-8000.hdf5	right	left
2997.5122	1	Stimulus/S  1	1	29975122	29975130	108	2	60	pips_l40_r400_500-8000.hdf5	right	left
2998.5789	1	Stimulus/S  1	1	29985789	29985797	108	3	70	pips_l40_r400_500-8000.hdf5	right	left
2999.6455	1	Stimulus/S  1	1	29996455	29996463	108	4	50	pips_l40_r400_500-8000.hdf5	right	left
3000.6909	1	Stimulus/S  1	1	30006909	30006917	108	5	30	pips_l40_r400_500-8000.hdf5	right	left
3001.7469	1	Stimulus/S  1	1	30017469	30017477	109	0	20	pips_l40_r400_500-8000.hdf5	right	left
3002.7922	1	Stimulus/S  1	1	30027922	30027930	109	1	40	pips_l40_r400_500-8000.hdf5	right	left
3003.8482	1	Stimulus/S  1	1	30038482	30038490	109	2	60	pips_l40_r400_500-8000.hdf5	right	left
3004.9149	1	Stimulus/S  1	1	30049149	30049157	109	3	70	pips_l40_r400_500-8000.hdf5	right	left
3005.9816	1	Stimulus/S  1	1	30059816	30059824	109	4	50	pips_l40_r400_500-8000.hdf5	right	left
3007.0269	1	Stimulus/S  1	1	30070269	30070277	109	5	30	pips_l40_r400_500-8000.hdf5	right	left
3008.0829	1	Stimulus/S  1	1	30080829	30080837	110	0	20	pips_l40_r400_500-8000.hdf5	right	left
3009.1283	1	Stimulus/S  1	1	30091283	30091291	110	1	40	pips_l40_r400_500-8000.hdf5	right	left
3010.1843	1	Stimulus/S  1	1	30101843	30101851	110	2	60	pips_l40_r400_500-8000.hdf5	right	left
3011.251	1	Stimulus/S  1	1	30112510	30112518	110	3	70	pips_l40_r400_500-8000.hdf5	right	left
3012.2963	1	Stimulus/S  1	1	30122963	30122971	110	4	50	pips_l40_r400_500-8000.hdf5	right	left
3013.363	1	Stimulus/S  1	1	30133630	30133638	110	5	30	pips_l40_r400_500-8000.hdf5	right	left
3014.4297	1	Stimulus/S  1	1	30144297	30144305	111	0	20	pips_l40_r400_500-8000.hdf5	right	left
3015.4963	1	Stimulus/S  1	1	30154963	30154971	111	1	40	pips_l40_r400_500-8000.hdf5	right	left
3016.5417	1	Stimulus/S  1	1	30165417	30165425	111	2	60	pips_l40_r400_500-8000.hdf5	right	left
3017.5977	1	Stimulus/S  1	1	30175977	30175985	111	3	70	pips_l40_r400_500-8000.hdf5	right	left
3018.643	1	Stimulus/S  1	1	30186430	30186438	111	4	50	pips_l40_r400_500-8000.hdf5	right	left
3019.7097	1	Stimulus/S  1	1	30197097	30197105	111	5	30	pips_l40_r400_500-8000.hdf5	right	left
3020.7764	1	Stimulus/S  1	1	30207764	30207772	112	0	20	pips_l40_r400_500-8000.hdf5	right	left
3021.8431	1	Stimulus/S  1	1	30218431	30218439	112	1	40	pips_l40_r400_500-8000.hdf5	right	left
3022.9098	1	Stimulus/S  1	1	30229098	30229106	112	2	60	pips_l40_r400_500-8000.hdf5	right	left
3023.9764	1	Stimulus/S  1	1	30239764	30239772	112	3	70	pips_l40_r400_500-8000.hdf5	right	left
3025.0324	1	Stimulus/S  1	1	30250324	30250332	112	4	50	pips_l40_r400_500-8000.hdf5	right	left
3026.0778	1	Stimulus/S  1	1	30260778	30260786	112	5	30	pips_l40_r400_500-8000.hdf5	right	left
3027.1338	1	Stimulus/S  1	1	30271338	30271346	113	0	20	pips_l40_r400_500-8000.hdf5	right	left
3028.1791	1	Stimulus/S  1	1	30281791	30281799	113	1	40	pips_l40_r400_500-8000.hdf5	right	left
3029.2458	1	Stimulus/S  1	1	30292458	30292466	113	2	60	pips_l40_r400_500-8000.hdf5	right	left
3030.3018	1	Stimulus/S  1	1	30303018	30303026	113	3	70	pips_l40_r400_500-8000.hdf5	right	left
3031.3472	1	Stimulus/S  1	1	30313472	30313480	113	4	50	pips_l40_r400_500-8000.hdf5	right	left
3032.3925	1	Stimulus/S  1	1	30323925	30323933	113	5	30	pips_l40_r400_500-8000.hdf5	right	left
3033.4592	1	Stimulus/S  1	1	30334592	30334600	114	0	20	pips_l40_r400_500-8000.hdf5	right	left
3034.5152	1	Stimulus/S  1	1	30345152	30345160	114	1	40	pips_l40_r400_500-8000.hdf5	right	left
3035.5605	1	Stimulus/S  1	1	30355605	30355613	114	2	60	pips_l40_r400_500-8000.hdf5	right	left
3036.6165	1	Stimulus/S  1	1	30366165	30366173	114	3	70	pips_l40_r400_500-8000.hdf5	right	left
3037.6619	1	Stimulus/S  1	1	30376619	30376627	114	4	50	pips_l40_r400_500-8000.hdf5	right	left
3038.7286	1	Stimulus/S  1	1	30387286	30387294	114	5	30	pips_l40_r400_500-8000.hdf5	right	left
3039.7846	1	Stimulus/S  1	1	30397846	30397854	115	0	20	pips_l40_r400_500-8000.hdf5	right	left
3040.8299	1	Stimulus/S  1	1	30408299	30408307	115	1	40	pips_l40_r400_500-8000.hdf5	right	left
3041.8753	1	Stimulus/S  1	1	30418753	30418761	115	2	60	pips_l40_r400_500-8000.hdf5	right	left
3042.9313	1	Stimulus/S  1	1	30429313	30429321	115	3	70	pips_l40_r400_500-8000.hdf5	right	left
3043.998	1	Stimulus/S  1	1	30439980	30439988	115	4	50	pips_l40_r400_500-8000.hdf5	right	left
3045.0646	1	Stimulus/S  1	1	30450646	30450654	115	5	30	pips_l40_r400_500-8000.hdf5	right	left
3046.1313	1	Stimulus/S  1	1	30461313	30461321	116	0	20	pips_l40_r400_500-8000.hdf5	right	left
3047.1767	1	Stimulus/S  1	1	30471767	30471775	116	1	40	pips_l40_r400_500-8000.hdf5	right	left
3048.2327	1	Stimulus/S  1	1	30482327	30482335	116	2	60	pips_l40_r400_500-8000.hdf5	right	left
3049.2993	1	Stimulus/S  1	1	30492993	30493001	116	3	70	pips_l40_r400_500-8000.hdf5	right	left
3050.366	1	Stimulus/S  1	1	30503660	30503668	116	4	50	pips_l40_r400_500-8000.hdf5	right	left
3051.4114	1	Stimulus/S  1	1	30514114	30514122	116	5	30	pips_l40_r400_500-8000.hdf5	right	left
3052.4674	1	Stimulus/S  1	1	30524674	30524682	117	0	20	pips_l40_r400_500-8000.hdf5	right	left
3053.5127	1	Stimulus/S  1	1	30535127	30535135	117	1	40	pips_l40_r400_500-8000.hdf5	right	left
3054.5794	1	Stimulus/S  1	1	30545794	30545802	117	2	60	pips_l40_r400_500-8000.hdf5	right	left
3055.6461	1	Stimulus/S  1	1	30556461	30556469	117	3	70	pips_l40_r400_500-8000.hdf5	right	left
3056.6914	1	Stimulus/S  1	1	30566914	30566922	117	4	50	pips_l40_r400_500-8000.hdf5	right	left
3057.7474	1	Stimulus/S  1	1	30577474	30577482	117	5	30	pips_l40_r400_500-8000.hdf5	right	left
3058.7928	1	Stimulus/S  1	1	30587928	30587936	118	0	20	pips_l40_r400_500-8000.hdf5	right	left
3059.8488	1	Stimulus/S  1	1	30598488	30598496	118	1	40	pips_l40_r400_500-8000.hdf5	right	left
3060.9154	1	Stimulus/S  1	1	30609154	30609162	118	2	60	pips_l40_r400_500-8000.hdf5	right	left
3061.9821	1	Stimulus/S  1	1	30619821	30619829	118	3	70	pips_l40_r400_500-8000.hdf5	right	left
3063.0275	1	Stimulus/S  1	1	30630275	30630283	118	4	50	pips_l40_r400_500-8000.hdf5	right	left
3064.0835	1	Stimulus/S  1	1	30640835	30640843	118	5	30	pips_l40_r400_500-8000.hdf5	right	left
3065.1502	1	Stimulus/S  1	1	30651502	30651510	119	0	20	pips_l40_r400_500-8000.hdf5	right	left
3066.1955	1	Stimulus/S  1	1	30661955	30661963	119	1	40	pips_l40_r400_500-8000.hdf5	right	left
3067.2515	1	Stimulus/S  1	1	30672515	30672523	119	2	60	pips_l40_r400_500-8000.hdf5	right	left
3068.2969	1	Stimulus/S  1	1	30682969	30682977	119	3	70	pips_l40_r400_500-8000.hdf5	right	left
3069.3422	1	Stimulus/S  1	1	30693422	30693430	119	4	50	pips_l40_r400_500-8000.hdf5	right	left
3070.4089	1	Stimulus/S  1	1	30704089	30704097	119	5	30	pips_l40_r400_500-8000.hdf5	right	left
3071.4755	1	Stimulus/S  1	1	30714755	30714763	0	0	20	pips_l40_r400_500-8000.hdf5	right	left
3072.5316	1	Stimulus/S  1	1	30725316	30725324	0	1	40	pips_l40_r400_500-8000.hdf5	right	left
3073.5769	1	Stimulus/S  1	1	30735769	30735777	0	2	60	pips_l40_r400_500-8000.hdf5	right	left
3074.6436	1	Stimulus/S  1	1	30746436	30746444	0	3	70	pips_l40_r400_500-8000.hdf5	right	left
3075.7103	1	Stimulus/S  1	1	30757103	30757111	0	4	50	pips_l40_r400_500-8000.hdf5	right	left
3076.7769	1	Stimulus/S  1	1	30767769	30767777	0	5	30	pips_l40_r400_500-8000.hdf5	right	left
3077.8329	1	Stimulus/S  1	1	30778329	30778337	1	0	20	pips_l40_r400_500-8000.hdf5	right	left
3078.8996	1	Stimulus/S  1	1	30788996	30789004	1	1	40	pips_l40_r400_500-8000.hdf5	right	left
3079.945	1	Stimulus/S  1	1	30799450	30799458	1	2	60	pips_l40_r400_500-8000.hdf5	right	left
3081.001	1	Stimulus/S  1	1	30810010	30810018	1	3	70	pips_l40_r400_500-8000.hdf5	right	left
3082.0676	1	Stimulus/S  1	1	30820676	30820684	1	4	50	pips_l40_r400_500-8000.hdf5	right	left
3083.113	1	Stimulus/S  1	1	30831130	30831138	1	5	30	pips_l40_r400_500-8000.hdf5	right	left
3084.169	1	Stimulus/S  1	1	30841690	30841698	2	0	20	pips_l40_r400_500-8000.hdf5	right	left
3085.2357	1	Stimulus/S  1	1	30852357	30852365	2	1	40	pips_l40_r400_500-8000.hdf5	right	left
3086.3024	1	Stimulus/S  1	1	30863024	30863032	2	2	60	pips_l40_r400_500-8000.hdf5	right	left
3087.3477	1	Stimulus/S  1	1	30873477	30873485	2	3	70	pips_l40_r400_500-8000.hdf5	right	left
3088.393	1	Stimulus/S  1	1	30883930	30883938	2	4	50	pips_l40_r400_500-8000.hdf5	right	left
3089.4597	1	Stimulus/S  1	1	30894597	30894605	2	5	30	pips_l40_r400_500-8000.hdf5	right	left
3090.5264	1	Stimulus/S  1	1	30905264	30905272	3	0	20	pips_l40_r400_500-8000.hdf5	right	left
3091.5824	1	Stimulus/S  1	1	30915824	30915832	3	1	40	pips_l40_r400_500-8000.hdf5	right	left
3092.6277	1	Stimulus/S  1	1	30926277	30926285	3	2	60	pips_l40_r400_500-8000.hdf5	right	left
3093.6944	1	Stimulus/S  1	1	30936944	30936952	3	3	70	pips_l40_r400_500-8000.hdf5	right	left
3094.7611	1	Stimulus/S  1	1	30947611	30947619	3	4	50	pips_l40_r400_500-8000.hdf5	right	left
3095.8171	1	Stimulus/S  1	1	30958171	30958179	3	5	30	pips_l40_r400_500-8000.hdf5	right	left
3096.8625	1	Stimulus/S  1	1	30968625	30968633	4	0	20	pips_l40_r400_500-8000.hdf5	right	left
3097.9291	1	Stimulus/S  1	1	30979291	30979299	4	1	40	pips_l40_r400_500-8000.hdf5	right	left
3098.9851	1	Stimulus/S  1	1	30989851	30989859	4	2	60	pips_l40_r400_500-8000.hdf5	right	left
3100.0518	1	Stimulus/S  1	1	31000518	31000526	4	3	70	pips_l40_r400_500-8000.hdf5	right	left
3101.1185	1	Stimulus/S  1	1	31011185	31011193	4	4	50	pips_l40_r400_500-8000.hdf5	right	left
3102.1638	1	Stimulus/S  1	1	31021638	31021646	4	5	30	pips_l40_r400_500-8000.hdf5	right	left
3103.2305	1	Stimulus/S  1	1	31032305	31032313	5	0	20	pips_l40_r400_500-8000.hdf5	right	left
3104.2759	1	Stimulus/S  1	1	31042759	31042767	5	1	40	pips_l40_r400_500-8000.hdf5	right	left
3105.3319	1	Stimulus/S  1	1	31053319	31053327	5	2	60	pips_l40_r400_500-8000.hdf5	right	left
3106.3772	1	Stimulus/S  1	1	31063772	31063780	5	3	70	pips_l40_r400_500-8000.hdf5	right	left
3107.4439	1	Stimulus/S  1	1	31074439	31074447	5	4	50	pips_l40_r400_500-8000.hdf5	right	left
3108.4999	1	Stimulus/S  1	1	31084999	31085007	5	5	30	pips_l40_r400_500-8000.hdf5	right	left
3109.5452	1	Stimulus/S  1	1	31095452	31095460	6	0	20	pips_l40_r400_500-8000.hdf5	right	left
3110.6119	1	Stimulus/S  1	1	31106119	31106127	6	1	40	pips_l40_r400_500-8000.hdf5	right	left
3111.6786	1	Stimulus/S  1	1	31116786	31116794	6	2	60	pips_l40_r400_500-8000.hdf5	right	left
3112.7346	1	Stimulus/S  1	1	31127346	31127354	6	3	70	pips_l40_r400_500-8000.hdf5	right	left
3113.7799	1	Stimulus/S  1	1	31137799	31137807	6	4	50	pips_l40_r400_500-8000.hdf5	right	left
3114.8466	1	Stimulus/S  1	1	31148466	31148474	6	5	30	pips_l40_r400_500-8000.hdf5	right	left
3115.9133	1	Stimulus/S  1	1	31159133	31159141	7	0	20	pips_l40_r400_500-8000.hdf5	right	left
3116.9693	1	Stimulus/S  1	1	31169693	31169701	7	1	40	pips_l40_r400_500-8000.hdf5	right	left
3118.0147	1	Stimulus/S  1	1	31180147	31180155	7	2	60	pips_l40_r400_500-8000.hdf5	right	left
3119.06	1	Stimulus/S  1	1	31190600	31190608	7	3	70	pips_l40_r400_500-8000.hdf5	right	left
3120.1267	1	Stimulus/S  1	1	31201267	31201275	7	4	50	pips_l40_r400_500-8000.hdf5	right	left
3121.1934	1	Stimulus/S  1	1	31211934	31211942	7	5	30	pips_l40_r400_500-8000.hdf5	right	left
3122.2494	1	Stimulus/S  1	1	31222494	31222502	8	0	20	pips_l40_r400_500-8000.hdf5	right	left
3123.2947	1	Stimulus/S  1	1	31232947	31232955	8	1	40	pips_l40_r400_500-8000.hdf5	right	left
3124.3614	1	Stimulus/S  1	1	31243614	31243622	8	2	60	pips_l40_r400_500-8000.hdf5	right	left
3125.4174	1	Stimulus/S  1	1	31254174	31254182	8	3	70	pips_l40_r400_500-8000.hdf5	right	left
3126.4627	1	Stimulus/S  1	1	31264627	31264635	8	4	50	pips_l40_r400_500-8000.hdf5	right	left
3127.5294	1	Stimulus/S  1	1	31275294	31275302	8	5	30	pips_l40_r400_500-8000.hdf5	right	left
3128.5854	1	Stimulus/S  1	1	31285854	31285862	9	0	20	pips_l40_r400_500-8000.hdf5	right	left
3129.6308	1	Stimulus/S  1	1	31296308	31296316	9	1	40	pips_l40_r400_500-8000.hdf5	right	left
3130.6974	1	Stimulus/S  1	1	31306974	31306982	9	2	60	pips_l40_r400_500-8000.hdf5	right	left
3131.7535	1	Stimulus/S  1	1	31317535	31317543	9	3	70	pips_l40_r400_500-8000.hdf5	right	left
3132.7988	1	Stimulus/S  1	1	31327988	31327996	9	4	50	pips_l40_r400_500-8000.hdf5	right	left
3133.8655	1	Stimulus/S  1	1	31338655	31338663	9	5	30	pips_l40_r400_500-8000.hdf5	right	left
3134.9108	1	Stimulus/S  1	1	31349108	31349116	10	0	20	pips_l40_r400_500-8000.hdf5	right	left
3135.9668	1	Stimulus/S  1	1	31359668	31359676	10	1	40	pips_l40_r400_500-8000.hdf5	right	left
3137.0335	1	Stimulus/S  1	1	31370335	31370343	10	2	60	pips_l40_r400_500-8000.hdf5	right	left
3138.0788	1	Stimulus/S  1	1	31380788	31380796	10	3	70	pips_l40_r400_500-8000.hdf5	right	left
3139.1349	1	Stimulus/S  1	1	31391349	31391357	10	4	50	pips_l40_r400_500-8000.hdf5	right	left
3140.2015	1	Stimulus/S  1	1	31402015	31402023	10	5	30	pips_l40_r400_500-8000.hdf5	right	left
3141.2682	1	Stimulus/S  1	1	31412682	31412690	11	0	20	pips_l40_r400_500-8000.hdf5	right	left
3142.3136	1	Stimulus/S  1	1	31423136	31423144	11	1	40	pips_l40_r400_500-8000.hdf5	right	left
3143.3696	1	Stimulus/S  1	1	31433696	31433704	11	2	60	pips_l40_r400_500-8000.hdf5	right	left
3144.4362	1	Stimulus/S  1	1	31444362	31444370	11	3	70	pips_l40_r400_500-8000.hdf5	right	left
3145.4816	1	Stimulus/S  1	1	31454816	31454824	11	4	50	pips_l40_r400_500-8000.hdf5	right	left
3146.5269	1	Stimulus/S  1	1	31465269	31465277	11	5	30	pips_l40_r400_500-8000.hdf5	right	left
3147.5829	1	Stimulus/S  1	1	31475829	31475837	12	0	20	pips_l40_r400_500-8000.hdf5	right	left
3148.6283	1	Stimulus/S  1	1	31486283	31486291	12	1	40	pips_l40_r400_500-8000.hdf5	right	left
3149.695	1	Stimulus/S  1	1	31496950	31496958	12	2	60	pips_l40_r400_500-8000.hdf5	right	left
3150.751	1	Stimulus/S  1	1	31507510	31507518	12	3	70	pips_l40_r400_500-8000.hdf5	right	left
3151.7963	1	Stimulus/S  1	1	31517963	31517971	12	4	50	pips_l40_r400_500-8000.hdf5	right	left
3152.8523	1	Stimulus/S  1	1	31528523	31528531	12	5	30	pips_l40_r400_500-8000.hdf5	right	left
3153.919	1	Stimulus/S  1	1	31539190	31539198	13	0	20	pips_l40_r400_500-8000.hdf5	right	left
3154.9857	1	Stimulus/S  1	1	31549857	31549865	13	1	40	pips_l40_r400_500-8000.hdf5	right	left
3156.031	1	Stimulus/S  1	1	31560310	31560318	13	2	60	pips_l40_r400_500-8000.hdf5	right	left
3157.087	1	Stimulus/S  1	1	31570870	31570878	13	3	70	pips_l40_r400_500-8000.hdf5	right	left
3158.143	1	Stimulus/S  1	1	31581430	31581438	13	4	50	pips_l40_r400_500-8000.hdf5	right	left
3159.2204	1	Stimulus/S  1	1	31592204	31592212	13	5	30	pips_l40_r400_500-8000.hdf5	right	left
3160.2657	1	Stimulus/S  1	1	31602657	31602665	14	0	20	pips_l40_r400_500-8000.hdf5	right	left
3161.3111	1	Stimulus/S  1	1	31613111	31613119	14	1	40	pips_l40_r400_500-8000.hdf5	right	left
3162.3671	1	Stimulus/S  1	1	31623671	31623679	14	2	60	pips_l40_r400_500-8000.hdf5	right	left
3163.4338	1	Stimulus/S  1	1	31634338	31634346	14	3	70	pips_l40_r400_500-8000.hdf5	right	left
3164.5004	1	Stimulus/S  1	1	31645004	31645012	14	4	50	pips_l40_r400_500-8000.hdf5	right	left
3165.5671	1	Stimulus/S  1	1	31655671	31655679	14	5	30	pips_l40_r400_500-8000.hdf5	right	left
3166.6125	1	Stimulus/S  1	1	31666125	31666133	15	0	20	pips_l40_r400_500-8000.hdf5	right	left
3167.6685	1	Stimulus/S  1	1	31676685	31676693	15	1	40	pips_l40_r400_500-8000.hdf5	right	left
3168.7138	1	Stimulus/S  1	1	31687138	31687146	15	2	60	pips_l40_r400_500-8000.hdf5	right	left
3169.7698	1	Stimulus/S  1	1	31697698	31697706	15	3	70	pips_l40_r400_500-8000.hdf5	right	left
3170.8152	1	Stimulus/S  1	1	31708152	31708160	15	4	50	pips_l40_r400_500-8000.hdf5	right	left
3171.8605	1	Stimulus/S  1	1	31718605	31718613	15	5	30	pips_l40_r400_500-8000.hdf5	right	left
3172.9165	1	Stimulus/S  1	1	31729165	31729173	16	0	20	pips_l40_r400_500-8000.hdf5	right	left
3173.9619	1	Stimulus/S  1	1	31739619	31739627	16	1	40	pips_l40_r400_500-8000.hdf5	right	left
3175.0179	1	Stimulus/S  1	1	31750179	31750187	16	2	60	pips_l40_r400_500-8000.hdf5	right	left
3176.0632	1	Stimulus/S  1	1	31760632	31760640	16	3	70	pips_l40_r400_500-8000.hdf5	right	left
3177.1299	1	Stimulus/S  1	1	31771299	31771307	16	4	50	pips_l40_r400_500-8000.hdf5	right	left
3178.1966	1	Stimulus/S  1	1	31781966	31781974	16	5	30	pips_l40_r400_500-8000.hdf5	right	left
3179.2526	1	Stimulus/S  1	1	31792526	31792534	17	0	20	pips_l40_r400_500-8000.hdf5	right	left
3180.2979	1	Stimulus/S  1	1	31802979	31802987	17	1	40	pips_l40_r400_500-8000.hdf5	right	left
3181.3646	1	Stimulus/S  1	1	31813646	31813654	17	2	60	pips_l40_r400_500-8000.hdf5	right	left
3182.4313	1	Stimulus/S  1	1	31824313	31824321	17	3	70	pips_l40_r400_500-8000.hdf5	right	left
3183.4979	1	Stimulus/S  1	1	31834979	31834987	17	4	50	pips_l40_r400_500-8000.hdf5	right	left
3184.5646	1	Stimulus/S  1	1	31845646	31845654	17	5	30	pips_l40_r400_500-8000.hdf5	right	left
3185.6206	1	Stimulus/S  1	1	31856206	31856214	18	0	20	pips_l40_r400_500-8000.hdf5	right	left
3186.6873	1	Stimulus/S  1	1	31866873	31866881	18	1	40	pips_l40_r400_500-8000.hdf5	right	left
3187.754	1	Stimulus/S  1	1	31877540	31877548	18	2	60	pips_l40_r400_500-8000.hdf5	right	left
3188.7993	1	Stimulus/S  1	1	31887993	31888001	18	3	70	pips_l40_r400_500-8000.hdf5	right	left
3189.866	1	Stimulus/S  1	1	31898660	31898668	18	4	50	pips_l40_r400_500-8000.hdf5	right	left
3190.9113	1	Stimulus/S  1	1	31909113	31909121	18	5	30	pips_l40_r400_500-8000.hdf5	right	left
3191.9674	1	Stimulus/S  1	1	31919674	31919682	19	0	20	pips_l40_r400_500-8000.hdf5	right	left
3193.034	1	Stimulus/S  1	1	31930340	31930348	19	1	40	pips_l40_r400_500-8000.hdf5	right	left
3194.0794	1	Stimulus/S  1	1	31940794	31940802	19	2	60	pips_l40_r400_500-8000.hdf5	right	left
3195.1354	1	Stimulus/S  1	1	31951354	31951362	19	3	70	pips_l40_r400_500-8000.hdf5	right	left
3196.2021	1	Stimulus/S  1	1	31962021	31962029	19	4	50	pips_l40_r400_500-8000.hdf5	right	left
3197.2474	1	Stimulus/S  1	1	31972474	31972482	19	5	30	pips_l40_r400_500-8000.hdf5	right	left
3198.3034	1	Stimulus/S  1	1	31983034	31983042	20	0	20	pips_l40_r400_500-8000.hdf5	right	left
3199.3701	1	Stimulus/S  1	1	31993701	31993709	20	1	40	pips_l40_r400_500-8000.hdf5	right	left
3200.4368	1	Stimulus/S  1	1	32004368	32004376	20	2	60	pips_l40_r400_500-8000.hdf5	right	left
3201.4821	1	Stimulus/S  1	1	32014821	32014829	20	3	70	pips_l40_r400_500-8000.hdf5	right	left
3202.5488	1	Stimulus/S  1	1	32025488	32025496	20	4	50	pips_l40_r400_500-8000.hdf5	right	left
3203.5941	1	Stimulus/S  1	1	32035941	32035949	20	5	30	pips_l40_r400_500-8000.hdf5	right	left
3204.6501	1	Stimulus/S  1	1	32046501	32046509	21	0	20	pips_l40_r400_500-8000.hdf5	right	left
3205.7168	1	Stimulus/S  1	1	32057168	32057176	21	1	40	pips_l40_r400_500-8000.hdf5	right	left
3206.7622	1	Stimulus/S  1	1	32067622	32067630	21	2	60	pips_l40_r400_500-8000.hdf5	right	left
3207.8182	1	Stimulus/S  1	1	32078182	32078190	21	3	70	pips_l40_r400_500-8000.hdf5	right	left
3208.8635	1	Stimulus/S  1	1	32088635	32088643	21	4	50	pips_l40_r400_500-8000.hdf5	right	left
3209.9195	1	Stimulus/S  1	1	32099195	32099203	21	5	30	pips_l40_r400_500-8000.hdf5	right	left
3210.9649	1	Stimulus/S  1	1	32109649	32109657	22	0	20	pips_l40_r400_500-8000.hdf5	right	left
3212.0209	1	Stimulus/S  1	1	32120209	32120217	22	1	40	pips_l40_r400_500-8000.hdf5	right	left
3213.0662	1	Stimulus/S  1	1	32130662	32130670	22	2	60	pips_l40_r400_500-8000.hdf5	right	left
3214.1329	1	Stimulus/S  1	1	32141329	32141337	22	3	70	pips_l40_r400_500-8000.hdf5	right	left
3215.1996	1	Stimulus/S  1	1	32151996	32152004	22	4	50	pips_l40_r400_500-8000.hdf5	right	left
3216.2449	1	Stimulus/S  1	1	32162449	32162457	22	5	30	pips_l40_r400_500-8000.hdf5	right	left
3217.3009	1	Stimulus/S  1	1	32173009	32173017	23	0	20	pips_l40_r400_500-8000.hdf5	right	left
3218.3676	1	Stimulus/S  1	1	32183676	32183684	23	1	40	pips_l40_r400_500-8000.hdf5	right	left
3219.4343	1	Stimulus/S  1	1	32194343	32194351	23	2	60	pips_l40_r400_500-8000.hdf5	right	left
3220.4796	1	Stimulus/S  1	1	32204796	32204804	23	3	70	pips_l40_r400_500-8000.hdf5	right	left
3221.5356	1	Stimulus/S  1	1	32215356	32215364	23	4	50	pips_l40_r400_500-8000.hdf5	right	left
3222.6023	1	Stimulus/S  1	1	32226023	32226031	23	5	30	pips_l40_r400_500-8000.hdf5	right	left
3223.6477	1	Stimulus/S  1	1	32236477	32236485	24	0	20	pips_l40_r400_500-8000.hdf5	right	left
3224.7143	1	Stimulus/S  1	1	32247143	32247151	24	1	40	pips_l40_r400_500-8000.hdf5	right	left
3225.781	1	Stimulus/S  1	1	32257810	32257818	24	2	60	pips_l40_r400_500-8000.hdf5	right	left
3226.837	1	Stimulus/S  1	1	32268370	32268378	24	3	70	pips_l40_r400_500-8000.hdf5	right	left
3227.9037	1	Stimulus/S  1	1	32279037	32279045	24	4	50	pips_l40_r400_500-8000.hdf5	right	left
3228.949	1	Stimulus/S  1	1	32289490	32289498	24	5	30	pips_l40_r400_500-8000.hdf5	right	left
3230.0157	1	Stimulus/S  1	1	32300157	32300165	25	0	20	pips_l40_r400_500-8000.hdf5	right	left
3231.0824	1	Stimulus/S  1	1	32310824	32310832	25	1	40	pips_l40_r400_500-8000.hdf5	right	left
3232.1384	1	Stimulus/S  1	1	32321384	32321392	25	2	60	pips_l40_r400_500-8000.hdf5	right	left
3233.2051	1	Stimulus/S  1	1	32332051	32332059	25	3	70	pips_l40_r400_500-8000.hdf5	right	left
3234.2611	1	Stimulus/S  1	1	32342611	32342619	25	4	50	pips_l40_r400_500-8000.hdf5	right	left
3235.3171	1	Stimulus/S  1	1	32353171	32353179	25	5	30	pips_l40_r400_500-8000.hdf5	right	left
3236.3838	1	Stimulus/S  1	1	32363838	32363846	26	0	20	pips_l40_r400_500-8000.hdf5	right	left
3237.4505	1	Stimulus/S  1	1	32374505	32374513	26	1	40	pips_l40_r400_500-8000.hdf5	right	left
3238.4958	1	Stimulus/S  1	1	32384958	32384966	26	2	60	pips_l40_r400_500-8000.hdf5	right	left
3239.5625	1	Stimulus/S  1	1	32395625	32395633	26	3	70	pips_l40_r400_500-8000.hdf5	right	left
3240.6185	1	Stimulus/S  1	1	32406185	32406193	26	4	50	pips_l40_r400_500-8000.hdf5	right	left
3241.6638	1	Stimulus/S  1	1	32416638	32416646	26	5	30	pips_l40_r400_500-8000.hdf5	right	left
3242.7198	1	Stimulus/S  1	1	32427198	32427206	27	0	20	pips_l40_r400_500-8000.hdf5	right	left
3243.7652	1	Stimulus/S  1	1	32437652	32437660	27	1	40	pips_l40_r400_500-8000.hdf5	right	left
3244.8319	1	Stimulus/S  1	1	32448319	32448327	27	2	60	pips_l40_r400_500-8000.hdf5	right	left
3245.8879	1	Stimulus/S  1	1	32458879	32458887	27	3	70	pips_l40_r400_500-8000.hdf5	right	left
3246.9332	1	Stimulus/S  1	1	32469332	32469340	27	4	50	pips_l40_r400_500-8000.hdf5	right	left
3247.9999	1	Stimulus/S  1	1	32479999	32480007	27	5	30	pips_l40_r400_500-8000.hdf5	right	left
3249.0452	1	Stimulus/S  1	1	32490452	32490460	28	0	20	pips_l40_r400_500-8000.hdf5	right	left
3250.1012	1	Stimulus/S  1	1	32501012	32501020	28	1	40	pips_l40_r400_500-8000.hdf5	right	left
3251.1679	1	Stimulus/S  1	1	32511679	32511687	28	2	60	pips_l40_r400_500-8000.hdf5	right	left
3252.2133	1	Stimulus/S  1	1	32522133	32522141	28	3	70	pips_l40_r400_500-8000.hdf5	right	left
3253.2693	1	Stimulus/S  1	1	32532693	32532701	28	4	50	pips_l40_r400_500-8000.hdf5	right	left
3254.3359	1	Stimulus/S  1	1	32543359	32543367	28	5	30	pips_l40_r400_500-8000.hdf5	right	left
3255.3813	1	Stimulus/S  1	1	32553813	32553821	29	0	20	pips_l40_r400_500-8000.hdf5	right	left
3256.448	1	Stimulus/S  1	1	32564480	32564488	29	1	40	pips_l40_r400_500-8000.hdf5	right	left
3257.5146	1	Stimulus/S  1	1	32575146	32575154	29	2	60	pips_l40_r400_500-8000.hdf5	right	left
3258.5707	1	Stimulus/S  1	1	32585707	32585715	29	3	70	pips_l40_r400_500-8000.hdf5	right	left
3259.616	1	Stimulus/S  1	1	32596160	32596168	29	4	50	pips_l40_r400_500-8000.hdf5	right	left
3260.6613	1	Stimulus/S  1	1	32606613	32606621	29	5	30	pips_l40_r400_500-8000.hdf5	right	left
3261.7174	1	Stimulus/S  1	1	32617174	32617182	30	0	20	pips_l40_r400_500-8000.hdf5	right	left
3262.784	1	Stimulus/S  1	1	32627840	32627848	30	1	40	pips_l40_r400_500-8000.hdf5	right	left
3263.8507	1	Stimulus/S  1	1	32638507	32638515	30	2	60	pips_l40_r400_500-8000.hdf5	right	left
3264.896	1	Stimulus/S  1	1	32648960	32648968	30	3	70	pips_l40_r400_500-8000.hdf5	right	left
3265.9521	1	Stimulus/S  1	1	32659521	32659529	30	4	50	pips_l40_r400_500-8000.hdf5	right	left
3267.0187	1	Stimulus/S  1	1	32670187	32670195	30	5	30	pips_l40_r400_500-8000.hdf5	right	left
3268.0854	1	Stimulus/S  1	1	32680854	32680862	31	0	20	pips_l40_r400_500-8000.hdf5	right	left
3269.1308	1	Stimulus/S  1	1	32691308	32691316	31	1	40	pips_l40_r400_500-8000.hdf5	right	left
3270.1868	1	Stimulus/S  1	1	32701868	32701876	31	2	60	pips_l40_r400_500-8000.hdf5	right	left
3271.2534	1	Stimulus/S  1	1	32712534	32712542	31	3	70	pips_l40_r400_500-8000.hdf5	right	left
3272.2988	1	Stimulus/S  1	1	32722988	32722996	31	4	50	pips_l40_r400_500-8000.hdf5	right	left
3273.3655	1	Stimulus/S  1	1	32733655	32733663	31	5	30	pips_l40_r400_500-8000.hdf5	right	left
3274.4215	1	Stimulus/S  1	1	32744215	32744223	32	0	20	pips_l40_r400_500-8000.hdf5	right	left
3275.4668	1	Stimulus/S  1	1	32754668	32754676	32	1	40	pips_l40_r400_500-8000.hdf5	right	left
3276.5335	1	Stimulus/S  1	1	32765335	32765343	32	2	60	pips_l40_r400_500-8000.hdf5	right	left
3277.6002	1	Stimulus/S  1	1	32776002	32776010	32	3	70	pips_l40_r400_500-8000.hdf5	right	left
3278.6668	1	Stimulus/S  1	1	32786668	32786676	32	4	50	pips_l40_r400_500-8000.hdf5	right	left
3279.7122	1	Stimulus/S  1	1	32797122	32797130	32	5	30	pips_l40_r400_500-8000.hdf5	right	left
3280.7682	1	Stimulus/S  1	1	32807682	32807690	33	0	20	pips_l40_r400_500-8000.hdf5	right	left
3281.8135	1	Stimulus/S  1	1	32818135	32818143	33	1	40	pips_l40_r400_500-8000.hdf5	right	left
3282.8802	1	Stimulus/S  1	1	32828802	32828810	33	2	60	pips_l40_r400_500-8000.hdf5	right	left
3283.9362	1	Stimulus/S  1	1	32839362	32839370	33	3	70	pips_l40_r400_500-8000.hdf5	right	left
3284.9816	1	Stimulus/S  1	1	32849816	32849824	33	4	50	pips_l40_r400_500-8000.hdf5	right	left
3286.0482	1	Stimulus/S  1	1	32860482	32860490	33	5	30	pips_l40_r400_500-8000.hdf5	right	left
3287.1043	1	Stimulus/S  1	1	32871043	32871051	34	0	20	pips_l40_r400_500-8000.hdf5	right	left
3288.1496	1	Stimulus/S  1	1	32881496	32881504	34	1	40	pips_l40_r400_500-8000.hdf5	right	left
3289.2056	1	Stimulus/S  1	1	32892056	32892064	34	2	60	pips_l40_r400_500-8000.hdf5	right	left
3290.2723	1	Stimulus/S  1	1	32902723	32902731	34	3	70	pips_l40_r400_500-8000.hdf5	right	left
3291.3176	1	Stimulus/S  1	1	32913176	32913184	34	4	50	pips_l40_r400_500-8000.hdf5	right	left
3292.3736	1	Stimulus/S  1	1	32923736	32923744	34	5	30	pips_l40_r400_500-8000.hdf5	right	left
3293.419	1	Stimulus/S  1	1	32934190	32934198	35	0	20	pips_l40_r400_500-8000.hdf5	right	left
3294.4643	1	Stimulus/S  1	1	32944643	32944651	35	1	40	pips_l40_r400_500-8000.hdf5	right	left
3295.531	1	Stimulus/S  1	1	32955310	32955318	35	2	60	pips_l40_r400_500-8000.hdf5	right	left
3296.587	1	Stimulus/S  1	1	32965870	32965878	35	3	70	pips_l40_r400_500-8000.hdf5	right	left
3297.6324	1	Stimulus/S  1	1	32976324	32976332	35	4	50	pips_l40_r400_500-8000.hdf5	right	left
3298.699	1	Stimulus/S  1	1	32986990	32986998	35	5	30	pips_l40_r400_500-8000.hdf5	right	left
3299.755	1	Stimulus/S  1	1	32997550	32997558	36	0	20	pips_l40_r400_500-8000.hdf5	right	left
3300.8004	1	Stimulus/S  1	1	33008004	33008012	36	1	40	pips_l40_r400_500-8000.hdf5	right	left
3301.8457	1	Stimulus/S  1	1	33018457	33018465	36	2	60	pips_l40_r400_500-8000.hdf5	right	left
3302.9124	1	Stimulus/S  1	1	33029124	33029132	36	3	70	pips_l40_r400_500-8000.hdf5	right	left
3303.9791	1	Stimulus/S  1	1	33039791	33039799	36	4	50	pips_l40_r400_500-8000.hdf5	right	left
3305.0351	1	Stimulus/S  1	1	33050351	33050359	36	5	30	pips_l40_r400_500-8000.hdf5	right	left
3306.1018	1	Stimulus/S  1	1	33061018	33061026	37	0	20	pips_l40_r400_500-8000.hdf5	right	left
3307.1471	1	Stimulus/S  1	1	33071471	33071479	37	1	40	pips_l40_r400_500-8000.hdf5	right	left
3308.2031	1	Stimulus/S  1	1	33082031	33082039	37	2	60	pips_l40_r400_500-8000.hdf5	right	left
3309.2698	1	Stimulus/S  1	1	33092698	33092706	37	3	70	pips_l40_r400_500-8000.hdf5	right	left
3310.3151	1	Stimulus/S  1	1	33103151	33103159	37	4	50	pips_l40_r400_500-8000.hdf5	right	left
3311.3818	1	Stimulus/S  1	1	33113818	33113826	37	5	30	pips_l40_r400_500-8000.hdf5	right	left
3312.4378	1	Stimulus/S  1	1	33124378	33124386	38	0	20	pips_l40_r400_500-8000.hdf5	right	left
3313.4832	1	Stimulus/S  1	1	33134832	33134840	38	1	40	pips_l40_r400_500-8000.hdf5	right	left
3314.5499	1	Stimulus/S  1	1	33145499	33145507	38	2	60	pips_l40_r400_500-8000.hdf5	right	left
3315.6059	1	Stimulus/S  1	1	33156059	33156067	38	3	70	pips_l40_r400_500-8000.hdf5	right	left
3316.6512	1	Stimulus/S  1	1	33166512	33166520	38	4	50	pips_l40_r400_500-8000.hdf5	right	left
3317.7179	1	Stimulus/S  1	1	33177179	33177187	38	5	30	pips_l40_r400_500-8000.hdf5	right	left
3318.7632	1	Stimulus/S  1	1	33187632	33187640	39	0	20	pips_l40_r400_500-8000.hdf5	right	left
3319.8192	1	Stimulus/S  1	1	33198192	33198200	39	1	40	pips_l40_r400_500-8000.hdf5	right	left
3320.8859	1	Stimulus/S  1	1	33208859	33208867	39	2	60	pips_l40_r400_500-8000.hdf5	right	left
3321.9313	1	Stimulus/S  1	1	33219313	33219321	39	3	70	pips_l40_r400_500-8000.hdf5	right	left
3322.9873	1	Stimulus/S  1	1	33229873	33229881	39	4	50	pips_l40_r400_500-8000.hdf5	right	left
3324.0539	1	Stimulus/S  1	1	33240539	33240547	39	5	30	pips_l40_r400_500-8000.hdf5	right	left
3325.0993	1	Stimulus/S  1	1	33250993	33251001	40	0	20	pips_l40_r400_500-8000.hdf5	right	left
3326.1553	1	Stimulus/S  1	1	33261553	33261561	40	1	40	pips_l40_r400_500-8000.hdf5	right	left
3327.222	1	Stimulus/S  1	1	33272220	33272228	40	2	60	pips_l40_r400_500-8000.hdf5	right	left
3328.2673	1	Stimulus/S  1	1	33282673	33282681	40	3	70	pips_l40_r400_500-8000.hdf5	right	left
3329.3127	1	Stimulus/S  1	1	33293127	33293135	40	4	50	pips_l40_r400_500-8000.hdf5	right	left
3330.39	1	Stimulus/S  1	1	33303900	33303908	40	5	30	pips_l40_r400_500-8000.hdf5	right	left
3331.4353	1	Stimulus/S  1	1	33314353	33314361	41	0	20	pips_l40_r400_500-8000.hdf5	right	left
3332.4807	1	Stimulus/S  1	1	33324807	33324815	41	1	40	pips_l40_r400_500-8000.hdf5	right	left
3333.5474	1	Stimulus/S  1	1	33335474	33335482	41	2	60	pips_l40_r400_500-8000.hdf5	right	left
3334.6034	1	Stimulus/S  1	1	33346034	33346042	41	3	70	pips_l40_r400_500-8000.hdf5	right	left
3335.6701	1	Stimulus/S  1	1	33356701	33356709	41	4	50	pips_l40_r400_500-8000.hdf5	right	left
3336.7367	1	Stimulus/S  1	1	33367367	33367375	41	5	30	pips_l40_r400_500-8000.hdf5	right	left
3337.8034	1	Stimulus/S  1	1	33378034	33378042	42	0	20	pips_l40_r400_500-8000.hdf5	right	left
3338.8488	1	Stimulus/S  1	1	33388488	33388496	42	1	40	pips_l40_r400_500-8000.hdf5	right	left
3339.9048	1	Stimulus/S  1	1	33399048	33399056	42	2	60	pips_l40_r400_500-8000.hdf5	right	left
3340.9714	1	Stimulus/S  1	1	33409714	33409722	42	3	70	pips_l40_r400_500-8000.hdf5	right	left
3342.0168	1	Stimulus/S  1	1	33420168	33420176	42	4	50	pips_l40_r400_500-8000.hdf5	right	left
3343.0728	1	Stimulus/S  1	1	33430728	33430736	42	5	30	pips_l40_r400_500-8000.hdf5	right	left
3344.1395	1	Stimulus/S  1	1	33441395	33441403	43	0	20	pips_l40_r400_500-8000.hdf5	right	left
3345.1848	1	Stimulus/S  1	1	33451848	33451856	43	1	40	pips_l40_r400_500-8000.hdf5	right	left
3346.2515	1	Stimulus/S  1	1	33462515	33462523	43	2	60	pips_l40_r400_500-8000.hdf5	right	left
3347.3182	1	Stimulus/S  1	1	33473182	33473190	43	3	70	pips_l40_r400_500-8000.hdf5	right	left
3348.3635	1	Stimulus/S  1	1	33483635	33483643	43	4	50	pips_l40_r400_500-8000.hdf5	right	left
3349.4195	1	Stimulus/S  1	1	33494195	33494203	43	5	30	pips_l40_r400_500-8000.hdf5	right	left
3350.4862	1	Stimulus/S  1	1	33504862	33504870	44	0	20	pips_l40_r400_500-8000.hdf5	right	left
3351.5315	1	Stimulus/S  1	1	33515315	33515323	44	1	40	pips_l40_r400_500-8000.hdf5	right	left
3352.5875	1	Stimulus/S  1	1	33525875	33525883	44	2	60	pips_l40_r400_500-8000.hdf5	right	left
3353.6329	1	Stimulus/S  1	1	33536329	33536337	44	3	70	pips_l40_r400_500-8000.hdf5	right	left
3354.6889	1	Stimulus/S  1	1	33546889	33546897	44	4	50	pips_l40_r400_500-8000.hdf5	right	left
3355.7556	1	Stimulus/S  1	1	33557556	33557564	44	5	30	pips_l40_r400_500-8000.hdf5	right	left
3356.8009	1	Stimulus/S  1	1	33568009	33568017	45	0	20	pips_l40_r400_500-8000.hdf5	right	left
3357.8463	1	Stimulus/S  1	1	33578463	33578471	45	1	40	pips_l40_r400_500-8000.hdf5	right	left
3358.9236	1	Stimulus/S  1	1	33589236	33589244	45	2	60	pips_l40_r400_500-8000.hdf5	right	left
3359.969	1	Stimulus/S  1	1	33599690	33599698	45	3	70	pips_l40_r400_500-8000.hdf5	right	left
3361.0356	1	Stimulus/S  1	1	33610356	33610364	45	4	50	pips_l40_r400_500-8000.hdf5	right	left
3362.1023	1	Stimulus/S  1	1	33621023	33621031	45	5	30	pips_l40_r400_500-8000.hdf5	right	left
3363.1476	1	Stimulus/S  1	1	33631476	33631484	46	0	20	pips_l40_r400_500-8000.hdf5	right	left
3364.2143	1	Stimulus/S  1	1	33642143	33642151	46	1	40	pips_l40_r400_500-8000.hdf5	right	left
3365.281	1	Stimulus/S  1	1	33652810	33652818	46	2	60	pips_l40_r400_500-8000.hdf5	right	left
3366.337	1	Stimulus/S  1	1	33663370	33663378	46	3	70	pips_l40_r400_500-8000.hdf5	right	left
3367.3824	1	Stimulus/S  1	1	33673824	33673832	46	4	50	pips_l40_r400_500-8000.hdf5	right	left
3368.449	1	Stimulus/S  1	1	33684490	33684498	46	5	30	pips_l40_r400_500-8000.hdf5	right	left
3369.5157	1	Stimulus/S  1	1	33695157	33695165	47	0	20	pips_l40_r400_500-8000.hdf5	right	left
3370.5717	1	Stimulus/S  1	1	33705717	33705725	47	1	40	pips_l40_r400_500-8000.hdf5	right	left
3371.6171	1	Stimulus/S  1	1	33716171	33716179	47	2	60	pips_l40_r400_500-8000.hdf5	right	left
3372.6731	1	Stimulus/S  1	1	33726731	33726739	47	3	70	pips_l40_r400_500-8000.hdf5	right	left
3373.7397	1	Stimulus/S  1	1	33737397	33737405	47	4	50	pips_l40_r400_500-8000.hdf5	right	left
3374.8064	1	Stimulus/S  1	1	33748064	33748072	47	5	30	pips_l40_r400_500-8000.hdf5	right	left
3375.8731	1	Stimulus/S  1	1	33758731	33758739	48	0	20	pips_l40_r400_500-8000.hdf5	right	left
3376.9184	1	Stimulus/S  1	1	33769184	33769192	48	1	40	pips_l40_r400_500-8000.hdf5	right	left
3377.9745	1	Stimulus/S  1	1	33779745	33779753	48	2	60	pips_l40_r400_500-8000.hdf5	right	left
3379.0198	1	Stimulus/S  1	1	33790198	33790206	48	3	70	pips_l40_r400_500-8000.hdf5	right	left
3380.0651	1	Stimulus/S  1	1	33800651	33800659	48	4	50	pips_l40_r400_500-8000.hdf5	right	left
3381.1212	1	Stimulus/S  1	1	33811212	33811220	48	5	30	pips_l40_r400_500-8000.hdf5	right	left
3382.1665	1	Stimulus/S  1	1	33821665	33821673	49	0	20	pips_l40_r400_500-8000.hdf5	right	left
3383.2332	1	Stimulus/S  1	1	33832332	33832340	49	1	40	pips_l40_r400_500-8000.hdf5	right	left
3384.2998	1	Stimulus/S  1	1	33842998	33843006	49	2	60	pips_l40_r400_500-8000.hdf5	right	left
3385.3559	1	Stimulus/S  1	1	33853559	33853567	49	3	70	pips_l40_r400_500-8000.hdf5	right	left
3386.4012	1	Stimulus/S  1	1	33864012	33864020	49	4	50	pips_l40_r400_500-8000.hdf5	right	left
3387.4572	1	Stimulus/S  1	1	33874572	33874580	49	5	30	pips_l40_r400_500-8000.hdf5	right	left
3388.5239	1	Stimulus/S  1	1	33885239	33885247	50	0	20	pips_l40_r400_500-8000.hdf5	right	left
3389.5906	1	Stimulus/S  1	1	33895906	33895914	50	1	40	pips_l40_r400_500-8000.hdf5	right	left
3390.6572	1	Stimulus/S  1	1	33906572	33906580	50	2	60	pips_l40_r400_500-8000.hdf5	right	left
3391.7026	1	Stimulus/S  1	1	33917026	33917034	50	3	70	pips_l40_r400_500-8000.hdf5	right	left
3392.7479	1	Stimulus/S  1	1	33927479	33927487	50	4	50	pips_l40_r400_500-8000.hdf5	right	left
3393.8146	1	Stimulus/S  1	1	33938146	33938154	50	5	30	pips_l40_r400_500-8000.hdf5	right	left
3394.8813	1	Stimulus/S  1	1	33948813	33948821	51	0	20	pips_l40_r400_500-8000.hdf5	right	left
3395.9373	1	Stimulus/S  1	1	33959373	33959381	51	1	40	pips_l40_r400_500-8000.hdf5	right	left
3396.9826	1	Stimulus/S  1	1	33969826	33969834	51	2	60	pips_l40_r400_500-8000.hdf5	right	left
3398.0493	1	Stimulus/S  1	1	33980493	33980501	51	3	70	pips_l40_r400_500-8000.hdf5	right	left
3399.116	1	Stimulus/S  1	1	33991160	33991168	51	4	50	pips_l40_r400_500-8000.hdf5	right	left
3400.1827	1	Stimulus/S  1	1	34001827	34001835	51	5	30	pips_l40_r400_500-8000.hdf5	right	left
3401.2493	1	Stimulus/S  1	1	34012493	34012501	52	0	20	pips_l40_r400_500-8000.hdf5	right	left
3402.3054	1	Stimulus/S  1	1	34023054	34023062	52	1	40	pips_l40_r400_500-8000.hdf5	right	left
3403.3507	1	Stimulus/S  1	1	34033507	34033515	52	2	60	pips_l40_r400_500-8000.hdf5	right	left
3404.4174	1	Stimulus/S  1	1	34044174	34044182	52	3	70	pips_l40_r400_500-8000.hdf5	right	left
3405.4734	1	Stimulus/S  1	1	34054734	34054742	52	4	50	pips_l40_r400_500-8000.hdf5	right	left
3406.5187	1	Stimulus/S  1	1	34065187	34065195	52	5	30	pips_l40_r400_500-8000.hdf5	right	left
3407.5747	1	Stimulus/S  1	1	34075747	34075755	53	0	20	pips_l40_r400_500-8000.hdf5	right	left
3408.6307	1	Stimulus/S  1	1	34086307	34086315	53	1	40	pips_l40_r400_500-8000.hdf5	right	left
3409.6974	1	Stimulus/S  1	1	34096974	34096982	53	2	60	pips_l40_r400_500-8000.hdf5	right	left
3410.7534	1	Stimulus/S  1	1	34107534	34107542	53	3	70	pips_l40_r400_500-8000.hdf5	right	left
3411.8201	1	Stimulus/S  1	1	34118201	34118209	53	4	50	pips_l40_r400_500-8000.hdf5	right	left
3412.8868	1	Stimulus/S  1	1	34128868	34128876	53	5	30	pips_l40_r400_500-8000.hdf5	right	left
3413.9321	1	Stimulus/S  1	1	34139321	34139329	54	0	20	pips_l40_r400_500-8000.hdf5	right	left
3414.9988	1	Stimulus/S  1	1	34149988	34149996	54	1	40	pips_l40_r400_500-8000.hdf5	right	left
3416.0548	1	Stimulus/S  1	1	34160548	34160556	54	2	60	pips_l40_r400_500-8000.hdf5	right	left
3417.1002	1	Stimulus/S  1	1	34171002	34171010	54	3	70	pips_l40_r400_500-8000.hdf5	right	left
3418.1668	1	Stimulus/S  1	1	34181668	34181676	54	4	50	pips_l40_r400_500-8000.hdf5	right	left
3419.2228	1	Stimulus/S  1	1	34192228	34192236	54	5	30	pips_l40_r400_500-8000.hdf5	right	left
3420.2895	1	Stimulus/S  1	1	34202895	34202903	55	0	20	pips_l40_r400_500-8000.hdf5	right	left
3421.3349	1	Stimulus/S  1	1	34213349	34213357	55	1	40	pips_l40_r400_500-8000.hdf5	right	left
3422.3909	1	Stimulus/S  1	1	34223909	34223917	55	2	60	pips_l40_r400_500-8000.hdf5	right	left
3423.4576	1	Stimulus/S  1	1	34234576	34234584	55	3	70	pips_l40_r400_500-8000.hdf5	right	left
3424.5029	1	Stimulus/S  1	1	34245029	34245037	55	4	50	pips_l40_r400_500-8000.hdf5	right	left
3425.5482	1	Stimulus/S  1	1	34255482	34255490	55	5	30	pips_l40_r400_500-8000.hdf5	right	left
3426.6149	1	Stimulus/S  1	1	34266149	34266157	56	0	20	pips_l40_r400_500-8000.hdf5	right	left
3427.6709	1	Stimulus/S  1	1	34276709	34276717	56	1	40	pips_l40_r400_500-8000.hdf5	right	left
3428.7163	1	Stimulus/S  1	1	34287163	34287171	56	2	60	pips_l40_r400_500-8000.hdf5	right	left
3429.7829	1	Stimulus/S  1	1	34297829	34297837	56	3	70	pips_l40_r400_500-8000.hdf5	right	left
3430.839	1	Stimulus/S  1	1	34308390	34308398	56	4	50	pips_l40_r400_500-8000.hdf5	right	left
3431.9056	1	Stimulus/S  1	1	34319056	34319064	56	5	30	pips_l40_r400_500-8000.hdf5	right	left
3432.9723	1	Stimulus/S  1	1	34329723	34329731	57	0	20	pips_l40_r400_500-8000.hdf5	right	left
3434.0177	1	Stimulus/S  1	1	34340177	34340185	57	1	40	pips_l40_r400_500-8000.hdf5	right	left
3435.0737	1	Stimulus/S  1	1	34350737	34350745	57	2	60	pips_l40_r400_500-8000.hdf5	right	left
3436.1403	1	Stimulus/S  1	1	34361403	34361411	57	3	70	pips_l40_r400_500-8000.hdf5	right	left
3437.207	1	Stimulus/S  1	1	34372070	34372078	57	4	50	pips_l40_r400_500-8000.hdf5	right	left
3438.2524	1	Stimulus/S  1	1	34382524	34382532	57	5	30	pips_l40_r400_500-8000.hdf5	right	left
3439.3084	1	Stimulus/S  1	1	34393084	34393092	58	0	20	pips_l40_r400_500-8000.hdf5	right	left
3440.375	1	Stimulus/S  1	1	34403750	34403758	58	1	40	pips_l40_r400_500-8000.hdf5	right	left
3441.4204	1	Stimulus/S  1	1	34414204	34414212	58	2	60	pips_l40_r400_500-8000.hdf5	right	left
3442.4657	1	Stimulus/S  1	1	34424657	34424665	58	3	70	pips_l40_r400_500-8000.hdf5	right	left
3443.5324	1	Stimulus/S  1	1	34435324	34435332	58	4	50	pips_l40_r400_500-8000.hdf5	right	left
3444.5991	1	Stimulus/S  1	1	34445991	34445999	58	5	30	pips_l40_r400_500-8000.hdf5	right	left
3445.6551	1	Stimulus/S  1	1	34456551	34456559	59	0	20	pips_l40_r400_500-8000.hdf5	right	left
3446.7004	1	Stimulus/S  1	1	34467004	34467012	59	1	40	pips_l40_r400_500-8000.hdf5	right	left
3447.7671	1	Stimulus/S  1	1	34477671	34477679	59	2	60	pips_l40_r400_500-8000.hdf5	right	left
3448.8338	1	Stimulus/S  1	1	34488338	34488346	59	3	70	pips_l40_r400_500-8000.hdf5	right	left
3449.8898	1	Stimulus/S  1	1	34498898	34498906	59	4	50	pips_l40_r400_500-8000.hdf5	right	left
3450.9565	1	Stimulus/S  1	1	34509565	34509573	59	5	30	pips_l40_r400_500-8000.hdf5	right	left
3452.0018	1	Stimulus/S  1	1	34520018	34520026	60	0	20	pips_l40_r400_500-8000.hdf5	right	left
3453.0578	1	Stimulus/S  1	1	34530578	34530586	60	1	40	pips_l40_r400_500-8000.hdf5	right	left
3454.1245	1	Stimulus/S  1	1	34541245	34541253	60	2	60	pips_l40_r400_500-8000.hdf5	right	left
3455.1699	1	Stimulus/S  1	1	34551699	34551707	60	3	70	pips_l40_r400_500-8000.hdf5	right	left
3456.2365	1	Stimulus/S  1	1	34562365	34562373	60	4	50	pips_l40_r400_500-8000.hdf5	right	left
3457.3032	1	Stimulus/S  1	1	34573032	34573040	60	5	30	pips_l40_r400_500-8000.hdf5	right	left
3458.3486	1	Stimulus/S  1	1	34583486	34583494	61	0	20	pips_l40_r400_500-8000.hdf5	right	left
3459.4046	1	Stimulus/S  1	1	34594046	34594054	61	1	40	pips_l40_r400_500-8000.hdf5	right	left
3460.4712	1	Stimulus/S  1	1	34604712	34604720	61	2	60	pips_l40_r400_500-8000.hdf5	right	left
3461.5166	1	Stimulus/S  1	1	34615166	34615174	61	3	70	pips_l40_r400_500-8000.hdf5	right	left
3462.5726	1	Stimulus/S  1	1	34625726	34625734	61	4	50	pips_l40_r400_500-8000.hdf5	right	left
3463.6393	1	Stimulus/S  1	1	34636393	34636401	61	5	30	pips_l40_r400_500-8000.hdf5	right	left
3464.6846	1	Stimulus/S  1	1	34646846	34646854	62	0	20	pips_l40_r400_500-8000.hdf5	right	left
3465.7406	1	Stimulus/S  1	1	34657406	34657414	62	1	40	pips_l40_r400_500-8000.hdf5	right	left
3466.8073	1	Stimulus/S  1	1	34668073	34668081	62	2	60	pips_l40_r400_500-8000.hdf5	right	left
3467.8526	1	Stimulus/S  1	1	34678526	34678534	62	3	70	pips_l40_r400_500-8000.hdf5	right	left
3468.9193	1	Stimulus/S  1	1	34689193	34689201	62	4	50	pips_l40_r400_500-8000.hdf5	right	left
3469.986	1	Stimulus/S  1	1	34699860	34699868	62	5	30	pips_l40_r400_500-8000.hdf5	right	left
3471.042	1	Stimulus/S  1	1	34710420	34710428	63	0	20	pips_l40_r400_500-8000.hdf5	right	left
3472.0873	1	Stimulus/S  1	1	34720873	34720881	63	1	40	pips_l40_r400_500-8000.hdf5	right	left
3473.154	1	Stimulus/S  1	1	34731540	34731548	63	2	60	pips_l40_r400_500-8000.hdf5	right	left
3474.2207	1	Stimulus/S  1	1	34742207	34742215	63	3	70	pips_l40_r400_500-8000.hdf5	right	left
3475.266	1	Stimulus/S  1	1	34752660	34752668	63	4	50	pips_l40_r400_500-8000.hdf5	right	left
3476.3327	1	Stimulus/S  1	1	34763327	34763335	63	5	30	pips_l40_r400_500-8000.hdf5	right	left
3477.3887	1	Stimulus/S  1	1	34773887	34773895	64	0	20	pips_l40_r400_500-8000.hdf5	right	left
3478.4341	1	Stimulus/S  1	1	34784341	34784349	64	1	40	pips_l40_r400_500-8000.hdf5	right	left
3479.4901	1	Stimulus/S  1	1	34794901	34794909	64	2	60	pips_l40_r400_500-8000.hdf5	right	left
3480.5568	1	Stimulus/S  1	1	34805568	34805576	64	3	70	pips_l40_r400_500-8000.hdf5	right	left
3481.6234	1	Stimulus/S  1	1	34816234	34816242	64	4	50	pips_l40_r400_500-8000.hdf5	right	left
3482.6901	1	Stimulus/S  1	1	34826901	34826909	64	5	30	pips_l40_r400_500-8000.hdf5	right	left
3483.7568	1	Stimulus/S  1	1	34837568	34837576	65	0	20	pips_l40_r400_500-8000.hdf5	right	left
3484.8021	1	Stimulus/S  1	1	34848021	34848029	65	1	40	pips_l40_r400_500-8000.hdf5	right	left
3485.8581	1	Stimulus/S  1	1	34858581	34858589	65	2	60	pips_l40_r400_500-8000.hdf5	right	left
3486.9035	1	Stimulus/S  1	1	34869035	34869043	65	3	70	pips_l40_r400_500-8000.hdf5	right	left
3487.9702	1	Stimulus/S  1	1	34879702	34879710	65	4	50	pips_l40_r400_500-8000.hdf5	right	left
3489.0368	1	Stimulus/S  1	1	34890368	34890376	65	5	30	pips_l40_r400_500-8000.hdf5	right	left
3490.0822	1	Stimulus/S  1	1	34900822	34900830	66	0	20	pips_l40_r400_500-8000.hdf5	right	left
3491.1382	1	Stimulus/S  1	1	34911382	34911390	66	1	40	pips_l40_r400_500-8000.hdf5	right	left
3492.2049	1	Stimulus/S  1	1	34922049	34922057	66	2	60	pips_l40_r400_500-8000.hdf5	right	left
3493.2715	1	Stimulus/S  1	1	34932715	34932723	66	3	70	pips_l40_r400_500-8000.hdf5	right	left
3494.3382	1	Stimulus/S  1	1	34943382	34943390	66	4	50	pips_l40_r400_500-8000.hdf5	right	left
3495.4049	1	Stimulus/S  1	1	34954049	34954057	66	5	30	pips_l40_r400_500-8000.hdf5	right	left
3496.4502	1	Stimulus/S  1	1	34964502	34964510	67	0	20	pips_l40_r400_500-8000.hdf5	right	left
3497.5063	1	Stimulus/S  1	1	34975063	34975071	67	1	40	pips_l40_r400_500-8000.hdf5	right	left
3498.5729	1	Stimulus/S  1	1	34985729	34985737	67	2	60	pips_l40_r400_500-8000.hdf5	right	left
3499.6396	1	Stimulus/S  1	1	34996396	34996404	67	3	70	pips_l40_r400_500-8000.hdf5	right	left
3500.685	1	Stimulus/S  1	1	35006850	35006858	67	4	50	pips_l40_r400_500-8000.hdf5	right	left
3501.741	1	Stimulus/S  1	1	35017410	35017418	67	5	30	pips_l40_r400_500-8000.hdf5	right	left
3502.8076	1	Stimulus/S  1	1	35028076	35028084	68	0	20	pips_l40_r400_500-8000.hdf5	right	left
3503.853	1	Stimulus/S  1	1	35038530	35038538	68	1	40	pips_l40_r400_500-8000.hdf5	right	left
3504.909	1	Stimulus/S  1	1	35049090	35049098	68	2	60	pips_l40_r400_500-8000.hdf5	right	left
3505.9543	1	Stimulus/S  1	1	35059543	35059551	68	3	70	pips_l40_r400_500-8000.hdf5	right	left
3507.021	1	Stimulus/S  1	1	35070210	35070218	68	4	50	pips_l40_r400_500-8000.hdf5	right	left
3508.0664	1	Stimulus/S  1	1	35080664	35080672	68	5	30	pips_l40_r400_500-8000.hdf5	right	left
3509.1224	1	Stimulus/S  1	1	35091224	35091232	69	0	20	pips_l40_r400_500-8000.hdf5	right	left
3510.189	1	Stimulus/S  1	1	35101890	35101898	69	1	40	pips_l40_r400_500-8000.hdf5	right	left
3511.2557	1	Stimulus/S  1	1	35112557	35112565	69	2	60	pips_l40_r400_500-8000.hdf5	right	left
3512.3224	1	Stimulus/S  1	1	35123224	35123232	69	3	70	pips_l40_r400_500-8000.hdf5	right	left
3513.3677	1	Stimulus/S  1	1	35133677	35133685	69	4	50	pips_l40_r400_500-8000.hdf5	right	left
3514.4238	1	Stimulus/S  1	1	35144238	35144246	69	5	30	pips_l40_r400_500-8000.hdf5	right	left
3515.4691	1	Stimulus/S  1	1	35154691	35154699	70	0	20	pips_l40_r400_500-8000.hdf5	right	left
3516.5358	1	Stimulus/S  1	1	35165358	35165366	70	1	40	pips_l40_r400_500-8000.hdf5	right	left
3517.5918	1	Stimulus/S  1	1	35175918	35175926	70	2	60	pips_l40_r400_500-8000.hdf5	right	left
3518.6585	1	Stimulus/S  1	1	35186585	35186593	70	3	70	pips_l40_r400_500-8000.hdf5	right	left
3519.7038	1	Stimulus/S  1	1	35197038	35197046	70	4	50	pips_l40_r400_500-8000.hdf5	right	left
3520.7491	1	Stimulus/S  1	1	35207491	35207499	70	5	30	pips_l40_r400_500-8000.hdf5	right	left
3521.8265	1	Stimulus/S  1	1	35218265	35218273	71	0	20	pips_l40_r400_500-8000.hdf5	right	left
3522.8718	1	Stimulus/S  1	1	35228718	35228726	71	1	40	pips_l40_r400_500-8000.hdf5	right	left
3523.9172	1	Stimulus/S  1	1	35239172	35239180	71	2	60	pips_l40_r400_500-8000.hdf5	right	left
3524.9839	1	Stimulus/S  1	1	35249839	35249847	71	3	70	pips_l40_r400_500-8000.hdf5	right	left
3526.0505	1	Stimulus/S  1	1	35260505	35260513	71	4	50	pips_l40_r400_500-8000.hdf5	right	left
3527.1065	1	Stimulus/S  1	1	35271065	35271073	71	5	30	pips_l40_r400_500-8000.hdf5	right	left
3528.1732	1	Stimulus/S  1	1	35281732	35281740	72	0	20	pips_l40_r400_500-8000.hdf5	right	left
3529.2186	1	Stimulus/S  1	1	35292186	35292194	72	1	40	pips_l40_r400_500-8000.hdf5	right	left
3530.2746	1	Stimulus/S  1	1	35302746	35302754	72	2	60	pips_l40_r400_500-8000.hdf5	right	left
3531.3412	1	Stimulus/S  1	1	35313412	35313420	72	3	70	pips_l40_r400_500-8000.hdf5	right	left
3532.3866	1	Stimulus/S  1	1	35323866	35323874	72	4	50	pips_l40_r400_500-8000.hdf5	right	left
3533.4533	1	Stimulus/S  1	1	35334533	35334541	72	5	30	pips_l40_r400_500-8000.hdf5	right	left
3534.5093	1	Stimulus/S  1	1	35345093	35345101	73	0	20	pips_l40_r400_500-8000.hdf5	right	left
3535.5546	1	Stimulus/S  1	1	35355546	35355554	73	1	40	pips_l40_r400_500-8000.hdf5	right	left
3536.6213	1	Stimulus/S  1	1	35366213	35366221	73	2	60	pips_l40_r400_500-8000.hdf5	right	left
3537.6666	1	Stimulus/S  1	1	35376666	35376674	73	3	70	pips_l40_r400_500-8000.hdf5	right	left
3538.7226	1	Stimulus/S  1	1	35387226	35387234	73	4	50	pips_l40_r400_500-8000.hdf5	right	left
3539.7893	1	Stimulus/S  1	1	35397893	35397901	73	5	30	pips_l40_r400_500-8000.hdf5	right	left
3540.8347	1	Stimulus/S  1	1	35408347	35408355	74	0	20	pips_l40_r400_500-8000.hdf5	right	left
3541.9013	1	Stimulus/S  1	1	35419013	35419021	74	1	40	pips_l40_r400_500-8000.hdf5	right	left
3542.9574	1	Stimulus/S  1	1	35429574	35429582	74	2	60	pips_l40_r400_500-8000.hdf5	right	left
3544.0027	1	Stimulus/S  1	1	35440027	35440035	74	3	70	pips_l40_r400_500-8000.hdf5	right	left
3545.0694	1	Stimulus/S  1	1	35450694	35450702	74	4	50	pips_l40_r400_500-8000.hdf5	right	left
3546.1361	1	Stimulus/S  1	1	35461361	35461369	74	5	30	pips_l40_r400_500-8000.hdf5	right	left
3547.1921	1	Stimulus/S  1	1	35471921	35471929	75	0	20	pips_l40_r400_500-8000.hdf5	right	left
3548.2587	1	Stimulus/S  1	1	35482587	35482595	75	1	40	pips_l40_r400_500-8000.hdf5	right	left
3549.3041	1	Stimulus/S  1	1	35493041	35493049	75	2	60	pips_l40_r400_500-8000.hdf5	right	left
3550.3601	1	Stimulus/S  1	1	35503601	35503609	75	3	70	pips_l40_r400_500-8000.hdf5	right	left
3551.4054	1	Stimulus/S  1	1	35514054	35514062	75	4	50	pips_l40_r400_500-8000.hdf5	right	left
3552.4508	1	Stimulus/S  1	1	35524508	35524516	75	5	30	pips_l40_r400_500-8000.hdf5	right	left
3553.5068	1	Stimulus/S  1	1	35535068	35535076	76	0	20	pips_l40_r400_500-8000.hdf5	right	left
3554.5735	1	Stimulus/S  1	1	35545735	35545743	76	1	40	pips_l40_r400_500-8000.hdf5	right	left
3555.6188	1	Stimulus/S  1	1	35556188	35556196	76	2	60	pips_l40_r400_500-8000.hdf5	right	left
3556.6748	1	Stimulus/S  1	1	35566748	35566756	76	3	70	pips_l40_r400_500-8000.hdf5	right	left
3557.7415	1	Stimulus/S  1	1	35577415	35577423	76	4	50	pips_l40_r400_500-8000.hdf5	right	left
3558.8082	1	Stimulus/S  1	1	35588082	35588090	76	5	30	pips_l40_r400_500-8000.hdf5	right	left
3559.8535	1	Stimulus/S  1	1	35598535	35598543	77	0	20	pips_l40_r400_500-8000.hdf5	right	left
3560.9202	1	Stimulus/S  1	1	35609202	35609210	77	1	40	pips_l40_r400_500-8000.hdf5	right	left
3561.9762	1	Stimulus/S  1	1	35619762	35619770	77	2	60	pips_l40_r400_500-8000.hdf5	right	left
3563.0215	1	Stimulus/S  1	1	35630215	35630223	77	3	70	pips_l40_r400_500-8000.hdf5	right	left
3564.0882	1	Stimulus/S  1	1	35640882	35640890	77	4	50	pips_l40_r400_500-8000.hdf5	right	left
3565.1336	1	Stimulus/S  1	1	35651336	35651344	77	5	30	pips_l40_r400_500-8000.hdf5	right	left
3566.1896	1	Stimulus/S  1	1	35661896	35661904	78	0	20	pips_l40_r400_500-8000.hdf5	right	left
3567.2563	1	Stimulus/S  1	1	35672563	35672571	78	1	40	pips_l40_r400_500-8000.hdf5	right	left
3568.3016	1	Stimulus/S  1	1	35683016	35683024	78	2	60	pips_l40_r400_500-8000.hdf5	right	left
3569.3576	1	Stimulus/S  1	1	35693576	35693584	78	3	70	pips_l40_r400_500-8000.hdf5	right	left
3570.4243	1	Stimulus/S  1	1	35704243	35704251	78	4	50	pips_l40_r400_500-8000.hdf5	right	left
3571.4696	1	Stimulus/S  1	1	35714696	35714704	78	5	30	pips_l40_r400_500-8000.hdf5	right	left
3572.5363	1	Stimulus/S  1	1	35725363	35725371	79	0	20	pips_l40_r400_500-8000.hdf5	right	left
3573.5923	1	Stimulus/S  1	1	35735923	35735931	79	1	40	pips_l40_r400_500-8000.hdf5	right	left
3574.659	1	Stimulus/S  1	1	35746590	35746598	79	2	60	pips_l40_r400_500-8000.hdf5	right	left
3575.7043	1	Stimulus/S  1	1	35757043	35757051	79	3	70	pips_l40_r400_500-8000.hdf5	right	left
3576.7603	1	Stimulus/S  1	1	35767603	35767611	79	4	50	pips_l40_r400_500-8000.hdf5	right	left
3577.8057	1	Stimulus/S  1	1	35778057	35778065	79	5	30	pips_l40_r400_500-8000.hdf5	right	left
3578.851	1	Stimulus/S  1	1	35788510	35788518	80	0	20	pips_l40_r400_500-8000.hdf5	right	left
3579.907	1	Stimulus/S  1	1	35799070	35799078	80	1	40	pips_l40_r400_500-8000.hdf5	right	left
3580.9524	1	Stimulus/S  1	1	35809524	35809532	80	2	60	pips_l40_r400_500-8000.hdf5	right	left
3582.0084	1	Stimulus/S  1	1	35820084	35820092	80	3	70	pips_l40_r400_500-8000.hdf5	right	left
3583.0537	1	Stimulus/S  1	1	35830537	35830545	80	4	50	pips_l40_r400_500-8000.hdf5	right	left
3584.1204	1	Stimulus/S  1	1	35841204	35841212	80	5	30	pips_l40_r400_500-8000.hdf5	right	left
3585.1871	1	Stimulus/S  1	1	35851871	35851879	81	0	20	pips_l40_r400_500-8000.hdf5	right	left
3586.2431	1	Stimulus/S  1	1	35862431	35862439	81	1	40	pips_l40_r400_500-8000.hdf5	right	left
3587.2884	1	Stimulus/S  1	1	35872884	35872892	81	2	60	pips_l40_r400_500-8000.hdf5	right	left
3588.3551	1	Stimulus/S  1	1	35883551	35883559	81	3	70	pips_l40_r400_500-8000.hdf5	right	left
3589.4005	1	Stimulus/S  1	1	35894005	35894013	81	4	50	pips_l40_r400_500-8000.hdf5	right	left
3590.4565	1	Stimulus/S  1	1	35904565	35904573	81	5	30	pips_l40_r400_500-8000.hdf5	right	left
3591.5231	1	Stimulus/S  1	1	35915231	35915239	82	0	20	pips_l40_r400_500-8000.hdf5	right	left
3592.5898	1	Stimulus/S  1	1	35925898	35925906	82	1	40	pips_l40_r400_500-8000.hdf5	right	left
3593.6565	1	Stimulus/S  1	1	35936565	35936573	82	2	60	pips_l40_r400_500-8000.hdf5	right	left
3594.7232	1	Stimulus/S  1	1	35947232	35947240	82	3	70	pips_l40_r400_500-8000.hdf5	right	left
3595.7899	1	Stimulus/S  1	1	35957899	35957907	82	4	50	pips_l40_r400_500-8000.hdf5	right	left
3596.8565	1	Stimulus/S  1	1	35968565	35968573	82	5	30	pips_l40_r400_500-8000.hdf5	right	left
3597.9232	1	Stimulus/S  1	1	35979232	35979240	83	0	20	pips_l40_r400_500-8000.hdf5	right	left
3598.9899	1	Stimulus/S  1	1	35989899	35989907	83	1	40	pips_l40_r400_500-8000.hdf5	right	left
3600.0566	1	Stimulus/S  1	1	36000566	36000574	83	2	60	pips_l40_r400_500-8000.hdf5	right	left
3601.1019	1	Stimulus/S  1	1	36011019	36011027	83	3	70	pips_l40_r400_500-8000.hdf5	right	left
3602.1579	1	Stimulus/S  1	1	36021579	36021587	83	4	50	pips_l40_r400_500-8000.hdf5	right	left
3603.2033	1	Stimulus/S  1	1	36032033	36032041	83	5	30	pips_l40_r400_500-8000.hdf5	right	left
3604.2699	1	Stimulus/S  1	1	36042699	36042707	84	0	20	pips_l40_r400_500-8000.hdf5	right	left
3605.3259	1	Stimulus/S  1	1	36053259	36053267	84	1	40	pips_l40_r400_500-8000.hdf5	right	left
3606.3713	1	Stimulus/S  1	1	36063713	36063721	84	2	60	pips_l40_r400_500-8000.hdf5	right	left
3607.4273	1	Stimulus/S  1	1	36074273	36074281	84	3	70	pips_l40_r400_500-8000.hdf5	right	left
3608.4726	1	Stimulus/S  1	1	36084726	36084734	84	4	50	pips_l40_r400_500-8000.hdf5	right	left
3609.518	1	Stimulus/S  1	1	36095180	36095188	84	5	30	pips_l40_r400_500-8000.hdf5	right	left
3610.574	1	Stimulus/S  1	1	36105740	36105748	85	0	20	pips_l40_r400_500-8000.hdf5	right	left
3611.6407	1	Stimulus/S  1	1	36116407	36116415	85	1	40	pips_l40_r400_500-8000.hdf5	right	left
3612.7074	1	Stimulus/S  1	1	36127074	36127082	85	2	60	pips_l40_r400_500-8000.hdf5	right	left
3613.774	1	Stimulus/S  1	1	36137740	36137748	85	3	70	pips_l40_r400_500-8000.hdf5	right	left
3614.8194	1	Stimulus/S  1	1	36148194	36148202	85	4	50	pips_l40_r400_500-8000.hdf5	right	left
3615.8754	1	Stimulus/S  1	1	36158754	36158762	85	5	30	pips_l40_r400_500-8000.hdf5	right	left
3616.9421	1	Stimulus/S  1	1	36169421	36169429	86	0	20	pips_l40_r400_500-8000.hdf5	right	left
3617.9874	1	Stimulus/S  1	1	36179874	36179882	86	1	40	pips_l40_r400_500-8000.hdf5	right	left
3619.0541	1	Stimulus/S  1	1	36190541	36190549	86	2	60	pips_l40_r400_500-8000.hdf5	right	left
3620.1208	1	Stimulus/S  1	1	36201208	36201216	86	3	70	pips_l40_r400_500-8000.hdf5	right	left
3621.1768	1	Stimulus/S  1	1	36211768	36211776	86	4	50	pips_l40_r400_500-8000.hdf5	right	left
3622.2221	1	Stimulus/S  1	1	36222221	36222229	86	5	30	pips_l40_r400_500-8000.hdf5	right	left
3623.2888	1	Stimulus/S  1	1	36232888	36232896	87	0	20	pips_l40_r400_500-8000.hdf5	right	left
3624.3341	1	Stimulus/S  1	1	36243341	36243349	87	1	40	pips_l40_r400_500-8000.hdf5	right	left
3625.3901	1	Stimulus/S  1	1	36253901	36253909	87	2	60	pips_l40_r400_500-8000.hdf5	right	left
3626.4568	1	Stimulus/S  1	1	36264568	36264576	87	3	70	pips_l40_r400_500-8000.hdf5	right	left
3627.5022	1	Stimulus/S  1	1	36275022	36275030	87	4	50	pips_l40_r400_500-8000.hdf5	right	left
3628.5582	1	Stimulus/S  1	1	36285582	36285590	87	5	30	pips_l40_r400_500-8000.hdf5	right	left
3629.6248	1	Stimulus/S  1	1	36296248	36296256	88	0	20	pips_l40_r400_500-8000.hdf5	right	left
3630.6702	1	Stimulus/S  1	1	36306702	36306710	88	1	40	pips_l40_r400_500-8000.hdf5	right	left
3631.7262	1	Stimulus/S  1	1	36317262	36317270	88	2	60	pips_l40_r400_500-8000.hdf5	right	left
3632.7715	1	Stimulus/S  1	1	36327715	36327723	88	3	70	pips_l40_r400_500-8000.hdf5	right	left
3633.8382	1	Stimulus/S  1	1	36338382	36338390	88	4	50	pips_l40_r400_500-8000.hdf5	right	left
3634.8942	1	Stimulus/S  1	1	36348942	36348950	88	5	30	pips_l40_r400_500-8000.hdf5	right	left
3635.9396	1	Stimulus/S  1	1	36359396	36359404	89	0	20	pips_l40_r400_500-8000.hdf5	right	left
3636.9849	1	Stimulus/S  1	1	36369849	36369857	89	1	40	pips_l40_r400_500-8000.hdf5	right	left
3638.0409	1	Stimulus/S  1	1	36380409	36380417	89	2	60	pips_l40_r400_500-8000.hdf5	right	left
3639.1076	1	Stimulus/S  1	1	36391076	36391084	89	3	70	pips_l40_r400_500-8000.hdf5	right	left
3640.1743	1	Stimulus/S  1	1	36401743	36401751	89	4	50	pips_l40_r400_500-8000.hdf5	right	left
3641.2196	1	Stimulus/S  1	1	36412196	36412204	89	5	30	pips_l40_r400_500-8000.hdf5	right	left
3642.2756	1	Stimulus/S  1	1	36422756	36422764	90	0	20	pips_l40_r400_500-8000.hdf5	right	left
3643.321	1	Stimulus/S  1	1	36433210	36433218	90	1	40	pips_l40_r400_500-8000.hdf5	right	left
3644.3877	1	Stimulus/S  1	1	36443877	36443885	90	2	60	pips_l40_r400_500-8000.hdf5	right	left
3645.4543	1	Stimulus/S  1	1	36454543	36454551	90	3	70	pips_l40_r400_500-8000.hdf5	right	left
3646.5103	1	Stimulus/S  1	1	36465103	36465111	90	4	50	pips_l40_r400_500-8000.hdf5	right	left
3647.577	1	Stimulus/S  1	1	36475770	36475778	90	5	30	pips_l40_r400_500-8000.hdf5	right	left
3648.6437	1	Stimulus/S  1	1	36486437	36486445	91	0	20	pips_l40_r400_500-8000.hdf5	right	left
3649.689	1	Stimulus/S  1	1	36496890	36496898	91	1	40	pips_l40_r400_500-8000.hdf5	right	left
3650.745	1	Stimulus/S  1	1	36507450	36507458	91	2	60	pips_l40_r400_500-8000.hdf5	right	left
3651.8117	1	Stimulus/S  1	1	36518117	36518125	91	3	70	pips_l40_r400_500-8000.hdf5	right	left
3652.8571	1	Stimulus/S  1	1	36528571	36528579	91	4	50	pips_l40_r400_500-8000.hdf5	right	left
3653.9024	1	Stimulus/S  1	1	36539024	36539032	91	5	30	pips_l40_r400_500-8000.hdf5	right	left
3654.9691	1	Stimulus/S  1	1	36549691	36549699	92	0	20	pips_l40_r400_500-8000.hdf5	right	left
3656.0358	1	Stimulus/S  1	1	36560358	36560366	92	1	40	pips_l40_r400_500-8000.hdf5	right	left
3657.1024	1	Stimulus/S  1	1	36571024	36571032	92	2	60	pips_l40_r400_500-8000.hdf5	right	left
3658.1691	1	Stimulus/S  1	1	36581691	36581699	92	3	70	pips_l40_r400_500-8000.hdf5	right	left
3659.2358	1	Stimulus/S  1	1	36592358	36592366	92	4	50	pips_l40_r400_500-8000.hdf5	right	left
3660.2918	1	Stimulus/S  1	1	36602918	36602926	92	5	30	pips_l40_r400_500-8000.hdf5	right	left
3661.3371	1	Stimulus/S  1	1	36613371	36613379	93	0	20	pips_l40_r400_500-8000.hdf5	right	left
3662.4038	1	Stimulus/S  1	1	36624038	36624046	93	1	40	pips_l40_r400_500-8000.hdf5	right	left
3663.4705	1	Stimulus/S  1	1	36634705	36634713	93	2	60	pips_l40_r400_500-8000.hdf5	right	left
3664.5265	1	Stimulus/S  1	1	36645265	36645273	93	3	70	pips_l40_r400_500-8000.hdf5	right	left
3665.5719	1	Stimulus/S  1	1	36655719	36655727	93	4	50	pips_l40_r400_500-8000.hdf5	right	left
3666.6385	1	Stimulus/S  1	1	36666385	36666393	93	5	30	pips_l40_r400_500-8000.hdf5	right	left
3667.7052	1	Stimulus/S  1	1	36677052	36677060	94	0	20	pips_l40_r400_500-8000.hdf5	right	left
3668.7719	1	Stimulus/S  1	1	36687719	36687727	94	1	40	pips_l40_r400_500-8000.hdf5	right	left
3669.8386	1	Stimulus/S  1	1	36698386	36698394	94	2	60	pips_l40_r400_500-8000.hdf5	right	left
3670.9052	1	Stimulus/S  1	1	36709052	36709060	94	3	70	pips_l40_r400_500-8000.hdf5	right	left
3671.9612	1	Stimulus/S  1	1	36719612	36719620	94	4	50	pips_l40_r400_500-8000.hdf5	right	left
3673.0279	1	Stimulus/S  1	1	36730279	36730287	94	5	30	pips_l40_r400_500-8000.hdf5	right	left
3674.0946	1	Stimulus/S  1	1	36740946	36740954	95	0	20	pips_l40_r400_500-8000.hdf5	right	left
3675.1613	1	Stimulus/S  1	1	36751613	36751621	95	1	40	pips_l40_r400_500-8000.hdf5	right	left
3676.2066	1	Stimulus/S  1	1	36762066	36762074	95	2	60	pips_l40_r400_500-8000.hdf5	right	left
3677.2733	1	Stimulus/S  1	1	36772733	36772741	95	3	70	pips_l40_r400_500-8000.hdf5	right	left
3678.34	1	Stimulus/S  1	1	36783400	36783408	95	4	50	pips_l40_r400_500-8000.hdf5	right	left
3679.396	1	Stimulus/S  1	1	36793960	36793968	95	5	30	pips_l40_r400_500-8000.hdf5	right	left
3680.4413	1	Stimulus/S  1	1	36804413	36804421	96	0	20	pips_l40_r400_500-8000.hdf5	right	left
3681.508	1	Stimulus/S  1	1	36815080	36815088	96	1	40	pips_l40_r400_500-8000.hdf5	right	left
3682.5533	1	Stimulus/S  1	1	36825533	36825541	96	2	60	pips_l40_r400_500-8000.hdf5	right	left
3683.6094	1	Stimulus/S  1	1	36836094	36836102	96	3	70	pips_l40_r400_500-8000.hdf5	right	left
3684.6547	1	Stimulus/S  1	1	36846547	36846555	96	4	50	pips_l40_r400_500-8000.hdf5	right	left
3685.7107	1	Stimulus/S  1	1	36857107	36857115	96	5	30	pips_l40_r400_500-8000.hdf5	right	left
3686.7774	1	Stimulus/S  1	1	36867774	36867782	97	0	20	pips_l40_r400_500-8000.hdf5	right	left
3687.8227	1	Stimulus/S  1	1	36878227	36878235	97	1	40	pips_l40_r400_500-8000.hdf5	right	left
3688.8787	1	Stimulus/S  1	1	36888787	36888795	97	2	60	pips_l40_r400_500-8000.hdf5	right	left
3689.9454	1	Stimulus/S  1	1	36899454	36899462	97	3	70	pips_l40_r400_500-8000.hdf5	right	left
3690.9908	1	Stimulus/S  1	1	36909908	36909916	97	4	50	pips_l40_r400_500-8000.hdf5	right	left
3692.0361	1	Stimulus/S  1	1	36920361	36920369	97	5	30	pips_l40_r400_500-8000.hdf5	right	left
3693.1028	1	Stimulus/S  1	1	36931028	36931036	98	0	20	pips_l40_r400_500-8000.hdf5	right	left
3694.1695	1	Stimulus/S  1	1	36941695	36941703	98	1	40	pips_l40_r400_500-8000.hdf5	right	left
3695.2255	1	Stimulus/S  1	1	36952255	36952263	98	2	60	pips_l40_r400_500-8000.hdf5	right	left
3696.2708	1	Stimulus/S  1	1	36962708	36962716	98	3	70	pips_l40_r400_500-8000.hdf5	right	left
3697.3375	1	Stimulus/S  1	1	36973375	36973383	98	4	50	pips_l40_r400_500-8000.hdf5	right	left
3698.4042	1	Stimulus/S  1	1	36984042	36984050	98	5	30	pips_l40_r400_500-8000.hdf5	right	left
3699.4708	1	Stimulus/S  1	1	36994708	36994716	99	0	20	pips_l40_r400_500-8000.hdf5	right	left
3700.5375	1	Stimulus/S  1	1	37005375	37005383	99	1	40	pips_l40_r400_500-8000.hdf5	right	left
3701.6042	1	Stimulus/S  1	1	37016042	37016050	99	2	60	pips_l40_r400_500-8000.hdf5	right	left
3702.6709	1	Stimulus/S  1	1	37026709	37026717	99	3	70	pips_l40_r400_500-8000.hdf5	right	left
3703.7375	1	Stimulus/S  1	1	37037375	37037383	99	4	50	pips_l40_r400_500-8000.hdf5	right	left
3704.8042	1	Stimulus/S  1	1	37048042	37048050	99	5	30	pips_l40_r400_500-8000.hdf5	right	left
3705.8602	1	Stimulus/S  1	1	37058602	37058610	100	0	20	pips_l40_r400_500-8000.hdf5	right	left
3706.9056	1	Stimulus/S  1	1	37069056	37069064	100	1	40	pips_l40_r400_500-8000.hdf5	right	left
3707.9616	1	Stimulus/S  1	1	37079616	37079624	100	2	60	pips_l40_r400_500-8000.hdf5	right	left
3709.0069	1	Stimulus/S  1	1	37090069	37090077	100	3	70	pips_l40_r400_500-8000.hdf5	right	left
3710.0523	1	Stimulus/S  1	1	37100523	37100531	100	4	50	pips_l40_r400_500-8000.hdf5	right	left
3711.1296	1	Stimulus/S  1	1	37111296	37111304	100	5	30	pips_l40_r400_500-8000.hdf5	right	left
3712.175	1	Stimulus/S  1	1	37121750	37121758	101	0	20	pips_l40_r400_500-8000.hdf5	right	left
3713.2203	1	Stimulus/S  1	1	37132203	37132211	101	1	40	pips_l40_r400_500-8000.hdf5	right	left
3714.2763	1	Stimulus/S  1	1	37142763	37142771	101	2	60	pips_l40_r400_500-8000.hdf5	right	left
3715.343	1	Stimulus/S  1	1	37153430	37153438	101	3	70	pips_l40_r400_500-8000.hdf5	right	left
3716.3883	1	Stimulus/S  1	1	37163883	37163891	101	4	50	pips_l40_r400_500-8000.hdf5	right	left
3717.4443	1	Stimulus/S  1	1	37174443	37174451	101	5	30	pips_l40_r400_500-8000.hdf5	right	left
3718.4897	1	Stimulus/S  1	1	37184897	37184905	102	0	20	pips_l40_r400_500-8000.hdf5	right	left
3719.5564	1	Stimulus/S  1	1	37195564	37195572	102	1	40	pips_l40_r400_500-8000.hdf5	right	left
3720.6124	1	Stimulus/S  1	1	37206124	37206132	102	2	60	pips_l40_r400_500-8000.hdf5	right	left
3721.6577	1	Stimulus/S  1	1	37216577	37216585	102	3	70	pips_l40_r400_500-8000.hdf5	right	left
3722.7137	1	Stimulus/S  1	1	37227137	37227145	102	4	50	pips_l40_r400_500-8000.hdf5	right	left
3723.7591	1	Stimulus/S  1	1	37237591	37237599	102	5	30	pips_l40_r400_500-8000.hdf5	right	left
3724.8044	1	Stimulus/S  1	1	37248044	37248052	103	0	20	pips_l40_r400_500-8000.hdf5	right	left
3725.8711	1	Stimulus/S  1	1	37258711	37258719	103	1	40	pips_l40_r400_500-8000.hdf5	right	left
3726.9378	1	Stimulus/S  1	1	37269378	37269386	103	2	60	pips_l40_r400_500-8000.hdf5	right	left
3728.0044	1	Stimulus/S  1	1	37280044	37280052	103	3	70	pips_l40_r400_500-8000.hdf5	right	left
3729.0711	1	Stimulus/S  1	1	37290711	37290719	103	4	50	pips_l40_r400_500-8000.hdf5	right	left
3730.1378	1	Stimulus/S  1	1	37301378	37301386	103	5	30	pips_l40_r400_500-8000.hdf5	right	left
3731.1938	1	Stimulus/S  1	1	37311938	37311946	104	0	20	pips_l40_r400_500-8000.hdf5	right	left
3732.2605	1	Stimulus/S  1	1	37322605	37322613	104	1	40	pips_l40_r400_500-8000.hdf5	right	left
3733.3272	1	Stimulus/S  1	1	37333272	37333280	104	2	60	pips_l40_r400_500-8000.hdf5	right	left
3734.3938	1	Stimulus/S  1	1	37343938	37343946	104	3	70	pips_l40_r400_500-8000.hdf5	right	left
3735.4605	1	Stimulus/S  1	1	37354605	37354613	104	4	50	pips_l40_r400_500-8000.hdf5	right	left
3736.5272	1	Stimulus/S  1	1	37365272	37365280	104	5	30	pips_l40_r400_500-8000.hdf5	right	left
3737.5725	1	Stimulus/S  1	1	37375725	37375733	105	0	20	pips_l40_r400_500-8000.hdf5	right	left
3738.6285	1	Stimulus/S  1	1	37386285	37386293	105	1	40	pips_l40_r400_500-8000.hdf5	right	left
3739.6739	1	Stimulus/S  1	1	37396739	37396747	105	2	60	pips_l40_r400_500-8000.hdf5	right	left
3740.7406	1	Stimulus/S  1	1	37407406	37407414	105	3	70	pips_l40_r400_500-8000.hdf5	right	left
3741.8072	1	Stimulus/S  1	1	37418072	37418080	105	4	50	pips_l40_r400_500-8000.hdf5	right	left
3742.8739	1	Stimulus/S  1	1	37428739	37428747	105	5	30	pips_l40_r400_500-8000.hdf5	right	left
3743.9299	1	Stimulus/S  1	1	37439299	37439307	106	0	20	pips_l40_r400_500-8000.hdf5	right	left
3744.9753	1	Stimulus/S  1	1	37449753	37449761	106	1	40	pips_l40_r400_500-8000.hdf5	right	left
3746.042	1	Stimulus/S  1	1	37460420	37460428	106	2	60	pips_l40_r400_500-8000.hdf5	right	left
3747.0873	1	Stimulus/S  1	1	37470873	37470881	106	3	70	pips_l40_r400_500-8000.hdf5	right	left
3748.1433	1	Stimulus/S  1	1	37481433	37481441	106	4	50	pips_l40_r400_500-8000.hdf5	right	left
3749.1886	1	Stimulus/S  1	1	37491886	37491894	106	5	30	pips_l40_r400_500-8000.hdf5	right	left
3750.2447	1	Stimulus/S  1	1	37502447	37502455	107	0	20	pips_l40_r400_500-8000.hdf5	right	left
3751.3113	1	Stimulus/S  1	1	37513113	37513121	107	1	40	pips_l40_r400_500-8000.hdf5	right	left
3752.3567	1	Stimulus/S  1	1	37523567	37523575	107	2	60	pips_l40_r400_500-8000.hdf5	right	left
3753.4127	1	Stimulus/S  1	1	37534127	37534135	107	3	70	pips_l40_r400_500-8000.hdf5	right	left
3754.458	1	Stimulus/S  1	1	37544580	37544588	107	4	50	pips_l40_r400_500-8000.hdf5	right	left
3755.5247	1	Stimulus/S  1	1	37555247	37555255	107	5	30	pips_l40_r400_500-8000.hdf5	right	left
3756.5914	1	Stimulus/S  1	1	37565914	37565922	108	0	20	pips_l40_r400_500-8000.hdf5	right	left
3757.6367	1	Stimulus/S  1	1	37576367	37576375	108	1	40	pips_l40_r400_500-8000.hdf5	right	left
3758.6927	1	Stimulus/S  1	1	37586927	37586935	108	2	60	pips_l40_r400_500-8000.hdf5	right	left
3759.7594	1	Stimulus/S  1	1	37597594	37597602	108	3	70	pips_l40_r400_500-8000.hdf5	right	left
3760.8048	1	Stimulus/S  1	1	37608048	37608056	108	4	50	pips_l40_r400_500-8000.hdf5	right	left
3761.8608	1	Stimulus/S  1	1	37618608	37618616	108	5	30	pips_l40_r400_500-8000.hdf5	right	left
3762.9274	1	Stimulus/S  1	1	37629274	37629282	109	0	20	pips_l40_r400_500-8000.hdf5	right	left
3763.9941	1	Stimulus/S  1	1	37639941	37639949	109	1	40	pips_l40_r400_500-8000.hdf5	right	left
3765.0608	1	Stimulus/S  1	1	37650608	37650616	109	2	60	pips_l40_r400_500-8000.hdf5	right	left
3766.1275	1	Stimulus/S  1	1	37661275	37661283	109	3	70	pips_l40_r400_500-8000.hdf5	right	left
3767.1728	1	Stimulus/S  1	1	37671728	37671736	109	4	50	pips_l40_r400_500-8000.hdf5	right	left
3768.2288	1	Stimulus/S  1	1	37682288	37682296	109	5	30	pips_l40_r400_500-8000.hdf5	right	left
3769.2742	1	Stimulus/S  1	1	37692742	37692750	110	0	20	pips_l40_r400_500-8000.hdf5	right	left
3770.3302	1	Stimulus/S  1	1	37703302	37703310	110	1	40	pips_l40_r400_500-8000.hdf5	right	left
3771.3969	1	Stimulus/S  1	1	37713969	37713977	110	2	60	pips_l40_r400_500-8000.hdf5	right	left
3772.4635	1	Stimulus/S  1	1	37724635	37724643	110	3	70	pips_l40_r400_500-8000.hdf5	right	left
3773.5302	1	Stimulus/S  1	1	37735302	37735310	110	4	50	pips_l40_r400_500-8000.hdf5	right	left
3774.5756	1	Stimulus/S  1	1	37745756	37745764	110	5	30	pips_l40_r400_500-8000.hdf5	right	left
3775.6422	1	Stimulus/S  1	1	37756422	37756430	111	0	20	pips_l40_r400_500-8000.hdf5	right	left
3776.6876	1	Stimulus/S  1	1	37766876	37766884	111	1	40	pips_l40_r400_500-8000.hdf5	right	left
3777.7436	1	Stimulus/S  1	1	37777436	37777444	111	2	60	pips_l40_r400_500-8000.hdf5	right	left
3778.8103	1	Stimulus/S  1	1	37788103	37788111	111	3	70	pips_l40_r400_500-8000.hdf5	right	left
3779.8769	1	Stimulus/S  1	1	37798769	37798777	111	4	50	pips_l40_r400_500-8000.hdf5	right	left
3780.9223	1	Stimulus/S  1	1	37809223	37809231	111	5	30	pips_l40_r400_500-8000.hdf5	right	left
3781.989	1	Stimulus/S  1	1	37819890	37819898	112	0	20	pips_l40_r400_500-8000.hdf5	right	left
3783.0556	1	Stimulus/S  1	1	37830556	37830564	112	1	40	pips_l40_r400_500-8000.hdf5	right	left
3784.1223	1	Stimulus/S  1	1	37841223	37841231	112	2	60	pips_l40_r400_500-8000.hdf5	right	left
3785.1783	1	Stimulus/S  1	1	37851783	37851791	112	3	70	pips_l40_r400_500-8000.hdf5	right	left
3786.2237	1	Stimulus/S  1	1	37862237	37862245	112	4	50	pips_l40_r400_500-8000.hdf5	right	left
3787.2797	1	Stimulus/S  1	1	37872797	37872805	112	5	30	pips_l40_r400_500-8000.hdf5	right	left
3788.3464	1	Stimulus/S  1	1	37883464	37883472	113	0	20	pips_l40_r400_500-8000.hdf5	right	left
3789.3917	1	Stimulus/S  1	1	37893917	37893925	113	1	40	pips_l40_r400_500-8000.hdf5	right	left
3790.437	1	Stimulus/S  1	1	37904370	37904378	113	2	60	pips_l40_r400_500-8000.hdf5	right	left
3791.493	1	Stimulus/S  1	1	37914930	37914938	113	3	70	pips_l40_r400_500-8000.hdf5	right	left
3792.5384	1	Stimulus/S  1	1	37925384	37925392	113	4	50	pips_l40_r400_500-8000.hdf5	right	left
3793.6051	1	Stimulus/S  1	1	37936051	37936059	113	5	30	pips_l40_r400_500-8000.hdf5	right	left
3794.6717	1	Stimulus/S  1	1	37946717	37946725	114	0	20	pips_l40_r400_500-8000.hdf5	right	left
3795.7384	1	Stimulus/S  1	1	37957384	37957392	114	1	40	pips_l40_r400_500-8000.hdf5	right	left
3796.8051	1	Stimulus/S  1	1	37968051	37968059	114	2	60	pips_l40_r400_500-8000.hdf5	right	left
3797.8718	1	Stimulus/S  1	1	37978718	37978726	114	3	70	pips_l40_r400_500-8000.hdf5	right	left
3798.9385	1	Stimulus/S  1	1	37989385	37989393	114	4	50	pips_l40_r400_500-8000.hdf5	right	left
3799.9945	1	Stimulus/S  1	1	37999945	37999953	114	5	30	pips_l40_r400_500-8000.hdf5	right	left
3801.0398	1	Stimulus/S  1	1	38010398	38010406	115	0	20	pips_l40_r400_500-8000.hdf5	right	left
3802.1065	1	Stimulus/S  1	1	38021065	38021073	115	1	40	pips_l40_r400_500-8000.hdf5	right	left
3803.1732	1	Stimulus/S  1	1	38031732	38031740	115	2	60	pips_l40_r400_500-8000.hdf5	right	left
3804.2292	1	Stimulus/S  1	1	38042292	38042300	115	3	70	pips_l40_r400_500-8000.hdf5	right	left
3805.2745	1	Stimulus/S  1	1	38052745	38052753	115	4	50	pips_l40_r400_500-8000.hdf5	right	left
3806.3305	1	Stimulus/S  1	1	38063305	38063313	115	5	30	pips_l40_r400_500-8000.hdf5	right	left
3807.3759	1	Stimulus/S  1	1	38073759	38073767	116	0	20	pips_l40_r400_500-8000.hdf5	right	left
3808.4425	1	Stimulus/S  1	1	38084425	38084433	116	1	40	pips_l40_r400_500-8000.hdf5	right	left
3809.4879	1	Stimulus/S  1	1	38094879	38094887	116	2	60	pips_l40_r400_500-8000.hdf5	right	left
3810.5439	1	Stimulus/S  1	1	38105439	38105447	116	3	70	pips_l40_r400_500-8000.hdf5	right	left
3811.6106	1	Stimulus/S  1	1	38116106	38116114	116	4	50	pips_l40_r400_500-8000.hdf5	right	left
3812.6559	1	Stimulus/S  1	1	38126559	38126567	116	5	30	pips_l40_r400_500-8000.hdf5	right	left
3813.7119	1	Stimulus/S  1	1	38137119	38137127	117	0	20	pips_l40_r400_500-8000.hdf5	right	left
3814.7573	1	Stimulus/S  1	1	38147573	38147581	117	1	40	pips_l40_r400_500-8000.hdf5	right	left
3815.8133	1	Stimulus/S  1	1	38158133	38158141	117	2	60	pips_l40_r400_500-8000.hdf5	right	left
3816.8586	1	Stimulus/S  1	1	38168586	38168594	117	3	70	pips_l40_r400_500-8000.hdf5	right	left
3818.9813	1	Stimulus/S  1	1	38189813	38189821	117	5	30	pips_l40_r400_500-8000.hdf5	right	left
3820.0267	1	Stimulus/S  1	1	38200267	38200275	118	0	20	pips_l40_r400_500-8000.hdf5	right	left
3821.072	1	Stimulus/S  1	1	38210720	38210728	118	1	40	pips_l40_r400_500-8000.hdf5	right	left
3822.1387	1	Stimulus/S  1	1	38221387	38221395	118	2	60	pips_l40_r400_500-8000.hdf5	right	left
3823.2053	1	Stimulus/S  1	1	38232053	38232061	118	3	70	pips_l40_r400_500-8000.hdf5	right	left
3824.2614	1	Stimulus/S  1	1	38242614	38242622	118	4	50	pips_l40_r400_500-8000.hdf5	right	left
3825.3067	1	Stimulus/S  1	1	38253067	38253075	118	5	30	pips_l40_r400_500-8000.hdf5	right	left
3826.3734	1	Stimulus/S  1	1	38263734	38263742	119	0	20	pips_l40_r400_500-8000.hdf5	right	left
3827.4401	1	Stimulus/S  1	1	38274401	38274409	119	1	40	pips_l40_r400_500-8000.hdf5	right	left
3828.4961	1	Stimulus/S  1	1	38284961	38284969	119	2	60	pips_l40_r400_500-8000.hdf5	right	left
3829.5414	1	Stimulus/S  1	1	38295414	38295422	119	3	70	pips_l40_r400_500-8000.hdf5	right	left
3830.6081	1	Stimulus/S  1	1	38306081	38306089	119	4	50	pips_l40_r400_500-8000.hdf5	right	left
3831.6641	1	Stimulus/S  1	1	38316641	38316649	119	5	30	pips_l40_r400_500-8000.hdf5	right	left
