dataset_id	citation_id	citation_link	UnlinkedAck
ds005270	cit_000574	https://osf.io/wgs7k/	yes
ds005270	cit_000575	https://doi.org/10.1016/j.neurobiolaging.2022.01.010	yes
ds005270	cit_000576	https://doi.org/10.1162/jocn_a_01685	yes
ds005270	cit_000577	https://doi.org/10.1016/j.neurobiolaging.2021.03.019	yes
ds005270	cit_000578	https://doi.org/10.1093/scan/nsad044	yes
ds003709	cit_001208	https://doi.org/10.7554/eLife.62051	no
ds005256	cit_000308	https://doi.org/10.1101/2024.06.21.599974	no
ds005516	cit_000326	https://doi.org/10.1101/2024.10.03.615261	no
ds005516	cit_000327	https://dx.doi.org/10.1038/sdata.2017.40	no
ds005516	cit_000328	https://dx.doi.org/10.1038/sdata.2017.181	no
ds005515	cit_000326	https://doi.org/10.1101/2024.10.03.615261	no
ds005515	cit_000327	https://dx.doi.org/10.1038/sdata.2017.40	no
ds005515	cit_000328	https://dx.doi.org/10.1038/sdata.2017.181	no
ds005514	cit_000326	https://doi.org/10.1101/2024.10.03.615261	no
ds005514	cit_000327	https://dx.doi.org/10.1038/sdata.2017.40	no
ds005514	cit_000328	https://dx.doi.org/10.1038/sdata.2017.181	no
ds005512	cit_000326	https://doi.org/10.1101/2024.10.03.615261	no
ds005512	cit_000327	https://dx.doi.org/10.1038/sdata.2017.40	no
ds005512	cit_000328	https://dx.doi.org/10.1038/sdata.2017.181	no
ds005511	cit_000326	https://doi.org/10.1101/2024.10.03.615261	no
ds005511	cit_000327	https://dx.doi.org/10.1038/sdata.2017.40	no
ds005511	cit_000328	https://dx.doi.org/10.1038/sdata.2017.181	no
ds005510	cit_000326	https://doi.org/10.1101/2024.10.03.615261	no
ds005510	cit_000327	https://dx.doi.org/10.1038/sdata.2017.40	no
ds005510	cit_000328	https://dx.doi.org/10.1038/sdata.2017.181	no
ds005509	cit_000326	https://doi.org/10.1101/2024.10.03.615261	no
ds005509	cit_000327	https://dx.doi.org/10.1038/sdata.2017.40	no
ds005509	cit_000328	https://dx.doi.org/10.1038/sdata.2017.181	no
ds005508	cit_000328	https://dx.doi.org/10.1038/sdata.2017.181	no
ds005508	cit_000326	https://doi.org/10.1101/2024.10.03.615261	no
ds005508	cit_000327	https://dx.doi.org/10.1038/sdata.2017.40	no
ds005507	cit_000326	https://doi.org/10.1101/2024.10.03.615261	no
ds005507	cit_000327	https://dx.doi.org/10.1038/sdata.2017.40	no
ds005507	cit_000328	https://dx.doi.org/10.1038/sdata.2017.181	no
ds005506	cit_000326	https://doi.org/10.1101/2024.10.03.615261	no
ds005506	cit_000327	https://dx.doi.org/10.1038/sdata.2017.40	no
ds005506	cit_000328	https://dx.doi.org/10.1038/sdata.2017.181	no
ds005505	cit_000326	https://doi.org/10.1101/2024.10.03.615261	no
ds005505	cit_000327	https://dx.doi.org/10.1038/sdata.2017.40	no
ds005505	cit_000328	https://dx.doi.org/10.1038/sdata.2017.181	no
ds006033	cit_000160	https://etikprovningsmyndigheten.se/	yes
ds006033	cit_000161	https://your-lab-website.com	yes
ds005588	cit_000473	https://www.nitrc.org/frs/?group_id=889	yes
ds005588	cit_000474	www.nitrc.org/frs/?group_id=889	yes
ds005375	cit_000550	https://osf.io/preprints/psyarxiv/sqzjm	no
ds005375	cit_000551	https://osf.io/pc4fs/	no
ds005056	cit_000585	https://www.nidcd.nih.gov/	no
ds005056	cit_000586	www.nidcd.nih.gov/	no
ds005028	cit_000213	https://www.medrxiv.org/content/10.1101/2022.06.24.22276882v1	yes
ds005028	cit_000214	www.medrxiv.org/content/10.1101/2022.06.24.22276882v1	yes
ds006318			yes
ds005917	cit_000105	https://clinicaltrials.gov/study/NCT00088699	no
ds005533			yes
ds003645	cit_000311	https://doi.org/10.1007/s12021-021-09537-4	no
ds003645	cit_000312	www.sciencedirect.com/science/article/pii/S1053811921010387	no
ds003645	cit_000313	https://pubmed.ncbi.nlm.nih.gov/25977808/	no
ds003645	cit_000314	https://doi.org/10.1038/sdata.2015.1	no
ds003645	cit_000315	https://www.sciencedirect.com/science/article/pii/S1053811921010387	no
ds003645	cit_000316	https://link.springer.com/article/10.1007/s12021-021-09537-4	no
ds004519	cit_000948	www.biorxiv.org/content/10.1101/2022.07.05.498906v4.abstract	no
ds004519	cit_000949	https://www.biorxiv.org/content/10.1101/2022.07.05.498906v4.abstract,	no
ds004519	cit_000950	https://osf.io/wat6d/	no
ds004519	cit_000951	https://www.biorxiv.org/content/10.1101/2022.07.05.498906v4.abstract	no
ds004519	cit_000952	www.biorxiv.org/content/10.1101/2022.07.05.498906v4.abstract,	no
ds005305	cit_000564	https://doi.org/10.1016/j.cortex.2024.05.019	no
ds005305	cit_000565	https://osf.io/fm58p/	no
ds005305	cit_000566	https://osf.io/zfhcn/	no
ds005305	cit_000567	https://osf.io/dwz2r	no
ds005628	cit_000452	https://orcid.org/0000-0003-0250-765X	no
ds005048	cit_000245	DOI:\nLahijanian,	no
ds005048	cit_000246	https://doi.org/10.1101/2021.09.30.462389	no
ds005048	cit_000247	https://doi.org/10.1038/s41598-024-63727-z	no
ds004635	cit_000261	https://link.springer.com/article/10.1007/s10548-024-01043-5	yes
ds004521	cit_000944	https://www.biorxiv.org/content/10.1101/2022.08.12.503778v3.abstract	no
ds004521	cit_000945	https://osf.io/gtd5f/	no
ds004521	cit_000946	www.biorxiv.org/content/10.1101/2022.08.12.503778v3.abstract	no
ds004520	cit_000944	https://www.biorxiv.org/content/10.1101/2022.08.12.503778v3.abstract	no
ds004520	cit_000945	https://osf.io/gtd5f/	no
ds004520	cit_000946	www.biorxiv.org/content/10.1101/2022.08.12.503778v3.abstract	no
ds004362	cit_000591	https://physionet.org/content/eegmmidb/1.0.0/**	yes
ds004350	cit_000378	www.frontiersin.org/articles/10.3389/fnhum.2020.00246/full	no
ds004350	cit_000379	https://www.frontiersin.org/articles/10.3389/fnhum.2020.00246/full	no
ds004350	cit_000380	https://doi.org/10.3389/fnhum.2020.00246	no
ds006260	cit_000122	https://rarchivoszona33.files.wordpress.com/2012/10/manual_fomento.pdf	no
ds006260	cit_000123	https://orcid.org/0000-0002-7680-2953	no
ds005034	cit_000633	https://doi.org/10.1101/2024.03.20.585954	no
ds005034	cit_000634	https://osf.io/v2qwc/	no
ds004883	cit_000775	https://osf.io/qt2zh/	no
ds004883	cit_000776	https://osf.io/preprints/psyarxiv/a3s42	no
ds004602	cit_000840	https://osf.io/8cbua/	no
ds004602	cit_000841	https://psyarxiv.com/465wq\n\nPeter	no
ds006036	cit_000155	https://doi.org/10.3390/data10050064	no
ds005876	cit_000399	https://supp.apa.org/psycarticles/supplemental/a0014584/a0014584_supp.html	no
ds005410	cit_000510	https://doi.org/10.1101/2024.08.13.607803	no
ds005342	cit_000558	https://doi.org/10.3389/fninf.2022.961089	no
ds004784	cit_000348	https://doi.org/10.3390/s23198214	no
ds004626	cit_000865	https://doi.org/10.1111/psyp.14406	no
ds004554	cit_000930	https://doi.org/10.3934/mbe.2023507	no
ds005960	cit_000324	https://doi.org/10.1523/JNEUROSCI.1964-24.2025	no
ds004902	cit_000186	https://doi.org/10.1038/s41597-024-03268-2	no
ds004123	cit_001082	https://doi.org/10.3389/fnins.2014.00155	no
ds004123	cit_001083	https://doi.org/10.1080/00222895.2014.959887,	no
ds004123	cit_001084	https://doi.org/10.1016/j.physbeh.2015.05.026	no
ds004123	cit_001079	https://doi.org/10.1016/j.neuroimage.2019.116054	no
ds004123	cit_001080	https://doi.org/10.1016/j.neuroimage.2017.02.057	no
ds004123	cit_001081	https://doi.org/10.1016/j.neuroimage.2019.116361	no
ds004122	cit_001082	https://doi.org/10.3389/fnins.2014.00155	no
ds004122	cit_001083	https://doi.org/10.1080/00222895.2014.959887,	no
ds004122	cit_001084	https://doi.org/10.1016/j.physbeh.2015.05.026	no
ds004122	cit_001079	https://doi.org/10.1016/j.neuroimage.2019.116054	no
ds004122	cit_001080	https://doi.org/10.1016/j.neuroimage.2017.02.057	no
ds004122	cit_001081	https://doi.org/10.1016/j.neuroimage.2019.116361	no
ds004121	cit_001082	https://doi.org/10.3389/fnins.2014.00155	no
ds004121	cit_001083	https://doi.org/10.1080/00222895.2014.959887,	no
ds004121	cit_001084	https://doi.org/10.1016/j.physbeh.2015.05.026	no
ds004121	cit_001079	https://doi.org/10.1016/j.neuroimage.2019.116054	no
ds004121	cit_001080	https://doi.org/10.1016/j.neuroimage.2017.02.057	no
ds004121	cit_001081	https://doi.org/10.1016/j.neuroimage.2019.116361	no
ds004120	cit_001082	https://doi.org/10.3389/fnins.2014.00155	no
ds004120	cit_001083	https://doi.org/10.1080/00222895.2014.959887,	no
ds004120	cit_001084	https://doi.org/10.1016/j.physbeh.2015.05.026	no
ds004120	cit_001079	https://doi.org/10.1016/j.neuroimage.2019.116054	no
ds004120	cit_001080	https://doi.org/10.1016/j.neuroimage.2017.02.057	no
ds004120	cit_001081	https://doi.org/10.1016/j.neuroimage.2019.116361	no
ds004118	cit_001082	https://doi.org/10.3389/fnins.2014.00155	no
ds004118	cit_001083	https://doi.org/10.1080/00222895.2014.959887,	no
ds004118	cit_001084	https://doi.org/10.1016/j.physbeh.2015.05.026	no
ds004118	cit_001079	https://doi.org/10.1016/j.neuroimage.2019.116054	no
ds004118	cit_001080	https://doi.org/10.1016/j.neuroimage.2017.02.057	no
ds004118	cit_001081	https://doi.org/10.1016/j.neuroimage.2019.116361	no
ds002680	cit_000835	https://papers.cnl.salk.edu/PDFs/From%20Single-Trial%20EEG%20to%20Brain%20Area%20Dynamics%202002-3661.pdf	no
ds002680	cit_000836	https://www.ncbi.nlm.nih.gov/pubmed/15019707,	no
ds002680	cit_000837	https://www.ncbi.nlm.nih.gov/pubmed/11244543,	no
ds002680	cit_000838	www.ncbi.nlm.nih.gov/pubmed/11244543,	no
ds002680	cit_000839	www.ncbi.nlm.nih.gov/pubmed/15019707,	no
ds004119	cit_001085	https://doi.org/10.1016/j.biopsycho.2015.12.009	no
ds004119	cit_001079	https://doi.org/10.1016/j.neuroimage.2019.116054	no
ds004119	cit_001081	https://doi.org/10.1016/j.neuroimage.2019.116361	no
ds004117	cit_001054	https://pubmed.ncbi.nlm.nih.gov/15927487/	no
ds004117	cit_001055	https://doi.org/10.1016/j.neuroimage.2005.04.014	no
ds004117	cit_001056	https://psyarxiv.com/528nr/	no
ds004106	cit_001085	https://doi.org/10.1016/j.biopsycho.2015.12.009	no
ds004106	cit_001079	https://doi.org/10.1016/j.neuroimage.2019.116054	no
ds004106	cit_001081	https://doi.org/10.1016/j.neuroimage.2019.116361	no
ds004105	cit_001079	https://doi.org/10.1016/j.neuroimage.2019.116054	no
ds004105	cit_001080	https://doi.org/10.1016/j.neuroimage.2017.02.057	no
ds004105	cit_001081	https://doi.org/10.1016/j.neuroimage.2019.116361	no
ds004166	cit_001050	doi:10.1016/j.jad.2015.09.022	no
ds004166	cit_001051	doi:10.1111/j.1467-8624.2009.01282.x	no
ds004166	cit_001052	doi:10.1016/j.jecp.2003.10.002	no
ds004166	cit_001053	doi:10.1176/appi.ajp.161.4.745	no
ds002893	cit_000897	https://pubmed.ncbi.nlm.nih.gov/18482717/	no
ds002691	cit_000848	www.semanticscholar.org/paper/Psychophysical-interactions-with-a-single-photon-Radin-Michel/8095890b463b7d373054b9da40a04356cc63bcf2	no
ds002691	cit_000849	https://www.semanticscholar.org/paper/Psychophysical-interactions-with-a-single-photon-Radin-Michel/8095890b463b7d373054b9da40a04356cc63bcf2	no
ds002578	cit_000987	https://www.ncbi.nlm.nih.gov/pmc/articles/PMC6673364/	no
ds002578	cit_000988	www.ncbi.nlm.nih.gov/pmc/articles/PMC6673364/	no
ds003061			yes
ds005901			yes
ds005603	cit_000468	https://pubmed.ncbi.nlm.nih.gov/24264234/	yes
ds005479			yes
ds002718	cit_000314	https://doi.org/10.1038/sdata.2015.1	no
ds002718	cit_000624	www.nature.com/articles/sdata20151	no
ds002718	cit_000625	https://www.nature.com/articles/sdata20151	no
ds003714	cit_000913	https://www.ncbi.nlm.nih.gov/pubmed/001012092119281	yes
ds003714	cit_000914	www.ncbi.nlm.nih.gov/pubmed/001012092119281	yes
ds004802	cit_000815	https://osf.io/c2svz/?view_only=4ee744ac88c74f41a4d955824a69284b	no
ds003465	cit_000702	https://direct.mit.edu/jocn/article/33/9/1990/106990/The-Dual-Mechanisms-of-Cognitive-Control-Project	no
ds003465	cit_000703	http://sites.wustl.edu/dualmechanisms/stroop	no
ds003465	cit_000704	https://osf.io/6jd9e/	no
ds003465	cit_000705	www.humanconnectome.org/study/hcp-young-adult	no
ds003465	cit_000706	http://sites.wustl.edu/dualmechanisms/task-switching	no
ds003465	cit_000707	https://www.humanconnectome.org/study/hcp-young-adult	no
ds003465	cit_000708	https://doi.org/10.1101/2021.05.28.446178	no
ds003465	cit_000709	http://sites.wustl.edu/dualmechanisms/axcpt-task	no
ds003465	cit_000710	https://doi.org/10.1162/jocn_a_01768	no
ds003465	cit_000711	https://sites.wustl.edu/dualmechanisms/	no
ds003465	cit_000712	https://doi.org/10.1101/2020.09.18.304402	no
ds003465	cit_000713	https://sites.wustl.edu/dualmechanisms	no
ds003465	cit_000714	http://dx.doi.org/10.1038/s41597-022-01226-4	no
ds003465	cit_000715	http://sites.wustl.edu/dualmechanisms/sternberg-task	no
ds003465	cit_000716	https://sites.wustl.edu/ccplab/	no
ds003465	cit_000717	https://osf.io/vqe92/>	no
ds001415	cit_001408	https://audacityteam.org/	no
ds001415	cit_001409	https://scholarsbank.uoregon.edu/xmlui/handle/1794/25122	no
ds001415	cit_001410	https://pqdtopen.proquest.com/pubnum/13420194.html	no
ds001415	cit_001411	www.python.org	no
ds001415	cit_001412	https://lcni.uoregon.edu/downloads/mriconvert/mriconvert-and-mcverter	no
ds001415	cit_001413	https://doi.org/10.7264/3b49-tr85	no
ds001415	cit_001414	http://ajaxsoundstudio.com/software/pyo/	no
ds001415	cit_001415	https://www.python.org	no
ds001415	cit_001416	https://scholarsbank.uoregon.edu/xmlui/handle/1794/24538	no
ds001415	cit_001417	https://fsl.fmrib.ox.ac.uk/fsl/fslwiki/	no
ds004654	cit_000755	https://doi.org/10.5281/zenodo.7768340	no
ds004654	cit_000765	https://doi.org/10.1016/j.nbd.2020.104978	no
ds004654	cit_000757	https://doi.org/10.1038/jcbfm.2009.52	no
ds004654	cit_000758	https://doi.org/10.1038/sj.jcbfm.9600067	no
ds004654	cit_000759	https://doi.org/10.1038/s41598-017-18890-x	no
ds004654	cit_000760	https://doi.org/10.1371/journal.pone.0195580	no
ds004654	cit_000766	https://doi.org/10.1177/0271678X221090997	no
ds004654	cit_000761	https://doi.org/10.1038/sj.jcbfm.9600066	no
ds004654	cit_000762	https://doi.org/10.1177/0271678X18771242	no
ds004654	cit_000767	https://doi.org/10.1016/j.nbd.2020.104978](https://doi.org/10.1016/j.nbd.2020.104978	no
ds004654	cit_000768	https://doi.org/10.1038/jcbfm.2009.7	no
ds004654	cit_000769	https://doi.org/10.1177/0271678X221090997](https://doi.org/10.1177/0271678X221090997	no
ds004654	cit_000763	https://docs.google.com/document/d/1KHzp-yk8KXvkUIhtN71WU0m4P4kKT9C1yvI-i9_kNeY/edit?usp=sharing	no
ds004654	cit_000764	https://doi.org/10.1038/jcbfm.2008.43	no
ds003452	cit_001315	http://sites.wustl.edu/dualmechanisms/	no
ds003452	cit_000705	www.humanconnectome.org/study/hcp-young-adult	no
ds003452	cit_000706	http://sites.wustl.edu/dualmechanisms/task-switching	no
ds003452	cit_000707	https://www.humanconnectome.org/study/hcp-young-adult	no
ds003452	cit_000715	http://sites.wustl.edu/dualmechanisms/sternberg-task	no
ds003452	cit_000709	http://sites.wustl.edu/dualmechanisms/axcpt-task	no
ds003452	cit_000716	https://sites.wustl.edu/ccplab/	no
ds003452	cit_000704	https://osf.io/6jd9e/	no
ds003452	cit_001316	https://ww5.aievolution.com/hbm1901/index.cfm?do=abs.viewAbs&abs=3941	no
ds003452	cit_000713	https://sites.wustl.edu/dualmechanisms	no
ds003452	cit_001317	http://mvpa.blogspot.com/2019/01/comparing-fmriprep-and-hcp-pipelines.html,poster	no
ds003452	cit_000703	http://sites.wustl.edu/dualmechanisms/stroop	no
ds003452	cit_001318	https://cdn-akamai.6connex.com/645/1827//BraverDMCC_OHBM2020_poster_15922356197908355.pdf	no
ds000117	cit_000410	www.fil.ion.ucl.ac.uk/spm/doc/manual.pdf	no
ds000117	cit_000411	www.kaggle.com/c/decoding-the-human-brain	no
ds000117	cit_000412	https://www.ncbi.nlm.nih.gov/pubmed/25977808	no
ds000117	cit_000413	http://www.fil.ion.ucl.ac.uk/spm/doc/manual.pdf	no
ds000117	cit_000414	https://www.kaggle.com/c/decoding-the-human-brain	no
ds000117	cit_000415	doi:10.1038/sdata.2015.1	no
ds000117	cit_000416	www.ncbi.nlm.nih.gov/pubmed/25977808	no
ds000117	cit_000417	https://mriqc.readthedocs.io/en/latest/	no
ds004733	cit_000754	https://doi.org/10.1177/0271678X221121873	no
ds004733	cit_000755	https://doi.org/10.5281/zenodo.7768340	no
ds004733	cit_000756	https://doi.org/10.1177/0271678X221121873](https://doi.org/10.1177/0271678X221121873	no
ds004733	cit_000757	https://doi.org/10.1038/jcbfm.2009.52	no
ds004733	cit_000758	https://doi.org/10.1038/sj.jcbfm.9600067	no
ds004733	cit_000759	https://doi.org/10.1038/s41598-017-18890-x	no
ds004733	cit_000760	https://doi.org/10.1371/journal.pone.0195580	no
ds004733	cit_000761	https://doi.org/10.1038/sj.jcbfm.9600066	no
ds004733	cit_000762	https://doi.org/10.1177/0271678X18771242	no
ds004733	cit_000763	https://docs.google.com/document/d/1KHzp-yk8KXvkUIhtN71WU0m4P4kKT9C1yvI-i9_kNeY/edit?usp=sharing	no
ds004733	cit_000764	https://doi.org/10.1038/jcbfm.2008.43	no
ds004731	cit_000755	https://doi.org/10.5281/zenodo.7768340	no
ds004731	cit_000757	https://doi.org/10.1038/jcbfm.2009.52	no
ds004731	cit_000758	https://doi.org/10.1038/sj.jcbfm.9600067	no
ds004731	cit_000759	https://doi.org/10.1038/s41598-017-18890-x	no
ds004731	cit_000760	https://doi.org/10.1371/journal.pone.0195580	no
ds004731	cit_000761	https://doi.org/10.1038/sj.jcbfm.9600066	no
ds004731	cit_000762	https://doi.org/10.1177/0271678X18771242	no
ds004731	cit_000770	https://doi.org/10.1093/sleep/zsy088	no
ds004731	cit_000763	https://docs.google.com/document/d/1KHzp-yk8KXvkUIhtN71WU0m4P4kKT9C1yvI-i9_kNeY/edit?usp=sharing	no
ds004731	cit_000764	https://doi.org/10.1038/jcbfm.2008.43	no
ds004731	cit_000771	https://doi.org/10.1093/sleep/zsy088](https://doi.org/10.1093/sleep/zsy088	no
ds004730	cit_000755	https://doi.org/10.5281/zenodo.7768340	no
ds004730	cit_000757	https://doi.org/10.1038/jcbfm.2009.52	no
ds004730	cit_000758	https://doi.org/10.1038/sj.jcbfm.9600067	no
ds004730	cit_000759	https://doi.org/10.1038/s41598-017-18890-x	no
ds004730	cit_000760	https://doi.org/10.1371/journal.pone.0195580	no
ds004730	cit_000772	https://doi.org/10.1038/jcbfm.2009.7](https://doi.org/10.1038/jcbfm.2009.7	no
ds004730	cit_000761	https://doi.org/10.1038/sj.jcbfm.9600066	no
ds004730	cit_000762	https://doi.org/10.1177/0271678X18771242	no
ds004730	cit_000768	https://doi.org/10.1038/jcbfm.2009.7	no
ds004730	cit_000763	https://docs.google.com/document/d/1KHzp-yk8KXvkUIhtN71WU0m4P4kKT9C1yvI-i9_kNeY/edit?usp=sharing	no
ds004730	cit_000764	https://doi.org/10.1038/jcbfm.2008.43	no
ds000232	cit_001141	https://osf.io/5g9rv	yes
ds000232	cit_001142	https://doi.org/10.5281/zenodo.242666	yes
ds000232	cit_001143	https://doi.org/10.1101/029603	yes
ds000232	cit_000417	https://mriqc.readthedocs.io/en/latest/	yes
ds005602	cit_000086	www.cnnp-lab.com	no
ds005602	cit_000087	https://arxiv.org/abs/2406.06731	no
ds005602	cit_000088	www.cnnp-lab.com/ideas-data	no
ds005602	cit_000089	https://www.cnnp-lab.com/ideas-data	no
ds001506	cit_000982	http://dx.doi.org/10.1371/journal.pcbi.1006633	no
ds001506	cit_000983	http://dx.doi.org/10.1371/journal.pcbi.1006633>	no
ds001506	cit_000984	https://www.biorxiv.org/content/early/2017/12/30/240317	no
ds001506	cit_000985	https://doi.org/10.6084/m9.figshare.7033577	no
ds001506	cit_000986	www.biorxiv.org/content/early/2017/12/30/240317	no
ds001506	cit_000277	https://pypi.python.org/pypi/pydeface>	no
ds001246	cit_000788	https://www.nature.com/articles/ncomms15037	no
ds001246	cit_000789	https://www.nature.com/articles/ncomms15037>	no
ds001246	cit_000790	www.nature.com/articles/ncomms15037	no
ds001246	cit_000791	www.nature.com/articles/ncomms15037>	no
ds001246	cit_000277	https://pypi.python.org/pypi/pydeface>	no
ds003604	cit_001231	https://osf.io/xs9aq	no
ds003604	cit_001232	https://www.sciencedirect.com/science/article/pii/S1878929317301494	no
ds003604	cit_001233	https://www.sciencedirect.com/science/article/pii/S1053811919309504	no
ds003604	cit_001234	https://onlinelibrary.wiley.com/doi/full/10.1002/hbm.24274	no
ds003604	cit_001235	https://onlinelibrary.wiley.com/doi/full/10.1111/desc.12807	no
ds003604	cit_001236	https://www.mitpressjournals.org/doi/full/10.1162/jocn_a_01477	no
ds003604	cit_001237	www.mitpressjournals.org/doi/full/10.1162/jocn_a_01477	no
ds003604	cit_001238	https://psyarxiv.com/tpndf	no
ds003604	cit_001239	https://psyarxiv.com/vjkdf/	no
ds003604	cit_001240	https://www.sciencedirect.com/science/article/pii/S187892932030147X	no
ds003604	cit_001241	www.sciencedirect.com/science/article/pii/S187892932030147X	no
ds003604	cit_001242	www.sciencedirect.com/science/article/pii/S1878929317301494	no
ds003604	cit_001243	www.sciencedirect.com/science/article/pii/S1053811919309504	no
ds003342	cit_001354	www.biorxiv.org/content/10.1101/2020.10.14.339606v1	no
ds003342	cit_001355	www.mrc-cbu.cam.ac.uk/people/Ethan.Knights/	no
ds003342	cit_001356	https://www.stephanierossit.com/contact	no
ds003342	cit_001357	https://osf.io/zxnpv/	no
ds003342	cit_001358	https://osf.io/r5x8a/	no
ds003342	cit_001359	https://osf.io/98rxh/	no
ds003342	cit_001360	https://www.biorxiv.org/content/10.1101/2020.10.14.339606v1	no
ds003342	cit_001361	www.stephanierossit.com/contact	no
ds003342	cit_001362	https://www.biorxiv.org/content/10.1101/2020.10.14.339606v1,	no
ds003342	cit_001363	http://www.mrc-cbu.cam.ac.uk/people/Ethan.Knights/	no
ds003342	cit_001364	www.biorxiv.org/content/10.1101/2020.10.14.339606v1,	no
ds005360	cit_000248	https://www.nationalgeographic.com/premium/article/menstruation-brain-women-reshape	no
ds005360	cit_000249	https://www.proquest.com/dissertations-theses/dynamic-allostatic-modulation-during-appraisal/docview/2810870047/se-2\n\nRizor,	no
ds005360	cit_000250	www.nationalgeographic.com/premium/article/menstruation-brain-women-reshape	no
ds005360	cit_000251	www.inverse.com/health/novel-study-reveals-strong-correlation-menstrual-cycle-brain-changes	no
ds005360	cit_000252	www.proquest.com/dissertations-theses/dynamic-allostatic-modulation-during-appraisal/docview/2810870047/se-2	no
ds005360	cit_000253	http://dx.doi.org/10.1002/hbm.26785	no
ds005360	cit_000254	https://www.washingtonpost.com/wellness/2023/11/30/women-brain-menstrual-cycle-changes/	no
ds005360	cit_000255	https://doi.org/10.1002/hbm.26785	no
ds005360	cit_000256	https://www.proquest.com/dissertations-theses/dynamic-allostatic-modulation-during-appraisal/docview/2810870047/se-2	no
ds005360	cit_000257	www.washingtonpost.com/wellness/2023/11/30/women-brain-menstrual-cycle-changes/	no
ds005360	cit_000258	https://escholarship.org/content/qt4ng6r46m/qt4ng6r46m.pdf	no
ds005360	cit_000259	www.proquest.com/dissertations-theses/dynamic-allostatic-modulation-during-appraisal/docview/2810870047/se-2\n\nRizor,	no
ds005360	cit_000260	https://www.inverse.com/health/novel-study-reveals-strong-correlation-menstrual-cycle-brain-changes	no
ds000246	cit_000604	https://www.ncbi.nlm.nih.gov/pmc/articles/PMC3090754	no
ds000246	cit_000605	www.ncbi.nlm.nih.gov/pmc/articles/PMC3090754	no
ds000246	cit_000606	https://doi.org/10.3389/fnins.2019.00076	no
ds000246	cit_000607	www.hindawi.com/journals/cin/2011/879716/	no
ds000246	cit_000608	http://www.hindawi.com/journals/cin/2011/879716/	no
ds003823	cit_000006	https://doi.org/10.3758/s13415-022-01019-7	yes
ds003823	cit_000007	https://doi.org/10.1007/s10548-023-00974-9	yes
ds003823	cit_000008	https://doi.org/10.1016/j.ijpsycho.2023.08.014	yes
ds003823	cit_000009	https://doi.org/10.1016/j.ijpsycho.2022.08.006	yes
ds003823	cit_000010	https://www.nature.com/articles/s41597-023-02396-5	yes
ds003823	cit_000011	https://doi.org/10.1016/j.brainres.2022.148070	yes
ds003823	cit_000012	https://doi.org/10.1523/JNEUROSCI.1865-21.2022	yes
ds003823	cit_000013	https://doi.org/10.3758/s13415-022-01032-w	yes
ds003823	cit_000014	www.nature.com/articles/s41597-023-02396-5	yes
ds003823	cit_000015	https://doi.org/10.1007/s10484-023-09579-1	yes
ds003823	cit_000016	https://doi.org/10.1007/s10484-022-09558-y	yes
ds003823	cit_000017	https://doi.org/10.1016/j.neuropsychologia.2024.108819	yes
ds005234	cit_000429	https://doi.org/10.1186/s11689-024-09585-2	yes
ds005234	cit_000430	https://doi.org/10.1101/2024.06.24.600191	yes
ds005234	cit_000431	https://doi.org/10.1186/s11689-024-09585-2](https://doi.org/10.1186/s11689-024-09585-2	yes
ds005234	cit_000432	https://doi.org/10.1101/2024.06.24.600191](https://doi.org/10.1101/2024.06.24.600191	yes
ds005234	cit_000433	doi:10.1016/j.neuroimage.2011.02.026	yes
ds005234	cit_000434	https://doi.org/10.1007/978-1-4419-1698-3_296	yes
ds005234	cit_000435	https://doi.org/10.1192/bjp.175.5.444	yes
ds005234	cit_000436	http://medi.uni-oldenburg.de/members/stefan/phonology_1/](http://medi.uni-oldenburg.de/members/stefan/phonology_1/	yes
ds005234	cit_000437	https://doi.org/10.17759/cpse.2023120108	yes
ds005234	cit_000438	doi:10.1016/j.cortex.2023.10.020	yes
ds005234	cit_000439	doi:10.1016/j.neuroimage.2006.01.004	yes
ds001769	cit_001477	https://git.fmrib.ox.ac.uk/fsl/melview	no
ds001769	cit_000391	www.nature.com/articles/sdata20143	no
ds001769	cit_001478	www.nature.com/articles/s41597-019-0303-3	no
ds001769	cit_001479	https://www.nature.com/articles/sdata201693	no
ds001769	cit_001480	https://www.nature.com/articles/s41597-019-0303-3	no
ds001769	cit_000397	https://www.nature.com/articles/sdata20143	no
ds001769	cit_001481	www.nature.com/articles/sdata201693	no
ds001769	cit_001482	https://fsl.fmrib.ox.ac.uk/fsl/fslwiki/MELODIC	no
ds001769	cit_001483	https://fsl.fmrib.ox.ac.uk/fsl/fslwiki/FEAT	no
ds000203	cit_001538	www.ncbi.nlm.nih.gov/pmc/articles/PMC5207728/	yes
ds000203	cit_000417	https://mriqc.readthedocs.io/en/latest/	yes
ds000203	cit_001539	https://www.ncbi.nlm.nih.gov/pmc/articles/PMC5207728/	yes
ds000102	cit_000234	www.ncbi.nlm.nih.gov/pubmed/20974260	yes
ds000102	cit_000235	http://www.ncbi.nlm.nih.gov/pubmed/20974260	yes
ds000102	cit_000236	www.ncbi.nlm.nih.gov/pubmed/20079856	yes
ds000102	cit_000237	http://www.ncbi.nlm.nih.gov/pubmed/20079856	yes
ds000102	cit_000238	www.ncbi.nlm.nih.gov/pubmed/17919929	yes
ds000102	cit_000239	http://www.ncbi.nlm.nih.gov/pubmed/17919929	yes
ds004605	cit_000642	https://doi.org/10.1007/s10826-006-9120-3	yes
ds004605	cit_000643	https://tortoise.nibib.nih.gov	yes
ds004605	cit_000644	https://doi.org/10.1097/00004583-199707000-00021	yes
ds004605	cit_000645	www.nimh.nih.gov/research/research-conducted-at-nimh/research-areas/clinics-and-labs/edb	yes
ds004605	cit_000646	https://doi.org/10.1001/archpsyc.1983.01790100074010	yes
ds004605	cit_000647	https://doi.org/10.1007/978-0-387-79948-3_1534	yes
ds004605	cit_000648	https://doi.org/10.1111%2Fj.1469-7610.2012.02561.x	yes
ds004605	cit_000649	https://www.nimh.nih.gov/research/research-conducted-at-nimh/research-areas/clinics-and-labs/edb	yes
ds003900	cit_000226	doi:10.1101/2020.06.17.154666	no
ds003900	cit_000227	https://dipy.org/documentation/1.3.0./theory/sh_basis/	no
ds003900	cit_000228	doi:10.1016/j.neuroimage.2015.02.071	no
ds003900	cit_000229	doi:10.1016/j.nicl.2019.101907	no
ds003900	cit_000230	https://doi.org/10.1101/2021.11.29.470422	no
ds000030	cit_000194	https://f1000research.com/articles/6-1262/v2	no
ds000030	cit_000195	https://www.nature.com/articles/sdata2016110	no
ds000030	cit_000196	http://wtriplett.github.io/ds030/	no
ds000030	cit_000197	http://gdcm.sourceforge.net/wiki/index.php/Main_Page	no
ds000030	cit_000198	https://doi.org/10.12688/f1000research.11964.2	no
ds000030	cit_000199	www.nature.com/articles/sdata2016110	no
ds005012	cit_000526	https://doi.org/10.1162/imag_a_00262	no
ds005012	cit_000527	https://doi.org/10.1007/s10964-019-01057-4	no
ds005012	cit_000528	www.doi.org/10.18112/openneuro.ds005012.v1.0.3	no
ds005012	cit_000529	https://reporter.nih.gov/project-details/10525501	no
ds005012	cit_000530	https://reporter.nih.gov/search/swrPst4q102PBv6DQWLsIA/project-details/9497809	no
ds005012	cit_000531	https://reporter.nih.gov/project-details/9497809	no
ds005012	cit_000532	https://doi.org/10.7302/4773	no
ds005012	cit_000533	https://doi.org/www.doi.org/10.18112/openneuro.ds005012.v1.0.3	no
ds005012	cit_000534	https://doi.org/10.1002/brb3.2093	no
ds005012	cit_000535	https://doi.org/10.1016/j.dcn.2020.100798	no
ds004856	cit_000042	https://doi.org/10.1073/pnas.1415122111	no
ds004856	cit_000043	https://doi.org/10.1212/WNL.0b013e318245d295	no
ds004856	cit_000044	https://doi.org/10.1016/j.neuroimage.2014.09.056	no
ds004856	cit_000045	https://doi.org/10.1212/WNL.0000000000006469	no
ds004856	cit_000046	https://doi.org/10.1038/s41597-025-04847-7	no
ds004856	cit_000047	https://doi.org/10.1016/j.neurobiolaging.2021.04.020	no
ds004856	cit_000048	https://doi.org/10.1038/jcbfm.2013.194	no
ds004856	cit_000049	https://doi.org/10.1016/j.neurobiolaging.2016.06.011	no
ds004856	cit_000050	https://doi.org/10.1523/JNEUROSCI.4494-11.2012	no
ds003459	cit_001181	https://doi.org/10.1016/j.bandl.2005.07.004	yes
ds003459	cit_001182	https://doi.org/10.1002/hbm.10111	yes
ds003459	cit_001183	https://doi.org/10.1002/hbm.10054	yes
ds003459	cit_001184	https://doi.org/10.1016/j.neuroimage.2006.07.007	yes
ds003459	cit_001185	https://doi.org/10.1162/0898929041920496	yes
ds003459	cit_001186	https://doi.org/10.1016/j.brainres.2006.11.074	yes
ds003459	cit_001187	https://doi.org/10.1076/chin.7.3.119.8740	yes
ds003459	cit_001188	https://doi.org/10.1523/JNEUROSCI.0864-05.2005	yes
ds003459	cit_001189	https://doi.org/10.1016/S0911-6044(03	yes
ds003459	cit_001190	https://doi.org/10.1006/nimg.2002.1081	yes
ds006391	cit_000022	https://www.fil.ion.ucl.ac.uk/spm/software/spm12/	no
ds006391	cit_000023	https://fsl.fmrib.ox.ac.uk/fsl/docs/#/diffusion/index	no
ds006391	cit_000024	https://neuro-jena.github.io/cat/index.html#DOWNLOAD	no
ds006391	cit_000025	https://bids-specification.readthedocs.io/en/stable/appendices/entity-table.html	no
ds006391	cit_000026	www.fil.ion.ucl.ac.uk/spm/software/spm12/	no
ds005953	cit_000066	https://bids-specification.readthedocs.io/en/stable/	no
ds005953	cit_000341	https://doi.org/10.1093/cercor/bhu091\n[2]	no
ds005953	cit_000342	https://doi.org/10.1371/journal.pbio.2001461	no
ds005953	cit_000343	https://doi.org/10.1093/cercor/bhu091	no
ds005481	cit_000149	https://doi.org/10.1038/s41592-018-0235-4	no
ds005481	cit_000215	https://reproman.readthedocs.io/en/latest/	no
ds005481	cit_000216	https://grantome.com/grant/NIH/R24-MH117179-03	no
ds005481	cit_000217	https://doi.org/10.1145/3311790.3396656	no
ds005472	cit_000149	https://doi.org/10.1038/s41592-018-0235-4	no
ds005472	cit_000215	https://reproman.readthedocs.io/en/latest/	no
ds005472	cit_000216	https://grantome.com/grant/NIH/R24-MH117179-03	no
ds005472	cit_000217	https://doi.org/10.1145/3311790.3396656	no
ds003216	cit_000904	https://doi.org/10.1002/mrm.24916	yes
ds003216	cit_000905	https://layerfmri.page.link/ISMRM2022_WB	yes
ds003216	cit_000906	https://doi.org/10.52294/001c.87961	yes
ds003216	cit_000907	https://drive.google.com/drive/folders/1Jw6FSvX8IHaFQBZncEMjnmYUggNGkwQB?usp=sharing	yes
ds002179	cit_001557	https://datadryad.org/resource/doi:10.5061/dryad.119f80q	no
ds002179	cit_001558	https://histopath.nmr.mgh.harvard.edu/100micronMRI	no
ds002179	cit_001559	doi:10.5061/dryad.119f80q	no
ds000113	cit_000390	https://www.biorxiv.org/content/early/2016/03/31/046581	no
ds000113	cit_000391	www.nature.com/articles/sdata20143	no
ds000113	cit_000392	https://www.sciencedirect.com/science/article/pii/S2352340917302056	no
ds000113	cit_000393	www.sciencedirect.com/science/article/pii/S2352340917302056	no
ds000113	cit_000394	www.biorxiv.org/content/early/2016/03/31/046573	no
ds000113	cit_000395	https://f1000research.com/articles/4-174/v1	no
ds000113	cit_000396	https://www.biorxiv.org/content/early/2016/03/31/046573	no
ds000113	cit_000397	https://www.nature.com/articles/sdata20143	no
ds000113	cit_000398	www.biorxiv.org/content/early/2016/03/31/046581	no
ds002634	cit_001319	https://elifesciences.org/articles/53232	yes
ds002634	cit_001320	doi:10.1093/cercor/bhaa182	yes
ds002634	cit_001321	https://doi.org/10.1007/s00429-020-02180-w	yes
ds002634	cit_001322	https://git.fmrib.ox.ac.uk/neichert/project_larynx](https://git.fmrib.ox.ac.uk/neichert/project_larynx/-/tree/master/	yes
ds002634	cit_001323	doi:10.1007/s00429-020-02180-w	yes
ds002634	cit_001324	https://git.fmrib.ox.ac.uk/neichert/project_variability](https://git.fmrib.ox.ac.uk/neichert/project_variability/-/tree/master/	yes
ds002634	cit_001325	https://doi.org/10.1093/cercor/bhaa182	yes
ds002634	cit_001326	https://git.fmrib.ox.ac.uk/neichert/project_msm](https://git.fmrib.ox.ac.uk/neichert/project_msm/-/tree/master/	yes
ds002634	cit_001327	doi:10.7554/eLife.53232	yes
ds002278	cit_000618	http://ircc.fiu.edu	no
ds002278	cit_000619	https://nbclab.github.io/projects/diva	no
ds002278	cit_000620	https://doi.org/10.1101/2024.04.16.589598	no
ds005752	cit_000354	doi:10.1101/2021.04.28.21256253	no
ds005752	cit_000355	https://doi.org/10.1038/s41597-022-01623-9	no
ds005752	cit_000356	doi:10.1016/j.psychres.2020.112822	no
ds005752	cit_000357	doi:10.1038/s41592-018-0235-4	no
ds005752	cit_000358	doi:10.1371/journal.pone.0184661	no
ds004131	cit_000354	doi:10.1101/2021.04.28.21256253	yes
ds004131	cit_000356	doi:10.1016/j.psychres.2020.112822	yes
ds004131	cit_000357	doi:10.1038/s41592-018-0235-4	yes
ds004131	cit_000358	doi:10.1371/journal.pone.0184661	yes
ds004130	cit_000354	doi:10.1101/2021.04.28.21256253	yes
ds004130	cit_000356	doi:10.1016/j.psychres.2020.112822	yes
ds004130	cit_000357	doi:10.1038/s41592-018-0235-4	yes
ds004130	cit_000358	doi:10.1371/journal.pone.0184661	yes
ds004129	cit_000354	doi:10.1101/2021.04.28.21256253	yes
ds004129	cit_000356	doi:10.1016/j.psychres.2020.112822	yes
ds004129	cit_000357	doi:10.1038/s41592-018-0235-4	yes
ds004129	cit_000358	doi:10.1371/journal.pone.0184661	yes
ds003020	cit_000113	www.biorxiv.org/content/10.1101/2022.09.22.509104v1.abstract?%3Fcollection=	no
ds003020	cit_000114	https://doi.org/10.1038/s41597-023-02437-z\n\nhttps://www.biorxiv.org/content/10.1101/2022.09.22.509104v1.abstract?%3Fcollection=	no
ds003020	cit_000115	doi:10.1101/2021.05.19.444701	no
ds003020	cit_000116	https://doi.org/10.1038/s41597-023-02437-z	no
ds003020	cit_000117	www.nature.com/articles/s41597-023-02437-z	no
ds003020	cit_000118	https://doi.org/10.1038/s41593-023-01304-9	no
ds003020	cit_000119	https://www.nature.com/articles/s41597-023-02437-z	no
ds002702	cit_001509	www.biorxiv.org/content/10.1101/868455v1	yes
ds002702	cit_001510	https://doi.org/10.1016/j.neuroimage.2019.02.006	yes
ds002702	cit_001511	https://www.biorxiv.org/content/10.1101/868455v1	yes
ds002702	cit_001512	https://osf.io/j2wsc	yes
ds002702	cit_001513	https://osf.io/j2wsc/	yes
ds002702	cit_001514	https://osf.io/qcpgh/	yes
ds002702	cit_001515	https://doi.org/10.1523/JNEUROSCI.2106-19.2020	yes
ds000144	cit_001665	http://journals.plos.org/plosone/article?id=10.1371/journal.pone.0116854	no
ds000144	cit_001666	http://bbrfoundation.org/	no
ds000144	cit_001667	http://www.nimh.nih.gov/	no
ds000144	cit_000417	https://mriqc.readthedocs.io/en/latest/	no
ds000144	cit_001668	www.nimh.nih.gov/	no
ds005518	cit_000482	https://www.pnas.org/doi/10.1073/pnas.2401317121	no
ds005518	cit_000483	www.frontiersin.org/journals/behavioral-neuroscience/articles/10.3389/fnbeh.2023.1147140/full	no
ds005518	cit_000484	doi:10.1073/pnas.2401317121	no
ds005518	cit_000485	www.pnas.org/doi/10.1073/pnas.2401317121	no
ds005518	cit_000486	www.frontiersin.org/journals/nutrition/articles/10.3389/fnut.2022.926875/full	no
ds005518	cit_000487	https://www.frontiersin.org/journals/nutrition/articles/10.3389/fnut.2022.926875/full	no
ds005518	cit_000488	https://www.frontiersin.org/journals/behavioral-neuroscience/articles/10.3389/fnbeh.2023.1147140/full	no
ds003834	cit_000696	https://doi.org/10.1038/s41597-020-00735-4	no
ds003834	cit_000697	https://osf.io/ehygz/	no
ds003834	cit_000698	https://afni.nimh.nih.gov/pub/dist/doc/program_help/@afni_refacer_run.html	no
ds003834	cit_000699	https://doi.org/10.1073/pnas.2110474118	no
ds003834	cit_000700	https://doi.org/10.1073/pnas.2110474118\n\nIf	no
ds003834	cit_000701	https://doi.org/10.1038/s41597-020-00735-4\n	no
ds003136	cit_001379	https://doi.org/10.1016/j.dcn.2018.01.002	yes
ds003136	cit_001380	https://nrg.wustl.edu/software/dicom-browser/	yes
ds000223	cit_000417	https://mriqc.readthedocs.io/en/latest/	yes
ds004640	cit_000555	https://datadryad.org/stash/share/aJ713eXY12ND56bzOBejVG2jmOFCD2CKxdSJsYWEHkw	no
ds004640	cit_000556	https://histopath.nmr.mgh.harvard.edu	no
ds004640	cit_000557	doi:10.71891/openneuro.ds003917.v1.0.0	no
ds003993	cit_001099	https://www.biorxiv.org/content/10.1101/2021.12.31.474501v1	no
ds003993	cit_001100	www.biorxiv.org/content/10.1101/2021.12.31.474501v1	no
ds003993	cit_000985	https://doi.org/10.6084/m9.figshare.7033577	no
ds003950	cit_001119	www.sony.com/electronics/research-award-program	yes
ds003950	cit_001120	https://www.nserc-crsng.gc.ca/index_eng.asp	yes
ds003950	cit_001121	https://www.sshrc-crsh.gc.ca/home-accueil-eng.aspx	yes
ds003950	cit_001122	https://research.samsung.com/aicenter_toronto	yes
ds003950	cit_001123	www.nserc-crsng.gc.ca/index_eng.asp	yes
ds003950	cit_001124	https://www.sony.com/electronics/research-award-program	yes
ds003950	cit_001125	www.sshrc-crsh.gc.ca/home-accueil-eng.aspx	yes
ds003876	cit_001018	https://doi.org/10.1038/s41593-021-00901-w	no
ds003876	cit_000065	https://doi.org/10.21105/joss.01896	no
ds003876	cit_001019	www.biorxiv.org/content/10.1101/2021.10.15.464594v1	no
ds003876	cit_001020	https://doi.org/10.1101/2021.10.15.464594	no
ds003876	cit_001021	https://www.nature.com/articles/s41593-021-00901-w	no
ds003876	cit_001022	https://www.biorxiv.org/content/10.1101/2021.10.15.464594v1	no
ds003876	cit_000459	https://doi.org/10.1038/s41597-019-0105-7	no
ds003876	cit_001023	www.nature.com/articles/s41593-021-00901-w	no
ds003688	cit_001044	www.nick-ramsey.eu/	no
ds003688	cit_001045	https://www.nature.com/articles/s41597-022-01173-0	no
ds003688	cit_001046	https://www.nick-ramsey.eu/	no
ds003688	cit_001047	www.biorxiv.org/content/10.1101/2021.06.09.447733	no
ds003688	cit_001048	https://www.biorxiv.org/content/10.1101/2021.06.09.447733	no
ds003688	cit_001049	www.nature.com/articles/s41597-022-01173-0	no
ds003029	cit_000892	https://www.biorxiv.org/content/10.1101/862797v3\n\ndoi:	no
ds003029	cit_000893	https://www.biorxiv.org/content/10.1101/862797v3	no
ds003029	cit_000894	www.biorxiv.org/content/10.1101/862797v3	no
ds003029	cit_000064	https://doi.org/10.1038/s41597-019-0104-8	no
ds003029	cit_000065	https://doi.org/10.21105/joss.01896	no
ds003029	cit_000459	https://doi.org/10.1038/s41597-019-0105-7	no
ds003029	cit_000895	www.biorxiv.org/content/10.1101/862797v3\n\ndoi:	no
ds003029	cit_000896	https://doi.org/10.1101/862797	no
ds000172	cit_001602	https://www.ncbi.nlm.nih.gov/pmc/articles/PMC4752279/	no
ds000172	cit_001603	www.ncbi.nlm.nih.gov/pmc/articles/PMC4752279/	no
ds000133	cit_001112	http://journals.plos.org/plosone/article?id=10.1371/journal.pone.0107145	no
ds000133	cit_001113	https://pypi.python.org/pypi/mriqc	no
ds000009	cit_001407	http://gradworks.umi.com/34/01/3401764.html	no
ds000007	cit_001550	http://www.ncbi.nlm.nih.gov/pubmed/18245044	yes
ds000007	cit_001551	www.ncbi.nlm.nih.gov/pubmed/18245044	yes
ds004192	cit_000032	https://doi.org/10.7554/eLife.82580	no
ds004192	cit_000264	https://doi.org/10.25452/figshare.plus.c.6161151.v1	no
ds004192	cit_000033	https://osf.io/jum2f/	no
ds004192	cit_000034	https://doi.org/10.1371/journal.pone.0223792	no
ds004192	cit_000035	https://things-initiative.org	no
ds004192	cit_000036	https://osf.io/f5rn6/	no
ds001590	cit_001624	https://rdcu.be/bpEQQ	yes
ds000164	cit_001658	http://www.cognitiveatlas.org/task/id/tsk_4a57abb949e27	yes
ds000164	cit_001659	www.ncbi.nlm.nih.gov/pubmed/25143543	yes
ds000164	cit_001660	https://www.ncbi.nlm.nih.gov/pubmed/25143543	yes
ds000164	cit_001661	www.cognitiveatlas.org/task/id/tsk_4a57abb949e27	yes
ds006128	cit_000022	https://www.fil.ion.ucl.ac.uk/spm/software/spm12/	no
ds006128	cit_000124	https://doi.org/10.1101/2025.05.24.655840	no
ds006128	cit_000125	https://doi.org/10.17605/OSF.IO/4DRZ6	no
ds006128	cit_000026	www.fil.ion.ucl.ac.uk/spm/software/spm12/	no
ds006012	cit_000318	https://mne.tools/mne-bids/	no
ds006012	cit_000319	https://doi.org/10.1101/2024.03.13.584141](https://doi.org/10.1101/2024.03.13.584141	no
ds006012	cit_000320	https://doi.org/10.1101/2024.03.13.584141	no
ds006012	cit_000321	https://s-m.ac/	no
ds005191	cit_000587	https://goo.gl/forms/XErJw9sBeyuOyp5Q2	no
ds005191	cit_000588	https://doi.org/10.6084/m9.figshare.25808179	no
ds005191	cit_000589	www.biorxiv.org/content/10.1101/2024.04.23.590673v1	no
ds005191	cit_000590	https://www.biorxiv.org/content/10.1101/2024.04.23.590673v1	no
ds004718	cit_000366	http://www.humanbrain.cn,	no
ds004718	cit_000367	www.ee.ic.ac.uk/hp/staff/dmb/voicebox/voicebox.html	no
ds004718	cit_000368	https://doi.org/10.1101/2024.04.24.590842	no
ds004718	cit_000369	www.humanbrain.cn,	no
ds004718	cit_000370	https://pycantonese.org/	no
ds004718	cit_000371	http://www.ee.ic.ac.uk/hp/staff/dmb/voicebox/voicebox.html	no
ds004386	cit_000921	www.sciencedirect.com/science/article/pii/S1053811923003038?via%3Dihub	no
ds004386	cit_000066	https://bids-specification.readthedocs.io/en/stable/	no
ds004386	cit_000922	https://www.sciencedirect.com/science/article/pii/S1053811923003038?via%3Dihub	no
ds004386	cit_000923	https://doi.org/10.1016/j.neuroimage.2023.120152	no
ds004386	cit_000924	https://doi.org/10.1002/hbm.26018	no
ds004386	cit_000520	https://creativecommons.org/share-your-work/public-domain/cc0/	no
ds004213	cit_001003	www.nitrc.org/projects/mri_reface	no
ds004213	cit_001004	https://doi.org/10.1002/hbm.26128	no
ds004213	cit_001005	https://www.nitrc.org/projects/mri_reface	no
ds004213	cit_001006	https://doi.org/10.1016/j.neuroimage.2021.117845,	no
ds004213	cit_001007	https://doi.org/10.1016/j.neuroimage.2022.119357	no
ds004213	cit_001008	https://doi.org/10.1002/hbm.26128**	no
ds003999	cit_000066	https://bids-specification.readthedocs.io/en/stable/	no
ds003999	cit_001033	https://bids-specification.readthedocs.io/en/stable/03-modality-agnostic-files.html#changes	no
ds003999	cit_001034	https://bids-specification.readthedocs.io/en/stable/03-modality-agnostic-files.html#participants-file	no
ds003999	cit_001035	https://bids-specification.readthedocs.io/en/stable/02-common-principles.html#single-session-example	no
ds003999	cit_001036	https://bids-specification.readthedocs.io/en/stable/03-modality-agnostic-files.html#readme	no
ds003999	cit_001037	https://bids-specification.readthedocs.io/en/stable/02-common-principles.html#tabular-files	no
ds003999	cit_001038	https://bids-specification.readthedocs.io/en/stable/03-modality-agnostic-files.html#dataset_description	no
ds003670	cit_000916	https://doi.org/10.5281/zenodo.3840615	no
ds003670	cit_000917	https://sccn.ucsd.edu/~scott/pdf/COMPTRACK.pdf	no
ds003670	cit_000918	https://doi.org/10.5281/zenodo.3840617	no
ds003670	cit_000130	https://bids.neuroimaging.io/	no
ds003670	cit_000919	http://doi.org/10.5281/zenodo.3837212	no
ds003670	cit_000920	https://zenodo.org/record/4456079	no
ds003498	cit_001245	http://crcns.org/data-sets/methods/ieeg-1	no
ds003498	cit_001246	doi:10.1038/s41598-017-13064-1	no
ds003498	cit_001247	https://www.nature.com/articles/s41598-017-13064-1	no
ds003498	cit_000065	https://doi.org/10.21105/joss.01896	no
ds003498	cit_000459	https://doi.org/10.1038/s41597-019-0105-7	no
ds003498	cit_001248	www.nature.com/articles/s41598-017-13064-1	no
ds003374	cit_001095	https://gin.g-node.org/USZ_NCH/Human_Amygdala_MUA_sEEG_FearVideo/	no
ds003374	cit_001096	https://gin.g-node.org/USZ_NCH/Human_Amygdala_MUA_sEEG_FearVideo	no
ds003374	cit_001097	https://doi.org/10.1016/j.neuroimage.2020.116705	no
ds003090	cit_001389	www.jneurosci.org/content/jneuro/39/49/9716.full.pdf	no
ds003090	cit_001390	https://www.jneurosci.org/content/jneuro/39/49/9716.full.pdf	no
ds003090	cit_001391	https://doi.org/10.1101/525386	no
ds003090	cit_001392	https://www.biorxiv.org/content/10.1101/525386v2	no
ds003090	cit_001393	www.biorxiv.org/content/10.1101/525386v2	no
ds002837	cit_000401	https://afni.nimh.nih.gov/afni/community/board/read.php?1,165243,165256#msg-165256	no
ds002837	cit_000402	https://www.nature.com/articles/s41597-020-00680-2	no
ds002837	cit_000403	www.nature.com/articles/s41597-020-00680-2	no
ds002837	cit_000404	http://naturalistic-neuroimaging-database.org/	no
ds002837	cit_000405	https://afni.nimh.nih.gov/pub/dist/doc/program_help/afni_proc.py.html	no
ds002837	cit_000406	https://neuroscout.org/	no
ds002674	cit_001267	https://doi.org/10.1016/j.cobeha.2021.01.012,	no
ds002674	cit_001268	https://doi.org/10.1038/s41598-020-77779-4	no
ds002674	cit_001269	https://doi.org/10.1016/j.neuroimage.2020.117091	no
ds002674	cit_001270	https://doi.org/10.1016/j.neuroimage.2020.117125,	no
ds002674	cit_001271	https://doi.org/10.1016/j.neuroimage.2020.117091,	no
ds002674	cit_001272	https://doi.org/10.1162/netn_a_00169,	no
ds002674	cit_001273	https://caseforge.co/	no
ds000256	cit_001534	www.sciencedirect.com/science/article/pii/S1053811918300235	no
ds000256	cit_000296	https://mriqc.readthedocs.io/en/stable/	no
ds000256	cit_001535	https://www.sciencedirect.com/science/article/pii/S1053811918300235	no
ds000244	cit_001306	http://project.inria.fr/IBC/	yes
ds000121	cit_001542	http://www.ncbi.nlm.nih.gov/pmc/articles/PMC2882823/	no
ds000121	cit_001543	doi:10.1093/cercor/bhp225	no
ds000121	cit_001544	https://docs.google.com/spreadsheets/d/1kzNxuRPnyalaG5K66ADFIavJOYfQl5OXQSmudNwc0Ak/edit#gid=896164689	no
ds000121	cit_001545	www.ncbi.nlm.nih.gov/pmc/articles/PMC2882823/	no
ds005503	cit_000069	https://doi.org/10.1038/s41562-025-02252-z	no
ds005503	cit_000070	https://doi.org/10.1038/s41562-025-02252-z][paper_link]	no
ds005503	cit_000071	https://drive.google.com/drive/folders/1ZTzbeZ1tNtBu2P6fgjbRY8-1KuY-0Kkr?usp=drive_link	no
ds004212	cit_000032	https://doi.org/10.7554/eLife.82580	no
ds004212	cit_000033	https://osf.io/jum2f/	no
ds004212	cit_000034	https://doi.org/10.1371/journal.pone.0223792	no
ds004212	cit_000035	https://things-initiative.org	no
ds004212	cit_000036	https://osf.io/f5rn6/	no
ds004194	cit_000300	https://doi.org/10.1523/JNEUROSCI.1812-21.2022	yes
ds004194	cit_000301	https://orcid.org/0000-0002-5536-6128	yes
ds004194	cit_000302	https://doi.org/10.7554/eLife.90387.1	yes
ds004194	cit_000303	https://doi.org/10.1101/2023.09.13.557378	yes
ds004080	cit_000954	https://doi.org/10.1038/s41593-023-01272-0	no
ds004080	cit_000066	https://bids-specification.readthedocs.io/en/stable/	no
ds003812	cit_001161	https://wikis.nyu.edu/pages/viewpage.action?pageId=86054639	yes
ds003812	cit_001162	https://osf.io/zrq6b/	yes
ds003812	cit_001163	https://osf.io/afs85/	yes
ds000249	cit_000296	https://mriqc.readthedocs.io/en/stable/	no
ds006248	cit_000130	https://bids.neuroimaging.io/	yes
ds006248	cit_000144	https://kite.ikim.nrw/	yes
ds006192			yes
ds006010	cit_000321	https://s-m.ac/	no
ds006010	cit_000318	https://mne.tools/mne-bids/	no
ds006010	cit_000320	https://doi.org/10.1101/2024.03.13.584141	no
ds005980	cit_000234	www.ncbi.nlm.nih.gov/pubmed/20974260	yes
ds005980	cit_000235	http://www.ncbi.nlm.nih.gov/pubmed/20974260	yes
ds005980	cit_000236	www.ncbi.nlm.nih.gov/pubmed/20079856	yes
ds005980	cit_000237	http://www.ncbi.nlm.nih.gov/pubmed/20079856	yes
ds005980	cit_000238	www.ncbi.nlm.nih.gov/pubmed/17919929	yes
ds005980	cit_000239	http://www.ncbi.nlm.nih.gov/pubmed/17919929	yes
ds005687	cit_000423	https://doi.org/10.1016/j.neuroimage.2020.116945	no
ds005687	cit_000424	https://doi.org/10.1088/1741-2552/ab9fec	no
ds005687	cit_000425	https://doi.org/10.1016/j.neuroimage.2020.116945}	no
ds005687	cit_000426	https://doi.org/10.1007/s11222-024-10411-x	no
ds005687	cit_000427	https://doi.org/10.1016/j.neuroimage.2020.116945,	no
ds005450	cit_000219	https://doi.org/10.5281/zenodo.7683282	no
ds005450	cit_000220	https://doi.org/10.1101/2024.10.02.616147	no
ds005450	cit_000221	https://bobsrepository.readthedocs.io/	no
ds005450	cit_000222	https://doi.org/10.5281/zenodo.7106148	no
ds005295	cit_000478	https://www.biorxiv.org/content/10.1101/2023.10.04.560764v2	yes
ds005295	cit_000479	https://heudiconv.readthedocs.io/en/latest/	yes
ds005295	cit_000480	www.biorxiv.org/content/10.1101/2023.10.04.560764v2	yes
ds005295	cit_000130	https://bids.neuroimaging.io/	yes
ds005295	cit_000481	https://pypi.org/project/pydeface/	yes
ds004944	cit_000665	https://doi.org/10.1016/j.clinph.2019.07.008]\n\nIf	no
ds004944	cit_000666	https://doi.org/10.1016/j.clinph.2019.07.008](https://doi.org/10.1016/j.clinph.2019.07.008	no
ds004944	cit_000667	https://doi.org/10.1038/s41467-024-47495-y]	no
ds004944	cit_000668	https://doi.org/10.1038/s41467-024-47495-y](https://doi.org/10.1038/s41467-024-47495-y	no
ds004944	cit_000669	https://doi.org/10.1016/j.clinph.2019.07.008]	no
ds004920	cit_000743	https://osf.io/preprints/psyarxiv/vqpnx	no
ds004920	cit_000744	https://doi.org/10.1101/2023.10.19.562908	no
ds004920	cit_000745	https://doi.org/10.1101/2023.10.19.563125	no
ds004920	cit_000746	https://doi.org/10.20900/jpbs.20200024	no
ds004920	cit_000747	https://doi.org/10.1101/2023.01.17.524305	no
ds004910	cit_000739	https://dsi-studio.labsolver.org/	yes
ds004910	cit_000740	https://doi.org/10.1073/pnas.2216399120	yes
ds004910	cit_000741	https://dryewu.github.io	yes
ds004910	cit_000742	https://doi.org/10.1016/j.media.2023.102789	yes
ds004889	cit_000179	https://en.wikipedia.org/wiki/International_Safe_Harbor_Privacy_Principles	no
ds004889	cit_000180	https://pubmed.ncbi.nlm.nih.gov/32310331/	no
ds004889	cit_000181	www.hhs.gov/hipaa/for-professionals/privacy/special-topics/de-identification/index.html#approachmitigate	no
ds004889	cit_000182	www.ncbi.nlm.nih.gov/pmc/articles/PMC10444746/	no
ds004889	cit_000183	https://www.hhs.gov/hipaa/for-professionals/privacy/special-topics/de-identification/index.html#approachmitigate	no
ds004889	cit_000184	https://www.ncbi.nlm.nih.gov/pmc/articles/PMC10444746/	no
ds004696	cit_000856	https://doi.org/10.1523/JNEUROSCI.2201-22.2023	yes
ds004696	cit_000066	https://bids-specification.readthedocs.io/en/stable/	yes
ds004693	cit_000559	https://osf.io/y8tx2/	no
ds004693	cit_000560	www.biorxiv.org/content/10.1101/2023.08.17.553708v2	no
ds004693	cit_000561	www.biorxiv.org/content/10.1101/2023.08.17.553708v1	no
ds004693	cit_000562	https://www.biorxiv.org/content/10.1101/2023.08.17.553708v1	no
ds004693	cit_000563	https://www.biorxiv.org/content/10.1101/2023.08.17.553708v2	no
ds004647	cit_000875	https://nrf.re.kr/	no
ds004647	cit_000876	www.snu.ac.kr/	no
ds004647	cit_000877	https://www.snu.ac.kr/	no
ds004647	cit_000878	www.msit.go.kr/	no
ds004647	cit_000879	https://bk21four.nrf.re.kr/	no
ds004647	cit_000880	https://www.msit.go.kr/	no
ds004632	cit_000883	doi:10.1038/s41598-022-08713-z	no
ds004632	cit_000884	https://doi.org/10.5281/zenodo.6803744	no
ds004632	cit_000885	doi:[10.1038/s41598-022-08713-z](https://doi.org/10.1038/s41598-022-08713-z	no
ds004632	cit_000886	https://doi.org/10.1038/s41598-022-08713-z	no
ds004632	cit_000887	https://fabien-chauveau.quarto.pub/dti-readouts-for-designing-a-preclinical-stem-cell-therapy-trial-in-experimental-stroke/	no
ds004627	cit_000540	www.medrxiv.org/content/10.1101/2022.10.11.22280962v1	yes
ds004627	cit_000541	https://www.medrxiv.org/content/10.1101/2022.10.11.22280962v1	yes
ds004627	cit_000542	https://doi.org/10.1016/j.jaac.2022.04.004	yes
ds004627	cit_000543	https://doi.org/10.1111/jcpp.13547	yes
ds003848	cit_000066	https://bids-specification.readthedocs.io/en/stable/	yes
ds003844	cit_000066	https://bids-specification.readthedocs.io/en/stable/	yes
ds003701	cit_001210	https://doi.org/10.1038/s41467-017-01000-w	no
ds003701	cit_001211	doi:10.1101/2020.12.24.424353	no
ds003701	cit_001212	doi:10.1162/netna00056	no
ds003701	cit_001213	https://www.colelab.org/	no
ds003701	cit_001214	doi:10.1523/JNEUROSCI.2559-19.2020	no
ds003701	cit_001215	www.colelab.org/	no
ds003552	cit_001281	https://doi.org/10.17605/OSF.IO/X7HNM	no
ds003552	cit_001282	https://doi.org/10.1145/3290605.3300657	no
ds003552	cit_001283	https://osf.io/x7hnm/	no
ds003552	cit_001284	https://bids.neuroimaging.io/get_involved.html#extending-the-bids-specification	no
ds003552	cit_001285	https://docs.google.com/document/d/1iaaLKgWjK5pcISD1MVxHKexB3PZWfE2aAC5HF_pCZWo/edit	no
ds003192	cit_001333	DOI:10.5281/zenodo.3470091	no
ds003192	cit_001334	https://doi.org/10.1101/2020.08.18.256479	no
ds003192	cit_001335	https://git.bcbl.eu/smoia/euskalibur_container	no
ds003037	cit_001286	https://www.sciencedirect.com/science/article/abs/pii/S2451902221000215?via%3Dihub	no
ds003037	cit_001287	https://doi.org/10.1016/j.bpsc.2021.01.003	no
ds003037	cit_001288	www.medrxiv.org/content/10.1101/2020.07.15.20154708v1	no
ds003037	cit_001289	www.sciencedirect.com/science/article/abs/pii/S2451902221000215?via%3Dihub	no
ds003037	cit_001290	https://www.medrxiv.org/content/10.1101/2020.07.15.20154708v1	no
ds003037	cit_001291	https://clinicaltrials.gov/ct2/show/NCT02986438	no
ds002737	cit_001499	https://pages.wustl.edu/dualmechanisms	no
ds002737	cit_001500	https://mvpa.blogspot.com/2017/09/yet-more-with-respiration-and-motion.html	no
ds002737	cit_001501	https://caseforge.co/,	no
ds002737	cit_001502	http://pages.wustl.edu/dualmechanisms/stroop,	no
ds002737	cit_001430	http://ccpweb.wustl.edu/	no
ds002425	cit_000273	https://goo.gl/forms/XErJw9sBeyuOyp5Q2>	no
ds002425	cit_000274	https://doi.org/10.1073/pnas.1702247114	no
ds002425	cit_000275	https://doi.org/10.1016/j.isci.2020.101060>	no
ds002425	cit_000276	https://doi.org/10.1016/j.isci.2020.101060	no
ds002425	cit_000277	https://pypi.python.org/pypi/pydeface>	no
ds002105	cit_001505	http://www.diedrichsenlab.org/imaging/mdtb.htm	yes
ds002105	cit_001506	www.diedrichsenlab.org/imaging/mdtb.htm	yes
ds001945	cit_001591	doi:10.1016/j.dib.2018.10.067	no
ds001945	cit_001592	https://www.nitrc.org/projects/mouselemuratlas	no
ds001945	cit_001593	doi:10.1016/j.neuroimage.2018.10.010	no
ds001945	cit_001594	www.nitrc.org/projects/mouselemuratlas	no
ds001945	cit_001595	www.nitrc.org/projects/mouselemuratlas;	no
ds001945	cit_001596	https://www.nitrc.org/projects/mouselemuratlas;	no
ds001734	cit_001348	www.narps.info/	no
ds001734	cit_001349	www.biorxiv.org/content/10.1101/843193v1	no
ds001734	cit_001350	https://narps.info	no
ds001734	cit_001351	https://www.biorxiv.org/content/10.1101/843193v1	no
ds001734	cit_001352	https://doi.org/10.1038/s41597-019-0113-7	no
ds001734	cit_001353	https://www.narps.info/	no
ds001705	cit_000076	www.nitrc.org/projects/nrm2018_petgc	no
ds001705	cit_000077	https://www.invicro.com:	no
ds001705	cit_000078	www.sthpetcentre.org.uk	no
ds001705	cit_000079	http://www.sthpetcentre.org.uk	no
ds001705	cit_000080	https://www.nitrc.org/projects/nrm2018_petgc	no
ds001705	cit_000081	www.invicro.com:	no
ds001399	cit_001426	https://www.mir.wustl.edu/research/research-support-facilities/center-for-clinical-imaging-research-ccir	no
ds001399	cit_001427	http://neurosynth.org/analyses/terms/reward/	no
ds001399	cit_001428	www.mir.wustl.edu/research/research-support-facilities/center-for-clinical-imaging-research-ccir	no
ds001399	cit_001429	https://doi.org/10.1016/S1053-8119(03	no
ds001399	cit_001430	http://ccpweb.wustl.edu/	no
ds001242	cit_001582	https://osf.io/zw8aj/	yes
ds001242	cit_001583	https://osf.io/v2q4y/	yes
ds001241	cit_001374	https://stedolan.github.io/jq/	no
ds000248	cit_001040	https://mne.tools/stable/overview/datasets_index.html#sample	yes
ds000248	cit_001041	https://doi.org/10.1016/j.neuroimage.2014.02.017	yes
ds000248	cit_000157	https://doi.org/10.1038/sdata.2018.110	yes
ds000248	cit_001042	http://doi.org/10.1038/sdata.2018.110	yes
ds000248	cit_000065	https://doi.org/10.21105/joss.01896	yes
ds000248	cit_001043	https://doi.org/10.3389/fnins.2013.00267	yes
ds000247	cit_000609	www.mcgill.ca/bic/resources/omega	no
ds000247	cit_000610	http://bids.neuroimaging.io	no
ds000247	cit_000611	https://doi.org/10.1016/j.neuroimage.2015.04.028	no
ds000247	cit_000157	https://doi.org/10.1038/sdata.2018.110	no
ds000247	cit_000612	https://www.mcgill.ca/bic/resources/omega	no
ds000247	cit_000613	https://omega.bic.mni.mcgill.ca	no
ds000243	cit_001536	http://www.jonathanpower.net/paper-despiking.html	yes
ds000243	cit_001537	www.jonathanpower.net/paper-despiking.html	yes
ds000243	cit_000417	https://mriqc.readthedocs.io/en/latest/	yes
ds000239	cit_001652	doi:10.1038/sdata.2014.37,	no
ds000239	cit_000417	https://mriqc.readthedocs.io/en/latest/	no
ds000239	cit_001653	http://doi.org/10.1038/sdata.2014.37,	no
ds000239	cit_001654	https://doi.org/10.6084/m9.figshare.929651_D7	no
ds000220	cit_000296	https://mriqc.readthedocs.io/en/stable/	yes
ds000220	cit_001636	http://journals.plos.org/plosone/article?id=10.1371/journal.pone.0170541	yes
ds000213	cit_001655	www.ncbi.nlm.nih.gov/pubmed/27764116	yes
ds000213	cit_001656	https://www.ncbi.nlm.nih.gov/pubmed/27764116	yes
ds000101			yes
ds000052			yes
ds005427	cit_000511	https://osf.io/g4h7y/	no
ds005427	cit_000512	https://osf.io/g4h7y/](https://osf.io/g4h7y/	no
ds005427	cit_000513	https://www.biorxiv.org/content/10.1101/2022.01.05.475102v1	no
ds005427	cit_000514	www.biorxiv.org/content/10.1101/2022.01.05.475102v1	no
ds005027	cit_000526	https://doi.org/10.1162/imag_a_00262	no
ds005027	cit_000536	https://doi.org/10.1111/j.1530-0277.2007.00605.x	no
ds005027	cit_000529	https://reporter.nih.gov/project-details/10525501	no
ds005027	cit_000537	https://reporter.nih.gov/project-details/8896367	no
ds005027	cit_000538	https://doi.org/10.1523/JNEUROSCI.1390-11.2012	no
ds004917	cit_000592	https://medicina.udd.cl/comite-etico-cientifico/	no
ds004917	cit_000593	https://osf.io/zd3g7/	no
ds004917	cit_000594	doi:10.1371/journal.pbio.3002452	no
ds004917	cit_000595	https://doi:10.1371/journal.pbio.3002452	no
ds004460	cit_000659	https://bids-specification.rtfd.io/en/stable/02-common-principles.html#the-inheritance-principle	yes
ds004460	cit_000660	https://doi.org/10.1038/s41598-021-97749-8	yes
ds004460	cit_000520	https://creativecommons.org/share-your-work/public-domain/cc0/	yes
ds002411	cit_001462	www.biorxiv.org/content/10.1101/2020.01.28.923953v1	no
ds002411	cit_001463	http://judge.u-aizu.ac.jp/onlinejudge/>	no
ds002411	cit_001464	https://www.biorxiv.org/content/10.1101/2020.01.28.923953v1	no
ds002158	cit_001336	https://doi.org/10.1073/pnas.1918335117\n\nAlso,	no
ds002158	cit_001337	https://doi.org/10.1073/pnas.1918335117	no
ds002158	cit_001338	https://osf.io/a5qmv/	no
ds002158	cit_001339	www.biorxiv.org/content/10.1101/496877v1	no
ds002158	cit_001340	https://www.biorxiv.org/content/10.1101/496877v1	no
ds000031	cit_000999	http://myconnectome.org	yes
ds000031	cit_001000	https://www.nature.com/articles/ncomms9885	yes
ds000031	cit_001001	https://doi.org/10.1016/j.neuron.2015.06.037	yes
ds000031	cit_001002	www.nature.com/articles/ncomms9885	yes
ds006266	cit_000102	https://www.id.unibe.ch/hpc	yes
ds006266	cit_000103	www.id.unibe.ch/hpc	yes
ds006266	cit_000104	https://doi.org/10.1101/2025.06.02.656652	yes
ds006265	cit_000102	https://www.id.unibe.ch/hpc	yes
ds006265	cit_000103	www.id.unibe.ch/hpc	yes
ds006265	cit_000104	https://doi.org/10.1101/2025.06.02.656652	yes
ds006018	cit_000133	https://osf.io/thsqg	no
ds006018	cit_000134	https://doi.org/10.17605/osf.io/43H75	no
ds006018	cit_000135	https://osf.io/thsqg/	no
ds006018	cit_000136	https://doi.org/10.1038/s41597-025-05209-z	no
ds006018	cit_000137	https://osf.io/47uf2	no
ds005920	cit_000288	https://www.yixi.tv/#/speech/detail?id=646	no
ds005920	cit_000289	www.yixi.tv/#/speech/detail?id=303	no
ds005920	cit_000290	www.yixi.tv/#/speech/detail?id=646	no
ds005920	cit_000291	https://www.yixi.tv/#/speech/detail?id=303	no
ds005920	cit_000292	https://doi.org/10.6084/m9.figshare.c.7734407.v1	no
ds005581	cit_000456	https://osf.io/es8zj	no
ds005581	cit_000100	https://brainlife.io/ezbids	no
ds005581	cit_000457	www.biorxiv.org/content/10.1101/2022.10.20.513126v1	no
ds005581	cit_000101	https://brainlife.io/ezbids/	no
ds005581	cit_000458	https://www.biorxiv.org/content/10.1101/2022.10.20.513126v1	no
ds005448	cit_000066	https://bids-specification.readthedocs.io/en/stable/	yes
ds005371	cit_000001	https://doi.org/10.1016/j.neuroimage.2018.10.002	no
ds005371	cit_000002	https://doi.org/10.1002/mrm.21302	no
ds005371	cit_000003	https://doi.org/10.1016/j.neuroimage.2016.07.056	no
ds005371	cit_000004	https://doi.org/10.1111/j.1749-6632.1987.tb32915.x	no
ds005371	cit_000005	https://doi.org/10.1101/2025.06.07.657685	no
ds004995	cit_000653	https://doi.org/10.1101/2021.05.24.445376	no
ds004995	cit_000157	https://doi.org/10.1038/sdata.2018.110	no
ds004995	cit_000654	https://doi.org/10.17605/OSF.IO/PWC4K	no
ds004995	cit_000065	https://doi.org/10.21105/joss.01896	no
ds004995	cit_000655	https://doi.org/10.1101/2023.06.06.543985	no
ds004952	cit_000110	https://doi.org/10.1038/s41597-024-03398-7	no
ds004952	cit_000064	https://doi.org/10.1038/s41597-019-0104-8	no
ds004952	cit_000065	https://doi.org/10.21105/joss.01896	no
ds004952	cit_000111	https://doi.org/10.1101/2024.02.08.579481	no
ds004926	cit_000066	https://bids-specification.readthedocs.io/en/stable/	yes
ds004926	cit_000736	https://doi.org/10.1101/2023.12.22.572825	yes
ds004926	cit_000520	https://creativecommons.org/share-your-work/public-domain/cc0/	yes
ds004926	cit_000737	https://osf.io/a58h9	yes
ds004670	cit_000090	https://doi.org/10.1101/2023.06.15.545037>	no
ds004670	cit_000091	https://doi.org/10.1101/2023.06.15.545037	no
ds004670	cit_000092	https://doi.org/10.1126/sciadv.adj3906	no
ds004516	cit_000108	https://doi.org/10.1093/cercor/bhad106	no
ds004477	cit_000795	www.essex.ac.uk/research-projects/adaptive-joint-cognitive-systems	no
ds004477	cit_000796	www.defense.gov/News/Releases/Release/Article/1644263/dod-announces-bari-award-for-us-uk-collaboration-on-human-machine-teaming/	no
ds004477	cit_000797	https://www.defense.gov/News/Releases/Release/Article/1644263/dod-announces-bari-award-for-us-uk-collaboration-on-human-machine-teaming/	no
ds004477	cit_000798	https://www.essex.ac.uk/research-projects/adaptive-joint-cognitive-systems	no
ds004466	cit_000200	https://academic.oup.com/cercor/article/34/11/bhae446/7901211	no
ds004466	cit_000201	https://www.nature.com/articles/s41597-023-02664-4	no
ds004466	cit_000202	www.nature.com/articles/s41597-023-02664-4	no
ds004466	cit_000203	https://doi.org/10.1038/s41597-023-02664-4	no
ds004466	cit_000204	https://osf.io/ycqgd/	no
ds004370	cit_000066	https://bids-specification.readthedocs.io/en/stable/	yes
ds004332	cit_000440	www.cimbi.dk	no
ds004332	cit_000441	https://psyarxiv.com/vzh4g	no
ds004332	cit_000442	https://www.frontiersin.org/articles/10.3389/fradi.2021.789632/full	no
ds004332	cit_000443	www.frontiersin.org/articles/10.3389/fradi.2021.789632/full	no
ds004331	cit_000976	www.biorxiv.org/content/10.1101/2022.08.12.503484v1	no
ds004331	cit_000977	https://osf.io/vsc6y/	no
ds004331	cit_000978	https://biorxiv.org/cgi/content/short/2022.08.12.503484v1	no
ds004331	cit_000979	https://www.biorxiv.org/content/10.1101/2022.08.12.503484v1	no
ds004196	cit_000908	https://www.nature.com/articles/s41597-023-02286-w	no
ds004196	cit_000909	www.biorxiv.org/content/10.1101/2022.05.24.492109v3	no
ds004196	cit_000910	www.nature.com/articles/s41597-023-02286-w	no
ds004196	cit_000911	https://www.biorxiv.org/content/10.1101/2022.05.24.492109v3	no
ds004169	cit_000935	https://www.qimrberghofer.edu.au/people/sarah-medland/	no
ds004169	cit_000936	https://doi.org/10.1016/j.neuroimage.2015.07.048	no
ds004169	cit_000937	www.qimrberghofer.edu.au/people/sarah-medland/	no
ds004169	cit_000938	https://doi.org/10.1523/JNEUROSCI.5334-10.2011\n\nFor	no
ds004169	cit_000939	https://doi.org/10.1093/cercor/bhy002\n\nFor	no
ds004097	cit_001089	https://doi.org/10.5281/zenodo.2587210,	yes
ds004097	cit_001090	https://doi.org/10.5281/zenodo.4571051	yes
ds004097	cit_001091	https://doi.org/10.1016/j.neuroimage.2013.04.127	yes
ds004044	cit_000285	https://fsl.fmrib.ox.ac.uk/fsl/fslwiki/Melview	no
ds003927	cit_000223	https://www.biorxiv.org/content/10.1101/2021.01.12.426428v3	no
ds003927	cit_000224	https://dipc.ehu.es	no
ds003927	cit_000225	www.biorxiv.org/content/10.1101/2021.01.12.426428v3	no
ds003676	cit_000344	https://www.biorxiv.org/content/10.1101/2021.05.16.444253v1.full.pdf	yes
ds003676	cit_000345	https://www.biorxiv.org/content/10.1101/2021.05.16.444253v1	yes
ds003676	cit_000346	www.biorxiv.org/content/10.1101/2021.05.16.444253v1.full.pdf	yes
ds003676	cit_000347	www.biorxiv.org/content/10.1101/2021.05.16.444253v1	yes
ds003642	cit_000304	https://search.kg.ebrains.eu/instances/Dataset/2b24466d-f1cd-4b66-afa8-d70a6755ebea	yes
ds003642	cit_000305	www.biorxiv.org/content/10.1101/2020.07.07.191536v2	yes
ds003642	cit_000306	https://www.biorxiv.org/content/10.1101/2020.07.07.191536v2	yes
ds003642	cit_000307	https://rocknroll87q.github.io/cerebrum7t/	yes
ds003563	cit_001254	www.nature.com/articles/sdata201732	no
ds003563	cit_001255	https://doi.org/10.24352/ub.ovgu-2020-145	no
ds003563	cit_001256	https://doi.org/10.5061/dryad.38s74	no
ds003563	cit_001257	https://www.nature.com/articles/sdata201732	no
ds003563	cit_001258	https://doi.org/10.24352/ub.ovgu-2017-001	no
ds003542	cit_001297	Doi:10.1016/j.neuroimage.2019.116040	no
ds003542	cit_001295	Doi:10.1523/JNEUROSCI.0851-20.2020	no
ds003542	cit_001296	https://doi.org/10.1523/JNEUROSCI.0851-20.2020	no
ds003542	cit_001298	https://doi.org/10.1016/j.neuroimage.2019.116040\nhttps://doi.org/10.1523/JNEUROSCI.0851-20.2020	no
ds003542	cit_001299	https://doi.org/10.1016/j.neuroimage.2019.116040	no
ds003430	cit_001170	https://www.biorxiv.org/content/10.1101/2020.12.27.424510v1	no
ds003430	cit_000277	https://pypi.python.org/pypi/pydeface>	no
ds003430	cit_001171	www.biorxiv.org/content/10.1101/2020.12.27.424510v1	no
ds003358	cit_000231	https://cogcommscience.com/;	yes
ds003358	cit_000232	https://osf.io/bxvhr/?view_only=86851ec1f80a4a9e8198d43c8a50d738	yes
ds003358	cit_000233	https://osf.io/bxvhr/	yes
ds003325	cit_001366	www.nature.com/articles/s41593-018-0113-5	no
ds003325	cit_001367	doi:10.1101/2020.05.24.107177	no
ds003325	cit_001368	https://www.nature.com/articles/s41593-018-0113-5	no
ds003325	cit_001369	https://doi.org/10.1101/2020.05.24.107177	no
ds003325	cit_000109	https://doi.org/10.5281/zenodo.3818615	no
ds003017	cit_000696	https://doi.org/10.1038/s41597-020-00735-4	no
ds003017	cit_001264	www.nature.com/articles/s41597-020-00735-4	no
ds003017	cit_001265	https://doi.org/10.5281/zenodo.3942173	no
ds003017	cit_001266	https://www.nature.com/articles/s41597-020-00735-4	no
ds002393	cit_001447	www.spinalcordmri.org/2017/04/28/workshop.html	no
ds002393	cit_001448	http://www.spinalcordmri.org/2017/04/28/workshop.html	no
ds002393	cit_001449	https://www.neuro.polymtl.ca/people/julien_cohenadad	no
ds002393	cit_001450	www.neuro.polymtl.ca/people/julien_cohenadad	no
ds002336	cit_000359	https://doi.org/https://doi.org/10.1101/862375	no
ds002336	cit_000360	https://doi.org/10.1101/862375	no
ds002336	cit_000361	https://doi.org/10.3389/fnins.2017.00140	no
ds002336	cit_000362	https://doi.org/10.3389/fnhum.2017.00193	no
ds002080	cit_000694	https://www.eneuro.org/content/5/3/ENEURO.0083-18.2018	yes
ds002080	cit_000680	https://pubmed.ncbi.nlm.nih.gov/32194282/	yes
ds002080	cit_000358	doi:10.1371/journal.pone.0184661	yes
ds002080	cit_000695	www.eneuro.org/content/5/3/ENEURO.0083-18.2018	yes
ds001919	cit_001447	www.spinalcordmri.org/2017/04/28/workshop.html	no
ds001919	cit_001448	http://www.spinalcordmri.org/2017/04/28/workshop.html	no
ds001919	cit_001449	https://www.neuro.polymtl.ca/people/julien_cohenadad	no
ds001919	cit_001450	www.neuro.polymtl.ca/people/julien_cohenadad	no
ds000255	cit_000296	https://mriqc.readthedocs.io/en/stable/	no
ds000255	cit_000277	https://pypi.python.org/pypi/pydeface>	no
ds000245	cit_000296	https://mriqc.readthedocs.io/en/stable/	yes
ds000231	cit_001314	doi:10.1016/j.cub.2013.04.001	yes
ds000231	cit_000417	https://mriqc.readthedocs.io/en/latest/	yes
ds000216	cit_001565	www.ncbi.nlm.nih.gov/pmc/articles/PMC5333818/	yes
ds000216	cit_001566	https://www.ncbi.nlm.nih.gov/pmc/articles/PMC5333818/	yes
ds000206	cit_001433	www.pubmedcentral.nih.gov/articlerender.fcgi?artid=3623569},	yes
ds000206	cit_001434	http://www.pubmedcentral.nih.gov/articlerender.fcgi?artid=3623569},	yes
ds000206	cit_001435	http://www.ncbi.nlm.nih.gov/pubmed/23075313	yes
ds000206	cit_001436	http://online.liebertpub.com/doi/abs/10.1089/brain.2012.0112	yes
ds000206	cit_001437	www.ncbi.nlm.nih.gov/pubmed/23075313	yes
ds000201	cit_000799	http://www.stressforskning.su.se/polopoly_fs/1.238736.1433421769!/menu/standard/file/Sandra%20SSC%202014.pdf	yes
ds000201	cit_000800	https://osf.io/bxfsb/	yes
ds000201	cit_000801	www.stressforskning.su.se/polopoly_fs/1.238736.1433421769!/menu/standard/file/Sandra%20SSC%202014.pdf	yes
ds000174	cit_001600	https://www.ncbi.nlm.nih.gov/pmc/articles/PMC4880314/	no
ds000174	cit_001601	www.ncbi.nlm.nih.gov/pmc/articles/PMC4880314/	no
ds000120	cit_001662	http://www.sciencedirect.com/science/article/pii/S1878929311000612	no
ds000120	cit_001663	doi:10.1016/j.dcn.2011.06.004	no
ds000120	cit_001664	www.sciencedirect.com/science/article/pii/S1878929311000612	no
ds004796	cit_000073	www.nature.com/articles/s41597-024-03106-5	no
ds004796	cit_000074	https://www.nature.com/articles/s41597-024-03106-5	no
ds004796	cit_000075	https://doi.org/10.1038/s41597-024-03106-5	no
ds004094	cit_001072	https://doi.org/10.1162/jocn_a_01864	yes
ds004094	cit_001073	https://doi.org/10.5281/zenodo.4793426	yes
ds004094	cit_001074	https://doi.org/10.1101/2021.10.12.462707	yes
ds004012	cit_000773	http://usmrewardantirewardteam.com/neuroquran-research-group	yes
ds004012	cit_000157	https://doi.org/10.1038/sdata.2018.110	yes
ds004012	cit_000065	https://doi.org/10.21105/joss.01896	yes
ds004012	cit_000774	doi:10.1007/978-981-287-778-9_15	yes
ds003846	cit_000266	https://iopscience.iop.org/article/10.1088/1741-2552/ac69bc/meta	yes
ds003846	cit_000267	www.tu.berlin/bpn	yes
ds003846	cit_000268	https://www.tu.berlin/bpn	yes
ds003846	cit_000269	https://dl.acm.org/doi/abs/10.1145/3290605.3300657	yes
ds003684	cit_000684	www.biorxiv.org/content/10.1101/2020.12.17.423254v3\\	yes
ds003684	cit_000685	https://www.biorxiv.org/content/10.1101/2020.12.17.423254v3	yes
ds003684	cit_000686	https://www.biorxiv.org/content/10.1101/2020.12.17.423254v3\\	yes
ds003684	cit_000687	www.biorxiv.org/content/10.1101/2020.12.17.423254v3	yes
ds002790	cit_001025	https://nilab-uva.github.io/AOMIC.github.io/	yes
ds002790	cit_001026	https://www.biorxiv.org/content/10.1101/2020.06.16.155317v1	yes
ds002790	cit_001027	www.biorxiv.org/content/10.1101/2020.06.16.155317v1	yes
ds002785	cit_001025	https://nilab-uva.github.io/AOMIC.github.io/	yes
ds002785	cit_001026	https://www.biorxiv.org/content/10.1101/2020.06.16.155317v1	yes
ds002785	cit_001027	www.biorxiv.org/content/10.1101/2020.06.16.155317v1	yes
ds001787	cit_000142	https://www.ncbi.nlm.nih.gov/pubmed/27815577	no
ds001787	cit_000143	www.ncbi.nlm.nih.gov/pubmed/27815577	no
ds001771	cit_001626	www.doi.org/10.18112/openneuro.ds001771.v1.0.2	no
ds001771	cit_001627	http://www.doi.org/10.18112/openneuro.ds001771.v1.0.2	no
ds001771	cit_001623	http://irmf.int.univ-amu.fr/	no
ds000217	cit_001375	http://biorxiv.org/content/early/2017/01/10/099226	yes
ds000217	cit_000417	https://mriqc.readthedocs.io/en/latest/	yes
ds006184			yes
ds006126	cit_000210	https://example.com/source_dataset	no
ds006126	cit_000064	https://doi.org/10.1038/s41597-019-0104-8	no
ds006126	cit_000211	https://example.com/publication	no
ds006126	cit_000065	https://doi.org/10.21105/joss.01896	no
ds006001	cit_000325	https://histopath.nmr.mgh.harvard.edu/images/?page=images&selectionType=collection&selectionId=50	no
ds005892	cit_000066	https://bids-specification.readthedocs.io/en/stable/	yes
ds005892	cit_000298	https://www.michaeljfox.org	yes
ds005892	cit_000299	www.michaeljfox.org	yes
ds005594	cit_000453	https://doi.org/10.1101/2024.11.11.622929	no
ds005594	cit_000454	https://gin.g-node.org/JackEdTaylor/lettersim-ot-rsa	no
ds005594	cit_000064	https://doi.org/10.1038/s41597-019-0104-8	no
ds005594	cit_000065	https://doi.org/10.21105/joss.01896	no
ds005555	cit_000138	www.bitbrain.com	no
ds005555	cit_000139	https://www.bitbrain.com	no
ds005422	cit_000515	https://github-pages.ucl.ac.uk/NextBrain	yes
ds005422	cit_000516	https://github-pages.ucl.ac.uk/NextBrain/	yes
ds005115	cit_000476	https://doi.org/10.1101/2024.04.10.588906	no
ds005115	cit_000477	https://doi.org/10.1523/JNEUROSCI.1856-23.2024	no
ds005065	cit_000630	https://osf.io/preprints/psyarxiv/kb6ew	no
ds004998	cit_000157	https://doi.org/10.1038/sdata.2018.110	no
ds004998	cit_000065	https://doi.org/10.21105/joss.01896	no
ds004998	cit_000506	https://doi.org/10.1038/s41597-024-03768-1	no
ds004965	cit_000639	https://osf.io/phx9d/	no
ds004965	cit_000640	https://orcid.org/0000-0002-8334-0574	no
ds004965	cit_000641	https://orcid.org/0000-0003-3195-4555	no
ds004958	cit_000658	https://freesurfer.net/	no
ds004909	cit_000752	https://harrisonritz.github.io;	yes
ds004909	cit_000753	https://harrisonritz.github.io	yes
ds004872	cit_000656	https://doi.org/10.31234/osf.io/qzdbu	no
ds004830	cit_000038	https://www.frontiersin.org/journals/human-neuroscience/articles/10.3389/fnhum.2024.1329086/full\n	no
ds004830	cit_000039	www.frontiersin.org/journals/human-neuroscience/articles/10.3389/fnhum.2024.1329086/full	no
ds004830	cit_000040	https://www.frontiersin.org/journals/human-neuroscience/articles/10.3389/fnhum.2024.1329086/full	no
ds004830	cit_000041	www.frontiersin.org/journals/human-neuroscience/articles/10.3389/fnhum.2024.1329086/full\n	no
ds004725	cit_000830	https://doi.org/10.1002/sim.7039	yes
ds004725	cit_000831	http://www.dnagenotek.com/ROW/products/OG500.html	yes
ds004725	cit_000832	https://osf.io/wn7sj/	yes
ds004725	cit_000833	www.dnagenotek.com/ROW/products/OG500.html	yes
ds004715	cit_000781	www.biorxiv.org/content/10.1101/2023.10.27.564326v1	no
ds004715	cit_000782	www.biorxiv.org/content/make.up.the.doi.link.here	no
ds004715	cit_000783	https://www.biorxiv.org/content/make.up.the.doi.link.here	no
ds004715	cit_000784	https://www.biorxiv.org/content/10.1101/2023.10.27.564326v1	no
ds004572	cit_000173	https://osf.io/preprints/psyarxiv/k3h5f	no
ds004572	cit_000174	https://www.nature.com/articles/s41598-024-56633-x	no
ds004572	cit_000175	https://doi.org/10.17605/OSF.IO/WVHDA	no
ds004572	cit_000176	www.nature.com/articles/s41598-024-56633-x	no
ds004509	cit_000955	https://www.biorxiv.org/content/10.1101/2022.06.20.496863v1	yes
ds004509	cit_000956	www.biorxiv.org/content/10.1101/2022.06.20.496863v1	yes
ds004509	cit_000957	https://doi.org/10.1101/2022.06.20.496863	yes
ds004509	cit_000958	doi:https://doi.org/10.1101/2022.06.20.496863	yes
ds004499	cit_000748	https://doi.org/10.58071/njhx-b011	no
ds004499	cit_000749	https://mafil.ceitec.cz	no
ds004499	cit_000750	www.eurobioimaging.eu	no
ds004499	cit_000751	http://mafil.ceitec.cz	no
ds004469	cit_000501	https://doi.org/10.1371/journal.pone.0295142	yes
ds004469	cit_000502	https://www.medrxiv.org/content/10.1101/2022.08.02.22278343v1	yes
ds004469	cit_000503	http://personal.inb.unam.mx/lconcha/	yes
ds004469	cit_000504	www.medrxiv.org/content/10.1101/2022.08.02.22278343v1	yes
ds004441	cit_000963	https://doi.org/10.1016/j.neuroimage.2020.117498;	no
ds004441	cit_000964	https://onlinelibrary.wiley.com/doi/full/10.1002/mrm.29495	no
ds004441	cit_000965	https://doi.org/10.1016/j.neuroimage.2020.117498	no
ds004441	cit_000966	https://doi.org/10.1002/mrm.29495	no
ds004395	cit_000470	https://memory.psych.upenn.edu/PEERS	no
ds004395	cit_000064	https://doi.org/10.1038/s41597-019-0104-8	no
ds004395	cit_000471	https://psyarxiv.com/bu5x8/	no
ds004395	cit_000065	https://doi.org/10.21105/joss.01896	no
ds004323	cit_000496	https://arxiv.org/abs/1509.06461	no
ds004323	cit_000497	https://arxiv.org/abs/2107.12544v1	no
ds004323	cit_000498	www.biorxiv.org/content/10.1101/2022.06.14.496001v1	no
ds004323	cit_000499	https://www.biorxiv.org/content/10.1101/2022.06.14.496001v1	no
ds004229	cit_000157	https://doi.org/10.1038/sdata.2018.110	yes
ds004229	cit_000786	https://doi.org/10.1016/j.nicl.2021.102578	yes
ds004229	cit_000065	https://doi.org/10.21105/joss.01896	yes
ds004229	cit_000787	https://doi.org/10.3390/ijerph19031180	yes
ds004161	cit_001057	https://www6.val-de-loire.inrae.fr/pixanim	no
ds004161	cit_001058	www.nitrc.org/projects/tsbta_2019/	no
ds004161	cit_001059	https://www.nitrc.org/projects/tsbta_2019/	no
ds004142	cit_001060	https://www.frontiersin.org/articles/10.3389/fnhum.2020.578119/full	no
ds004142	cit_001061	www.braintrainproject.eu	no
ds004142	cit_001062	https://doi.org/10.3389/fnhum.2020.578119	no
ds004142	cit_001063	www.frontiersin.org/articles/10.3389/fnhum.2020.578119/full	no
ds004141	cit_000169	www.sciencedirect.com/science/article/pii/S0306452219301332	no
ds004141	cit_000170	https://doi.org/10.1016/j.neuroscience.2019.02.024	no
ds004141	cit_000171	doi:https://doi.org/10.1016/j.neuroscience.2019.02.024	no
ds004141	cit_000172	https://www.sciencedirect.com/science/article/pii/S0306452219301332	no
ds004116	cit_001087	https://osf.io/emq4b/	no
ds004114	cit_001087	https://osf.io/emq4b/	no
ds004068	cit_000066	https://bids-specification.readthedocs.io/en/stable/	no
ds004068	cit_001039	https://doi.org/10.1101/2021.07.27.454049	no
ds004068	cit_000520	https://creativecommons.org/share-your-work/public-domain/cc0/	no
ds003988	cit_000460	https://doi.org/10.1016/j.jneuroling.2018.03.005	yes
ds003988	cit_000461	http://blclab.org/reading_brain	yes
ds003988	cit_000462	https://doi.org/10.1038/s41598-019-47176-7	yes
ds003988	cit_000463	https://doi.org/10.1007/s11145-017-9781-x	yes
ds003974	cit_000460	https://doi.org/10.1016/j.jneuroling.2018.03.005	yes
ds003974	cit_000461	http://blclab.org/reading_brain	yes
ds003974	cit_000462	https://doi.org/10.1038/s41598-019-47176-7	yes
ds003974	cit_000463	https://doi.org/10.1007/s11145-017-9781-x	yes
ds003959	cit_001114	doi:https://doi.org/10.1101/2021.08.11.455923	no
ds003959	cit_001115	https://doi.org/10.1101/2021.08.11.455923	no
ds003959	cit_001116	https://www.biorxiv.org/content/10.1101/2021.08.11.455923v1.full	no
ds003959	cit_001117	www.biorxiv.org/content/10.1101/2021.08.11.455923v1.full	no
ds003929	cit_001092	doi:10.3389/fnins.2018.00548	no
ds003872	cit_000460	https://doi.org/10.1016/j.jneuroling.2018.03.005	yes
ds003872	cit_000461	http://blclab.org/reading_brain	yes
ds003872	cit_000462	https://doi.org/10.1038/s41598-019-47176-7	yes
ds003872	cit_000463	https://doi.org/10.1007/s11145-017-9781-x	yes
ds003766	cit_000674	https://doi.org/10.1038/s41597-022-01538-5	no
ds003766	cit_000064	https://doi.org/10.1038/s41597-019-0104-8	no
ds003766	cit_000065	https://doi.org/10.21105/joss.01896	no
ds003716	cit_000556	https://histopath.nmr.mgh.harvard.edu	no
ds003540	cit_001274	www.sciencedirect.com/science/article/pii/S1053811921002421	no
ds003540	cit_001275	https://www.sciencedirect.com/science/article/pii/S1053811921002421	no
ds003520	cit_001250	https://doi.org/10.1016/j.neuroimage.2020.117498,	no
ds003520	cit_001251	https://arxiv.org/abs/2001.09857	no
ds003520	cit_001252	https://doi.org/10.3389/fnins.2021.602170	no
ds003520	cit_000963	https://doi.org/10.1016/j.neuroimage.2020.117498;	no
ds003097	cit_001025	https://nilab-uva.github.io/AOMIC.github.io/	yes
ds003097	cit_001026	https://www.biorxiv.org/content/10.1101/2020.06.16.155317v1	yes
ds003097	cit_001027	www.biorxiv.org/content/10.1101/2020.06.16.155317v1	yes
ds003004	cit_000852	https://sccn.ucsd.edu/~julie/AlphaIMposter.pdf	no
ds003004	cit_000853	https://doi.org/10.1109/ACII.2013.160	no
ds003004	cit_000854	https://doi.org/10.1016/j.neuroimage.2022.118873	no
ds003004	cit_000855	https://doi.org/10.3389/neuro.09.061.2009	no
ds002741	cit_001127	www.cs.binghamton.edu/~lijun/Research/3DFE/3DFE_Analysis.html	yes
ds002741	cit_001128	https://www.dropbox.com/sh/87bsb74t0lpakr2/AADFvJs7G3uzYP80pL2QLGKxa?dl=0	yes
ds002741	cit_001129	http://www.cs.binghamton.edu/~lijun/Research/3DFE/3DFE_Analysis.html	yes
ds002741	cit_001130	www.dropbox.com/sh/87bsb74t0lpakr2/AADFvJs7G3uzYP80pL2QLGKxa?dl=0	yes
ds002726	cit_001452	www.ncbi.nlm.nih.gov/pubmed/XXXXXXXXX	no
ds002726	cit_001453	https://www.ncbi.nlm.nih.gov/pubmed/XXXXXXXXX	no
ds002726	cit_001495	https://www.ncbi.nlm.nih.gov/pubmed/XXXXXXXXXX\	no
ds002726	cit_001496	www.ncbi.nlm.nih.gov/pubmed/XXXXXXXXXX\	no
ds002574	cit_001454	https://osf.io/5bmdn/	no
ds002574	cit_001455	https://doi.org/10.1016/j.cub.2019.04.012	no
ds002574	cit_001456	https://doi.org/10.1093/cercor/bhz323	no
ds002550	cit_001108	https://www.rogue-research.com/tms/brainsight-tms/	yes
ds002550	cit_001109	www.rogue-research.com/tms/brainsight-tms/	yes
ds002550	cit_001110	https://www.biorxiv.org/content/early/2018/03/16/283234	yes
ds002550	cit_001111	www.biorxiv.org/content/early/2018/03/16/283234	yes
ds002338	cit_000359	https://doi.org/https://doi.org/10.1101/862375	no
ds002338	cit_000361	https://doi.org/10.3389/fnins.2017.00140	no
ds002338	cit_000915	https://doi.org/10.1101/397729	no
ds002014	cit_001471	https://doi.org/10.1101/725671	no
ds001928	cit_001561	www.biorxiv.org/content/10.1101/230243v1	yes
ds001928	cit_001562	https://egarza.github.io	yes
ds001928	cit_001563	https://doi.org/10.1101/230243	yes
ds001928	cit_001564	https://www.biorxiv.org/content/10.1101/230243v1	yes
ds001927	cit_001064	https://doi.org/10.1126/sciadv.aay2739.\n	no
ds001927	cit_001065	https://www.biorxiv.org/content/10.1101/639237v1	no
ds001927	cit_001066	www.biorxiv.org/content/10.1101/639237v1	no
ds001784	cit_001475	http://doi.org/10.1016/j.biopsych.2015.10.029	yes
ds001784	cit_001476	https://doi.org/10.1038/s41467-019-09557-4	yes
ds001344	cit_001642	https://neurovault.org/collections/3264/	no
ds001344	cit_001643	www.biorxiv.org/content/early/2017/12/14/233783	no
ds001344	cit_001644	https://www.biorxiv.org/content/early/2017/12/14/233783	no
ds001302	cit_001525	https://www.researchgate.net/profile/Tyler_Davis7/publication/322852257_Model-based_fMRI_Reveals_Dissimilarity_Processes_Underlying_Base_Rate_Neglect/links/5a729e9a0f7e9b20d48e19bc/Model-based-fMRI-Reveals-Dissimilarity-Processes-Underlying-Base-Rate-Neglect.pdf	yes
ds001302	cit_001526	https://www.biorxiv.org/content/biorxiv/early/2017/11/29/130716.full.pdf	yes
ds001302	cit_001527	www.biorxiv.org/content/biorxiv/early/2017/11/29/130716.full.pdf	yes
ds001302	cit_001528	www.researchgate.net/profile/Tyler_Davis7/publication/322852257_Model-based_fMRI_Reveals_Dissimilarity_Processes_Underlying_Base_Rate_Neglect/links/5a729e9a0f7e9b20d48e19bc/Model-based-fMRI-Reveals-Dissimilarity-Processes-Underlying-Base-Rate-Neglect.pdf	yes
ds001293	cit_001530	www.sciencedirect.com/science/article/pii/S2352340917302056?via%3Dihub	no
ds001293	cit_000610	http://bids.neuroimaging.io	no
ds001293	cit_001531	https://www.sciencedirect.com/science/article/pii/S2352340917302056?via%3Dihub	no
ds001226	cit_000680	https://pubmed.ncbi.nlm.nih.gov/32194282/	yes
ds001226	cit_000681	https://doi.org/10.1523/ENEURO.0083-18.2018	yes
ds001132	cit_001611	www.nature.com/articles/nn.4450	no
ds001132	cit_001612	https://www.nature.com/neuro/journal/v20/n1/full/nn.4450.html	no
ds001132	cit_001613	https://www.nature.com/articles/nn.4450	no
ds001132	cit_001614	www.nature.com/neuro/journal/v20/n1/full/nn.4450.html	no
ds000258	cit_000295	https://www.jonathanpower.net/paper-multiecho.html	no
ds000258	cit_000296	https://mriqc.readthedocs.io/en/stable/	no
ds000258	cit_000297	www.jonathanpower.net/paper-multiecho.html	no
ds000254	cit_000296	https://mriqc.readthedocs.io/en/stable/	yes
ds000253	cit_000296	https://mriqc.readthedocs.io/en/stable/	no
ds000238	cit_000296	https://mriqc.readthedocs.io/en/stable/	no
ds000237	cit_000417	https://mriqc.readthedocs.io/en/latest/	yes
ds000236	cit_000417	https://mriqc.readthedocs.io/en/latest/	yes
ds000235	cit_000417	https://mriqc.readthedocs.io/en/latest/	yes
ds000234	cit_000417	https://mriqc.readthedocs.io/en/latest/	yes
ds000233	cit_001492	https://snastase.github.io/datasets/ds000233	no
ds000233	cit_001493	https://doi.org/10.1093/cercor/bhx138\n\nNastase,	no
ds000233	cit_001494	https://doi.org/10.3389/fnins.2018.00316	no
ds000222	cit_000417	https://mriqc.readthedocs.io/en/latest/	yes
ds000158	cit_000972	http://www.ncbi.nlm.nih.gov/pubmed/26116964	no
ds000158	cit_000973	www.ncbi.nlm.nih.gov/pubmed/26116964	no
ds000157	cit_001405	www.ncbi.nlm.nih.gov/pubmed/23578759	no
ds000157	cit_001406	http://www.ncbi.nlm.nih.gov/pubmed/23578759	no
ds000138	cit_001669	www.ncbi.nlm.nih.gov/pubmed/25372292	yes
ds000138	cit_001670	https://www.ncbi.nlm.nih.gov/pubmed/25372292	yes
ds000119	cit_001546	http://cercor.oxfordjournals.org/content/18/11/2505.short	no
ds000119	cit_001547	doi:10.1093/cercor/bhn012	no
ds000115	cit_001548	www.ncbi.nlm.nih.gov/pmc/articles/PMC3358772/	no
ds000115	cit_001549	https://www.ncbi.nlm.nih.gov/pmc/articles/PMC3358772/	no
ds000053	cit_000417	https://mriqc.readthedocs.io/en/latest/	no
ds006239	cit_000094	https://osf.io/eh7t9/	yes
ds006239	cit_000095	https://osf.io/ps6hn	yes
ds006239	cit_000096	https://osf.io/zx2y9/	yes
ds005413	cit_000208	https://doi.org/10.1101/2024.10.10.617570\n(paper	no
ds005413	cit_000209	https://doi.org/10.1101/2024.10.10.617570	no
ds005340	cit_000448	https://doi.org/10.1101/2024.07.12.603125	no
ds005340	cit_000449	https://doi.org/10.1121/10.0034329	no
ds005207	cit_000339	https://orcid.org/0000-0002-7360-8629	no
ds005207	cit_000584	https://doi.org/10.1111/jsr.12786	no
ds005207	cit_000340	https://bids-specification.readthedocs.io/en/stable/01-introduction.html	no
ds005185	cit_000388	https://doi.org/10.1038/s41598-019-53115-3	no
ds005185	cit_000339	https://orcid.org/0000-0002-7360-8629	no
ds005185	cit_000389	https://doi.org/10.3389/fncom.2021.565244	no
ds005178	cit_000338	https://orcid.org/0000-0001-8628-8057	no
ds005178	cit_000339	https://orcid.org/0000-0002-7360-8629	no
ds005178	cit_000340	https://bids-specification.readthedocs.io/en/stable/01-introduction.html	no
ds005106	cit_000335	https://doi.org/10.1038/s41597-025-04744-z	yes
ds005106	cit_000336	https://osf.io/preprints/psyarxiv/dzrkq	yes
ds005106	cit_000337	https://doi.org/10.31234/osf.io/dzrkq	yes
ds004977	cit_000601	https://doi.org/10.1016/j.jneumeth.2024.110153	yes
ds004977	cit_000602	https://doi.org/10.48550/arXiv.2310.00185	yes
ds004817	cit_000808	https://osf.io/7zhwp/	no
ds004817	cit_000809	https://doi.org/10.51628/001c.19129	no
ds004817	cit_000810	https://doi.org/10.51628/001c.21174	no
ds004816	cit_000808	https://osf.io/7zhwp/	no
ds004816	cit_000809	https://doi.org/10.51628/001c.19129	no
ds004816	cit_000810	https://doi.org/10.51628/001c.21174	no
ds004692	cit_000859	https://doi.org/10.1016/j.neuroimage.2023.120307	no
ds004692	cit_000860	https://neurovault.org/collections/15078/	no
ds004692	cit_000861	https://osf.io/nt4jk/	no
ds004398	cit_000967	https://osf.io/szjxp/	no
ds004398	cit_000968	https://doi.org/10.1101/2021.11.08.467745	no
ds004128	cit_001069	www.pnas.org/doi/10.1073/pnas.2116944119	no
ds004128	cit_001070	https://www.pnas.org/doi/10.1073/pnas.2116944119	no
ds004128	cit_001071	https://osf.io/qkrhm/	no
ds004103	cit_000082	https://www.biorxiv.org/content/10.1101/2021.07.11.451985v1	no
ds004103	cit_000083	www.biorxiv.org/content/10.1101/2021.07.11.451985v1	no
ds004086	cit_001076	https://osf.io/ctvsw/	no
ds004086	cit_001077	https://doi.org/10.1152/jn.01029.2005	no
ds004086	cit_001078	https://doi.org/26/21/5835	no
ds004073	cit_000824	https://osf.io/zg8nx/	yes
ds004073	cit_000825	https://osf.io/g9tqh/	yes
ds004073	cit_000826	https://open.win.ox.ac.uk/protocols/stable/8307b825-3fba-44fb-a930-7dea244a0f5c	yes
ds003835	cit_000688	https://doi.org/10.1073/pnas.2117625118	yes
ds003835	cit_000689	www.biorxiv.org/content/10.1101/2020.09.29.319418v4	yes
ds003835	cit_000690	https://www.biorxiv.org/content/10.1101/2020.09.29.319418v4	yes
ds003764	cit_000727	https://doi.org/10.1101/2021.01.25.428107\n	no
ds003764	cit_000728	https://doi.org/10.1016/j.dib.2023.108972\nand	no
ds003764	cit_000729	doi:10.1016/j.neuroimage.2021.118565	no
ds003708	cit_001216	www.biorxiv.org/content/10.1101/2021.01.24.428020v1.full	no
ds003708	cit_001217	https://doi.org/10.1101/2021.01.24.428020	no
ds003708	cit_001218	https://www.biorxiv.org/content/10.1101/2021.01.24.428020v1.full	no
ds003569	cit_001278	http://www.fil.ion.ucl.ac.uk/spm/software/spm12/	no
ds003569	cit_001279	http://surfer.nmr	no
ds003569	cit_000026	www.fil.ion.ucl.ac.uk/spm/software/spm12/	no
ds003242	cit_001371	https://osf.io/cwg9e/	yes
ds003242	cit_001372	https://www.pexels.com/	yes
ds003242	cit_001373	www.pexels.com/	yes
ds002761	cit_000548	https://doi.org/10.1101/758185	no
ds002761	cit_000549	https://osf.io/qaewv/	no
ds002738	cit_001135	https://doi.org/10.1101/158964	no
ds002738	cit_001136	https://osf.io/vdswa/	no
ds002351	cit_001278	http://www.fil.ion.ucl.ac.uk/spm/software/spm12/	no
ds002351	cit_001279	http://surfer.nmr	no
ds002351	cit_000026	www.fil.ion.ucl.ac.uk/spm/software/spm12/	no
ds000214	cit_001657	https://wellcomeopenresearch.org/articles/1-33/v1	yes
ds006334	cit_000099	https://doi.org/10.1523/JNEUROSCI.1797-24.2025	no
ds006317	cit_000064	https://doi.org/10.1038/s41597-019-0104-8	no
ds006317	cit_000065	https://doi.org/10.21105/joss.01896	no
ds006243	cit_000093	https://osf.io/2sx3v/	no
ds006211	cit_000100	https://brainlife.io/ezbids	no
ds006211	cit_000101	https://brainlife.io/ezbids/	no
ds006211	cit_000162	https://doi.org/10.1101/2025.02.10.636597	no
ds006189			yes
ds006188			yes
ds006185	cit_000149	https://doi.org/10.1038/s41592-018-0235-4	no
ds006182	cit_000151	https://www.nature.com/articles/s41592-021-01185-5#citeas	no
ds006182	cit_000152	www.nature.com/articles/s41592-021-01185-5#citeas	no
ds006169	cit_000145	https://osf.io/axz5r/	no
ds006169	cit_000146	https://doi.org/10.1101/2024.06.29.601366	no
ds006142	cit_000126	https://doi.org/10.1145/3206025.3206056	no
ds006142	cit_000064	https://doi.org/10.1038/s41597-019-0104-8	no
ds006142	cit_000065	https://doi.org/10.21105/joss.01896	no
ds006138	cit_000147	https://www.zotero.org/groups/4721296/resilience_systematic_review/library	no
ds006138	cit_000148	www.zotero.org/groups/4721296/resilience_systematic_review/library	no
ds006104	cit_000166	https://doi.org/10.1523/JNEUROSCI.2383-16.2017	yes
ds006104	cit_000167	https://doi.org/10.1002/hbm.22016	yes
ds006104	cit_000168	https://doi.org/10.1097/AUD.0b013e3181b1d42d	yes
ds006045	cit_000029	doi:10.1017/S0033291724003131	yes
ds006045	cit_000030	www.cambridge.org/core/journals/psychological-medicine/article/brain-functional-connectivity-and-anatomical-features-as-predictors-of-cognitive-behavioral-therapy-outcome-for-anxiety-in-youths/2BF58F5EC8F672E26392026280895E8E	yes
ds006045	cit_000031	https://www.cambridge.org/core/journals/psychological-medicine/article/brain-functional-connectivity-and-anatomical-features-as-predictors-of-cognitive-behavioral-therapy-outcome-for-anxiety-in-youths/2BF58F5EC8F672E26392026280895E8E	yes
ds006039	cit_000129	https://discuss.afni.nimh.nih.gov/t/3dresample-on-fmriprep-output-moves-dset-around/7669/4	no
ds006039	cit_000130	https://bids.neuroimaging.io/	no
ds005935	cit_000363	www.nature.com/articles/s41598-020-67327-5	no
ds005935	cit_000364	https://www.nature.com/articles/s41598-020-67327-5	no
ds005935	cit_000365	https://doi.org/10.1038/s41598-020-67327-5	no
ds005895	cit_000384	https://www.biorxiv.org/content/10.1101/2024.07.09.602700v1.full	no
ds005895	cit_000385	https://doi.org/10.1101/2024.07.09.602700	no
ds005895	cit_000386	www.biorxiv.org/content/10.1101/2024.07.09.602700v1.full	no
ds005531	cit_000465	https://doi.org/10.1101/2024.02.06.579077	yes
ds005498	cit_000332	https://doi.org/10.1101/2024.09.25.614833	no
ds005498	cit_000333	https://braindynamicslab.github.io/	no
ds005498	cit_000334	https://doi.org/10.18112/openneuro.ds005498.v1.1.0\n\nGlick	no
ds005455	cit_000120	https://doi.org/10.1038/s41597-025-05245-9	no
ds005455	cit_000121	https://doi.org/10.1038/s41597-025-05245-9]	no
ds005405	cit_000381	www.pnas.org/content/117/11/6170	no
ds005405	cit_000382	https://www.pnas.org/content/117/11/6170	no
ds005405	cit_000383	https://https://doi.org/10.1073/pnas.1913042117	no
ds005385	cit_000164	https://doi.org/10.2196/32352	yes
ds005385	cit_000165	https://doi.org/10.18112/openneuro.ds005385.v1.0.0	yes
ds005366	cit_000349	www.neurosafari.nl	yes
ds005366	cit_000350	https://doi.org/10.1101/2024.07.29.24311044	yes
ds005366	cit_000351	www.utrecht-bci.nl	yes
ds005299	cit_000568	https://www.biorxiv.org/content/10.1101/2023.12.14.571688v2	yes
ds005299	cit_000569	www.biorxiv.org/content/10.1101/2023.12.14.571688v2	yes
ds005299	cit_000570	https://wbhi.ucsb.edu/	yes
ds005266	cit_000517	www.socalkinesia.org	yes
ds005266	cit_000518	http://www.socalkinesia.org	yes
ds005266	cit_000519	https://parkinsonsroadmap.org/#	yes
ds005265	cit_000517	www.socalkinesia.org	yes
ds005265	cit_000518	http://www.socalkinesia.org	yes
ds005265	cit_000519	https://parkinsonsroadmap.org/#	yes
ds005264	cit_000517	www.socalkinesia.org	yes
ds005264	cit_000518	http://www.socalkinesia.org	yes
ds005264	cit_000519	https://parkinsonsroadmap.org/#	yes
ds005263	cit_000517	www.socalkinesia.org	yes
ds005263	cit_000518	http://www.socalkinesia.org	yes
ds005263	cit_000519	https://parkinsonsroadmap.org/#	yes
ds005258	cit_000544	https://www.ncbi.nlm.nih.gov/pmc/articles/PMC8434336/	no
ds005258	cit_000545	doi:10.3390/s21175833	no
ds005258	cit_000546	www.ncbi.nlm.nih.gov/pmc/articles/PMC8434336/	no
ds005237	cit_000372	https://www.medrxiv.org/content/10.1101/2024.06.18.24309054v1	no
ds005237	cit_000373	www.medrxiv.org/content/10.1101/2024.06.18.24309054v1	no
ds005237	cit_000374	https://doi.org/[insert	no
ds005114	cit_000615	https://psycnet.apa.org/record/2020-66677-001	no
ds005114	cit_000616	https://pubmed.ncbi.nlm.nih.gov/31344589/	no
ds005114	cit_000617	https://pubmed.ncbi.nlm.nih.gov/31368085/	no
ds005050	cit_000635	https://www.biorxiv.org/content/10.1101/2024.02.13.580092v2	no
ds005050	cit_000636	https://osf.io/u3cfr/	no
ds005050	cit_000637	www.biorxiv.org/content/10.1101/2024.02.13.580092v2	no
ds004993	cit_000459	https://doi.org/10.1038/s41597-019-0105-7	yes
ds004993	cit_000657	https://slhs.utexas.edu/research/hamilton-lab	yes
ds004993	cit_000065	https://doi.org/10.21105/joss.01896	yes
ds004934	cit_000732	https://escholarship.org/uc/item/0gd2j3g8	yes
ds004934	cit_000733	https://doi.org/10.31234/osf.io/54x6b	yes
ds004934	cit_000734	https://osf.io/sa7jy/	yes
ds004892			yes
ds004866	cit_000100	https://brainlife.io/ezbids	no
ds004866	cit_000101	https://brainlife.io/ezbids/	no
ds004866	cit_000779	https://digitalcommons.dartmouth.edu/dissertations/173/	no
ds004829	cit_000792	www.biorxiv.org/content/10.1101/2023.10.30.564708v1	no
ds004829	cit_000793	https://osf.io/dq6v5/	no
ds004829	cit_000794	https://www.biorxiv.org/content/10.1101/2023.10.30.564708v1	no
ds004814	cit_000805	https://doi.org/10.1016/j.neuroimage.2017.03.063	no
ds004814	cit_000806	https://doi.org/10.1523/JNEUROSCI.3576-17.2018	no
ds004814	cit_000807	https://doi.org/10.1038/s41598-019-41965-w	no
ds004798	cit_000408	https://doi.org/10.1038/s41597-024-03029-1	no
ds004798	cit_000409	https://dandiarchive.org/dandiset/000623	no
ds004795	cit_000662	https://www.bundesregierung.de/breg-en/federal-government/ministries/federal-ministry-of-education	yes
ds004795	cit_000663	www.bundesregierung.de/breg-en/federal-government/ministries/federal-ministry-of-education	yes
ds004795	cit_000664	https://torchio.readthedocs.io/transforms/augmentation.html#torchio.transforms.RandomMotion	yes
ds004783	cit_000802	https://research.gold.ac.uk/id/eprint/34238/	no
ds004783	cit_000803	www.cubic.rhul.ac.uk	no
ds004783	cit_000804	https://doi.org/10.1371/journal.pone.0180101	no
ds004776	cit_000818	https://doi.org/10.1016/j.neuroimage.2020.116946	yes
ds004776	cit_000819	https://doi.org/10.3389/fnhum.2015.00021	yes
ds004711	cit_000845	https://osf.io/sh34n/	no
ds004711	cit_000846	https://doi.org/10.3758/s13415-022-01060-6	no
ds004711	cit_000847	https://osf.io/uj359	no
ds004604	cit_000505	https://rdcu.be/dCCZW	no
ds004564	cit_000912	http://doi.org/1920.8/jndata.2015.7	no
ds004564	cit_000913	https://www.ncbi.nlm.nih.gov/pubmed/001012092119281	no
ds004564	cit_000914	www.ncbi.nlm.nih.gov/pubmed/001012092119281	no
ds004513	cit_000925	https://www.science.org/doi/10.1126/sciadv.adi7632	yes
ds004513	cit_000926	https://journals.sagepub.com/doi/full/10.1177/0271678X18776820	yes
ds004513	cit_000927	www.science.org/doi/10.1126/sciadv.adi7632	yes
ds004495	cit_000265	https://osf.io/dm47y/	no
ds004483	cit_000888	https://www.biorxiv.org/content/10.1101/2022.10.15.512361v1	no
ds004483	cit_000889	https://erc.europa.eu/	no
ds004483	cit_000890	www.biorxiv.org/content/10.1101/2022.10.15.512361v1	no
ds004482	cit_000888	https://www.biorxiv.org/content/10.1101/2022.10.15.512361v1	no
ds004482	cit_000889	https://erc.europa.eu/	no
ds004482	cit_000890	www.biorxiv.org/content/10.1101/2022.10.15.512361v1	no
ds004473	cit_000961	https://doi.org/10.1088/1741-2552/acae0a	no
ds004473	cit_000459	https://doi.org/10.1038/s41597-019-0105-7	no
ds004473	cit_000065	https://doi.org/10.21105/joss.01896	no
ds004467	cit_000827	https://osf.io/whsb7/	no
ds004467	cit_000828	www.biorxiv.org/content/10.1101/2023.01.30.526344v1	no
ds004467	cit_000829	https://www.biorxiv.org/content/10.1101/2023.01.30.526344v1	no
ds004455	cit_000822	https://doi.org/10.1038/s41562-023-01573-1	no
ds004455	cit_000823	https://doi.org/10.1101/2022.11.04.515162	no
ds004389	cit_000520	https://creativecommons.org/share-your-work/public-domain/cc0/	no
ds004389	cit_000522	https://osf.io/mjdha	no
ds004389	cit_000066	https://bids-specification.readthedocs.io/en/stable/	no
ds004388	cit_000520	https://creativecommons.org/share-your-work/public-domain/cc0/	no
ds004388	cit_000521	https://osf.io/sgptzt	no
ds004388	cit_000066	https://bids-specification.readthedocs.io/en/stable/	no
ds004381	cit_000466	https://doi.org/10.1016/j.clinph.2023.03.008	no
ds004381	cit_000467	https://hfozuri.ch	no
ds004348	cit_000339	https://orcid.org/0000-0002-7360-8629	no
ds004348	cit_000400	https://doi.org/10.1186/s12938-017-0400-5	no
ds004348	cit_000340	https://bids-specification.readthedocs.io/en/stable/01-introduction.html	no
ds004346	cit_000065	https://doi.org/10.21105/joss.01896	no
ds004346	cit_000157	https://doi.org/10.1038/sdata.2018.110	no
ds004346	cit_000582	https://doi.org/10.1016/j.neuroimage.2022.119047	no
ds004330	cit_000977	https://osf.io/vsc6y/	no
ds004330	cit_000978	https://biorxiv.org/cgi/content/short/2022.08.12.503484v1	no
ds004284	cit_000065	https://doi.org/10.21105/joss.01896	no
ds004284	cit_000064	https://doi.org/10.1038/s41597-019-0104-8	no
ds004283	cit_001010	https://ipira.berkeley.edu/caseforge-inc	yes
ds004276	cit_000157	https://doi.org/10.1038/sdata.2018.110	no
ds004276	cit_001009	https://doi.org/10.3758/s13428-018-1056-1	no
ds004276	cit_000065	https://doi.org/10.21105/joss.01896	no
ds004182	cit_000628	https://doi.org/10.31234/osf.io/zq7gv	no
ds004182	cit_000629	https://osf.io/ad6uc/	no
ds004146	cit_000061	https://www.qimrberghofer.edu.au/study/queensland-twin-registry-study	yes
ds004146	cit_000062	www.qimrberghofer.edu.au/study/queensland-twin-registry-study	yes
ds004146	cit_000063	https://doi.org/10.48610/e891597	yes
ds004107	cit_000065	https://doi.org/10.21105/joss.01896	yes
ds004107	cit_000157	https://doi.org/10.1038/sdata.2018.110	yes
ds004107	cit_001088	https://doi.org/10.1016/j.ics.2006.12.095	yes
ds003990	cit_001151	https://doi.org/10.1101/2022.01.06.471906	no
ds003990	cit_001152	http://www.dancerdesign.co.uk	no
ds003990	cit_001153	www.dancerdesign.co.uk	no
ds003922	cit_001042	http://doi.org/10.1038/sdata.2018.110	no
ds003922	cit_001086	http://doi.org/10.1038/s41467-022-29687-6	no
ds003922	cit_000065	https://doi.org/10.21105/joss.01896	no
ds003838	cit_000650	https://doi.org/10.1038/s41597-022-01414-2	no
ds003838	cit_000651	https://doi.org/10.1038/s41598-023-48917-5	no
ds003838	cit_000652	https://doi.org/10.1111/psyp.14275	no
ds003791	cit_001165	https://doi.org/10.1101/2020.09.29.318287	no
ds003791	cit_001166	https://www.biorxiv.org/content/10.1101/2020.09.29.318287v2	no
ds003791	cit_001167	www.biorxiv.org/content/10.1101/2020.09.29.318287v2	no
ds003763	cit_000723	https://doi.org/10.1111/psyp.13537	no
ds003763	cit_000724	https://doi.org/10.1016/j.cortex.2021.08.009	no
ds003763	cit_000725	https://doi.org/10.31857/s0044467720020069	no
ds003745	cit_000596	https://doi.org/10.31234/osf.io/k7d56	no
ds003745	cit_000597	https://doi.org/10.1016/j.neuroimage.2022.119267	no
ds003717	cit_000862	doi:10.1523/JNEUROSCI.0114-21.2021	no
ds003717	cit_000863	https://osf.io/qxcu8/>	no
ds003717	cit_000864	https://doi.org/10.1523/JNEUROSCI.0114-21.2021	no
ds003715	cit_000671	https://www.biorxiv.org/content/10.1101/254961v2	no
ds003715	cit_000672	www.biorxiv.org/content/10.1101/254961v2	no
ds003715	cit_000673	https://osf.io/kvbqm/	no
ds003710	cit_000994	https://doi.org/10.1186/s12916-020-01683-x	no
ds003710	cit_000995	https://doi.org/10.1101/2021.07.10.450198.,	no
ds003661	cit_001195	https://doi.org/10.1523/ENEURO.0443-17.2018	no
ds003661	cit_000277	https://pypi.python.org/pypi/pydeface>	no
ds003653	cit_000191	https://www.medrxiv.org/content/10.1101/2021.02.25.21252472v2	yes
ds003653	cit_000192	www.medrxiv.org/content/10.1101/2021.02.25.21252472v2	yes
ds003626	cit_000158	https://www.biorxiv.org/content/10.1101/2021.04.19.440473v1	no
ds003626	cit_000159	www.biorxiv.org/content/10.1101/2021.04.19.440473v1	no
ds003592	cit_001148	https://doi.org/10.1038/s41597-022-01231-7	no
ds003592	cit_001149	https://osf.io/yhzxe/	no
ds003592	cit_001150	https://doi.org/10.1093/cercor/bhac056	no
ds003568	cit_001276	www.biorxiv.org/content/10.1101/2021.03.04.433969v1	yes
ds003568	cit_001277	https://www.biorxiv.org/content/10.1101/2021.03.04.433969v1	yes
ds003565	cit_000901	https://doi.org/10.1038/s41598-020-72940-5	no
ds003565	cit_001280	https://doi.org/10.1101/2021.03.13.435253	no
ds003565	cit_000902	https://doi.org/10/gjf3tx\n	no
ds003523	cit_000617	https://pubmed.ncbi.nlm.nih.gov/31368085/	no
ds003523	cit_000615	https://psycnet.apa.org/record/2020-66677-001	no
ds003523	cit_000616	https://pubmed.ncbi.nlm.nih.gov/31344589/	no
ds003522	cit_000617	https://pubmed.ncbi.nlm.nih.gov/31368085/	no
ds003522	cit_000615	https://psycnet.apa.org/record/2020-66677-001	no
ds003522	cit_000616	https://pubmed.ncbi.nlm.nih.gov/31344589/	no
ds003521	cit_001145	https://osf.io/f9gyd/	yes
ds003521	cit_001146	https://nltools.org/	yes
ds003505	cit_001154	https://doi.org/10.1038/s41597-021-01116-1	no
ds003505	cit_001155	https://www.biorxiv.org/content/10.1101/2021.03.16.435599v1	no
ds003505	cit_001156	www.biorxiv.org/content/10.1101/2021.03.16.435599v1	no
ds003455	cit_000381	www.pnas.org/content/117/11/6170	no
ds003455	cit_001225	https://doi.org/10.1073/pnas.1913042117	no
ds003455	cit_000382	https://www.pnas.org/content/117/11/6170	no
ds003453	cit_000381	www.pnas.org/content/117/11/6170	no
ds003453	cit_000382	https://www.pnas.org/content/117/11/6170	no
ds003453	cit_000383	https://https://doi.org/10.1073/pnas.1913042117	no
ds003446	cit_001328	https://www.brainvoyager.com/products/brainvoyageredu.html	no
ds003446	cit_001329	www.newbi4fmri.com	no
ds003446	cit_001330	www.brainvoyager.com/products/brainvoyageredu.html	no
ds003445	cit_001328	https://www.brainvoyager.com/products/brainvoyageredu.html	no
ds003445	cit_001329	www.newbi4fmri.com	no
ds003445	cit_001330	www.brainvoyager.com/products/brainvoyageredu.html	no
ds003444	cit_001328	https://www.brainvoyager.com/products/brainvoyageredu.html	no
ds003444	cit_001329	www.newbi4fmri.com	no
ds003444	cit_001330	www.brainvoyager.com/products/brainvoyageredu.html	no
ds003443	cit_001328	https://www.brainvoyager.com/products/brainvoyageredu.html	no
ds003443	cit_001329	www.newbi4fmri.com	no
ds003443	cit_001330	www.brainvoyager.com/products/brainvoyageredu.html	no
ds003442	cit_001328	https://www.brainvoyager.com/products/brainvoyageredu.html	no
ds003442	cit_001329	www.newbi4fmri.com	no
ds003442	cit_001330	www.brainvoyager.com/products/brainvoyageredu.html	no
ds003441	cit_001328	https://www.brainvoyager.com/products/brainvoyageredu.html	no
ds003441	cit_001329	www.newbi4fmri.com	no
ds003441	cit_001330	www.brainvoyager.com/products/brainvoyageredu.html	no
ds003440	cit_001328	https://www.brainvoyager.com/products/brainvoyageredu.html	no
ds003440	cit_001329	www.newbi4fmri.com	no
ds003440	cit_001330	www.brainvoyager.com/products/brainvoyageredu.html	no
ds003439	cit_001328	https://www.brainvoyager.com/products/brainvoyageredu.html	no
ds003439	cit_001329	www.newbi4fmri.com	no
ds003439	cit_001330	www.brainvoyager.com/products/brainvoyageredu.html	no
ds003438	cit_001328	https://www.brainvoyager.com/products/brainvoyageredu.html	no
ds003438	cit_001329	www.newbi4fmri.com	no
ds003438	cit_001330	www.brainvoyager.com/products/brainvoyageredu.html	no
ds003437	cit_000381	www.pnas.org/content/117/11/6170	no
ds003437	cit_001225	https://doi.org/10.1073/pnas.1913042117	no
ds003437	cit_000382	https://www.pnas.org/content/117/11/6170	no
ds003434	cit_001328	https://www.brainvoyager.com/products/brainvoyageredu.html	no
ds003434	cit_001329	www.newbi4fmri.com	no
ds003434	cit_001330	www.brainvoyager.com/products/brainvoyageredu.html	no
ds003433	cit_001328	https://www.brainvoyager.com/products/brainvoyageredu.html	no
ds003433	cit_001329	www.newbi4fmri.com	no
ds003433	cit_001330	www.brainvoyager.com/products/brainvoyageredu.html	no
ds003416	cit_001197	https://my.vanderbilt.edu/masi	yes
ds003416	cit_001198	https://doi.org/10.1002/mrm.28926	yes
ds003392	cit_001042	http://doi.org/10.1038/sdata.2018.110	yes
ds003392	cit_000065	https://doi.org/10.21105/joss.01896	yes
ds003392	cit_001041	https://doi.org/10.1016/j.neuroimage.2014.02.017	yes
ds003357	cit_001132	https://www.biorxiv.org/content/10.1101/2020.08.10.243998v1	no
ds003357	cit_001133	www.uniklinikum-jena.de/izkf	no
ds003357	cit_001134	www.biorxiv.org/content/10.1101/2020.08.10.243998v1	no
ds003346	cit_001292	https://doi.org/10.1101/2020.10.28.20221911	no
ds003346	cit_001293	www.nature.com/articles/tp201792	no
ds003346	cit_001294	https://www.nature.com/articles/tp201792	no
ds003345	cit_001222	https://www.nature.com/articles/s41467-019-09789-4#Abs1	yes
ds003345	cit_001223	www.nature.com/articles/s41467-019-09789-4#Abs1	yes
ds003345	cit_001224	https://academic.oup.com/scan/article/15/4/383/5831854	yes
ds003338	cit_001205	www.biorxiv.org/content/10.1101/2020.03.26.008714v2	no
ds003338	cit_001206	https://www.biorxiv.org/content/10.1101/2020.03.26.008714v2	no
ds003338	cit_001207	https://doi.org/10.34770/r8b8-k094	no
ds003151	cit_001259	https://osf.io/b3znw/?view_only=c30f4b45a7a544e782c22188026c11db	yes
ds003151	cit_001260	https://doi.org/10.1016/j.ynstr.2020.100248	yes
ds003151	cit_001261	https://doi.org/10.1016/j.ynstr.2020.100276	yes
ds003103	cit_001395	https://www.biorxiv.org/content/10.1101/2020.03.11.986786v1	no
ds003103	cit_001396	www.biorxiv.org/content/10.1101/2020.03.11.986786v1	no
ds002898	cit_001386	https://doi.org/10.3791/60259	no
ds002898	cit_001387	https://doi.org/10.1101/2020.05.01.071662	no
ds002898	cit_001388	https://doi.org/10.1016/j.neuroimage.2019.01.003	no
ds002878	cit_000720	doi:10.1111/jasp.12159	no
ds002878	cit_000721	doi:10.1002/hbm.24408	no
ds002878	cit_000722	doi:10.1016/j.neuropsychologia.2018.04.025	no
ds002723	cit_000857	http://dx.doi.org/10.1088/1741-2560/13/4/046022	no
ds002723	cit_000858	https://doi.org/10.1145/3059005	no
ds002721	cit_000850	www.jyu.fi/hytk/fi/laitokset/mutku/en/research/projects2/past-projects/coe/materials/emotion/soundtracks/set1/view	no
ds002721	cit_000851	https://www.jyu.fi/hytk/fi/laitokset/mutku/en/research/projects2/past-projects/coe/materials/emotion/soundtracks/set1/view	no
ds002717	cit_001439	https://www.weizmann.ac.il/neurobiology/worg/materials.html	yes
ds002717	cit_001440	https://doi.org/10.1101/2020.02.06.937029	yes
ds002717	cit_001441	www.weizmann.ac.il/neurobiology/worg/materials.html	yes
ds002685	cit_001306	http://project.inria.fr/IBC/	yes
ds002602	cit_000460	https://doi.org/10.1016/j.jneuroling.2018.03.005	yes
ds002602	cit_000461	http://blclab.org/reading_brain	yes
ds002602	cit_000463	https://doi.org/10.1007/s11145-017-9781-x	yes
ds002551	cit_001457	www.biorxiv.org/content/10.1101/2020.02.17.953547v2\ndoi:	no
ds002551	cit_001458	https://doi.org/10.1101/2020.02.17.953547	no
ds002551	cit_001459	https://www.biorxiv.org/content/10.1101/2020.02.17.953547v2\ndoi:	no
ds002547	cit_001460	https://academic.oup.com/scan/article/12/7/1025/3798709	yes
ds002382	cit_001345	https://neurovault.org/collections/6735/>	no
ds002382	cit_001346	https://osf.io/vmzag/>	no
ds002345	cit_000278	https://doi.org/10.18112/openneuro.ds002345.v1.1.4	no
ds002345	cit_000279	https://snastase.github.io/datasets/ds002345	no
ds002306	cit_001383	https://osf.io/ea2jc/	no
ds002306	cit_001384	https://doi.org/10.1101/614081	no
ds002306	cit_001385	https://doi.org/10.1038/s41467-020-14913-w	no
ds002016	cit_001567	http://nist.mni.mcgill.ca/?p=1209	yes
ds002016	cit_001568	https://doi.org/10.1101/561118	yes
ds002016	cit_001569	https://osf.io/xkqb3/	yes
ds002000	cit_001573	http://www.memorybham.com/	no
ds002000	cit_001574	https://doi.org/10.1101/633107	no
ds002000	cit_001575	www.memorybham.com/	no
ds001981	cit_001472	www.nature.com/articles/s41598-019-53144-y	no
ds001981	cit_001473	https://www.nature.com/articles/s41598-019-53144-y	no
ds001981	cit_001474	doi:10.1038/s41598-019-53144-y	no
ds001946	cit_001553	www.artmatic.com	no
ds001946	cit_001554	https://doi.org/10.1038/s41467-019-12016-9	no
ds001946	cit_001555	https://doi.org/10.1101/483115	no
ds001942	cit_001262	https://elifesciences.org/articles/48932	no
ds001942	cit_001263	https://osf.io/hxekn/	no
ds001926	cit_001597	http://www.jneurosci.org/content/37/8/2022?rss=1	no
ds001926	cit_001598	http://psychtoolbox.org	no
ds001926	cit_001599	www.jneurosci.org/content/37/8/2022?rss=1	no
ds001875	cit_001586	https://doi.org/10.1101/480905,	no
ds001875	cit_001587	https://doi.org/10.5281/zenodo.1471588	no
ds001875	cit_001588	https://doi.org/10.1101/48905	no
ds001748	cit_001617	https://doi.org/10.1016/j.neuroimage.2019.01.065	no
ds001748	cit_001618	https://neurovault.org/collections/MFCNFLGC/	no
ds001748	cit_001619	https://doi.org/10.1162/jocn.2007.19.9.1520	no
ds001720	cit_001577	https://www.biorxiv.org\ndoi:	no
ds001720	cit_001578	www.biorxiv.org\ndoi:	no
ds001720	cit_001579	https://doi.org/10.1101/541060	no
ds001371	cit_001138	https://osf.io/snuqj/	yes
ds001371	cit_001139	https://doi.org/10.1101/2020.01.20.20018069	yes
ds001371	cit_001140	https://balsa.wustl.edu/Klv19	yes
ds001232	cit_001630	https://www.nature.com/articles/ncomms6768	no
ds001232	cit_001631	https://doi.org/10.1038/ncomms6768	no
ds001232	cit_001632	www.nature.com/articles/ncomms6768	no
ds001229	cit_001620	www.sciencedirect.com/science/article/pii/S0028393216304055	no
ds001229	cit_001621	https://www.sciencedirect.com/science/article/pii/S0028393216304055	no
ds001229	cit_001622	https://doi.org/10.1016/j.neuropsychologia.2016.11.006	no
ds000241	cit_000296	https://mriqc.readthedocs.io/en/stable/	yes
ds000221			yes
ds000219			yes
ds000218			yes
ds005795	cit_000020	www.lin-magdeburg.de/cni	yes
ds005642	cit_000059	https://doi.org/10.31234/osf.io/vrtbx_v1	yes
ds005642	cit_000060	https://doi.org/10.5281/zenodo.15833508	yes
ds005381	cit_000282	https://www.biorxiv.org/content/10.1101/2023.06.28.546818v1	no
ds005381	cit_000283	www.biorxiv.org/content/10.1101/2023.06.28.546818v1	no
ds005165			yes
ds005087	cit_000240	https://doi.org/10.31234/osf.io/a3bpd	no
ds005087	cit_000241	https://doi.org/10.1126/sciadv.adq0889	no
ds005021	cit_000638	https://bids-specification.readthedocs.io/en/latest/common-principles.html#the-inheritance-principle	yes
ds004636	cit_000598	www.ncbi.nlm.nih.gov/pmc/articles/PMC10557703/	no
ds004636	cit_000599	https://www.ncbi.nlm.nih.gov/pmc/articles/PMC10557703/	no
ds004630	cit_000262	https://doi.org/10.1101/2024.02.07.578564	yes
ds004621	cit_000084	https://pubmed.ncbi.nlm.nih.gov/35254424/	no
ds004621	cit_000085	http://doi.org/10.5524/100990	no
ds004457	cit_000464	https://doi.org/10.1101/2022.07.06.498994	yes
ds004448	cit_000881	https://doi.org/10.1038/s41597-023-02260-6	yes
ds004447	cit_000881	https://doi.org/10.1038/s41597-023-02260-6	yes
ds004446	cit_000881	https://doi.org/10.1038/s41597-023-02260-6	yes
ds004444	cit_000881	https://doi.org/10.1038/s41597-023-02260-6	yes
ds004356	cit_000731	https://doi.org/10.1038/s41598-023-50438-0	no
ds004341	cit_000870	https://doi.org/10.1523/JNEUROSCI.0677-21.2021	no
ds004341	cit_000871	https://osf.io/z4c62/	no
ds004302	cit_000989	https://journals.plos.org/plosone/article?id=10.1371/journal.pone.0276975	yes
ds004302	cit_000990	https://doi.org/10.1371/journal.pone.0276975	yes
ds004018	cit_001106	https://doi.org/10.1016/j.neuroimage.2018.12.046	no
ds004018	cit_001107	https://osf.io/a7knv/	no
ds003814	cit_000580	https://osf.io/5yjgh/	no
ds003810	cit_001159	https://www.sciencedirect.com/science/article/pii/S240584402030270X	yes
ds003810	cit_001160	www.sciencedirect.com/science/article/pii/S240584402030270X	yes
ds003722	cit_001159	https://www.sciencedirect.com/science/article/pii/S240584402030270X	yes
ds003722	cit_001160	www.sciencedirect.com/science/article/pii/S240584402030270X	yes
ds003703	cit_001042	http://doi.org/10.1038/sdata.2018.110	no
ds003703	cit_000065	https://doi.org/10.21105/joss.01896	no
ds003553	cit_001201	https://doi.org/10.1523/jneurosci.2178-11.2011	no
ds003553	cit_001202	https://doi.org/10.1523/JNEUROSCI.2178-11.2011	no
ds003499	cit_001172	https://www.biorxiv.org/content/10.1101/2021.02.13.431073v4	no
ds003499	cit_001173	www.biorxiv.org/content/10.1101/2021.02.13.431073v4	no
ds003495	cit_001303	https://identifiers.org/neurovault.collection:9401	no
ds002995	cit_001304	https://doi.org/10.1523/JNEUROSCI.1751-19.2019	no
ds002995	cit_001305	https://pubmed.ncbi.nlm.nih.gov/31836661/	no
ds002647	cit_001343	https://osf.io/2y47s/?view_only=ff3af10779cb42a8a5b0e26620f81d4f	yes
ds002647	cit_001344	https://doi.org/10.1016/j.neuroimage.2020.116560	yes
ds002603			yes
ds002366	cit_000693	https://doi.org/10.1101/867689	no
ds002366	cit_001300	http://dx.doi.org/10.1016/j.neuroimage.2020.117488	no
ds002041	cit_001376	www.nature.com/articles/s41598-019-56858-1	no
ds002041	cit_001377	https://www.nature.com/articles/s41598-019-56858-1	no
ds002011	cit_001571	https://www.ncbi.nlm.nih.gov/pubmed/29301874	yes
ds002011	cit_001572	www.ncbi.nlm.nih.gov/pubmed/29301874	yes
ds001971	cit_001580	www.jneurosci.org/content/36/7/2212.short	no
ds001971	cit_001581	http://www.jneurosci.org/content/36/7/2212.short	no
ds001810	cit_001589	http://doi.org/10.1016/j.neuroimage.2016.03.065	yes
ds001810	cit_001590	http://doi.org/10.1016/j.neuroimage.2018.10.025	yes
ds001499	cit_001093	http://arxiv.org/abs/1809.01281	no
ds001499	cit_001094	https://bold5000.org	no
ds006462	cit_000027	https://doi.org/10.6084/m9.figshare.26540077.v1	no
ds006462	cit_000028	https://doi.org/10.5281/zenodo.13273591	no
ds006446	cit_000064	https://doi.org/10.1038/s41597-019-0104-8	no
ds006446	cit_000065	https://doi.org/10.21105/joss.01896	no
ds006267	cit_000127	https://pubmed.ncbi.nlm.nih.gov/33771694	no
ds006267	cit_000128	https://doi.org/10.1016/j.neuroimage.2021.117970	no
ds006224	cit_000153	www.ppmi-info.org/access-data-specimens/download-data	yes
ds006224	cit_000154	www.ppmi-info.org	yes
ds006206			yes
ds006181	cit_000185	https://connectome2.martinos.org/	yes
ds006171	cit_000188	https://doi.org/10.1111/psyp.14525	yes
ds006171	cit_000189	https://doi.org/..	yes
ds006143	cit_000150	https://doi.org/10.1371/journal.pone.0184661	no
ds006123	cit_000212	https://doi.org/10.5281/zenodo.15211130	no
ds006111	cit_000101	https://brainlife.io/ezbids/	yes
ds006111	cit_000107	https://osf.io/cs3km/	yes
ds006105	cit_000101	https://brainlife.io/ezbids/	yes
ds006105	cit_000270	https://osf.io/fvd69/?view_only=d84508a56bcb42468f80a720fdd68192	yes
ds006072	cit_000105	https://clinicaltrials.gov/study/NCT00088699	yes
ds006072	cit_000106	https://doi.org/10.1038/s41593-024-01564-3	yes
ds006035	cit_000157	https://doi.org/10.1038/sdata.2018.110	no
ds006035	cit_000065	https://doi.org/10.21105/joss.01896	no
ds005931	cit_000330	https://www.lumosity.com/;	yes
ds005931	cit_000331	www.lumosity.com/;	yes
ds005927	cit_000375	https://doi.org/10.1162/imag_a_00475	no
ds005927	cit_000376	https://docs.kernel.com/docs/data-export-pipelines	no
ds005857	cit_000064	https://doi.org/10.1038/s41597-019-0104-8	no
ds005857	cit_000065	https://doi.org/10.21105/joss.01896	no
ds005850	cit_000284	https://doi.org/10.7554/eLife.99997.1	yes
ds005787	cit_000064	https://doi.org/10.1038/s41597-019-0104-8	no
ds005787	cit_000065	https://doi.org/10.21105/joss.01896	no
ds005783	cit_000419	https://doi.org/10.1162/imag_a_00424	no
ds005783	cit_000420	https://osf.io/6yehp	no
ds005776	cit_000051	https://doi.org/10.1117/1.NPh.2.3.035005	no
ds005776	cit_000052	https://doi.org/10.1038/srep09469	no
ds005700	cit_000068	https://doi.org/10.1016/j.compbiomed.2025.110439	no
ds005664	cit_000101	https://brainlife.io/ezbids/	yes
ds005664	cit_000317	https://brainlife.io/ezbids](https://brainlife.io/ezbids	yes
ds005624	cit_000459	https://doi.org/10.1038/s41597-019-0105-7	no
ds005624	cit_000065	https://doi.org/10.21105/joss.01896	no
ds005620	cit_000064	https://doi.org/10.1038/s41597-019-0104-8	no
ds005620	cit_000065	https://doi.org/10.21105/joss.01896	no
ds005597	cit_000352	https://doi.org/10.1016%2Fj.nic.2017.06.011	no
ds005597	cit_000353	https://doi.org/10.1371/journal.pone.0236423	no
ds005574	cit_000190	https://hassonlab.github.io/podcast-ecog-tutorials	no
ds005573	cit_000489	doi:10.1016/j.nicl.2019.101850	no
ds005573	cit_000490	doi:10.1016/j.neuroimage.2013.05.108	no
ds005559	cit_000491	https://www.attilakeresztes.com/	yes
ds005559	cit_000492	www.attilakeresztes.com/	yes
ds005545	cit_000205	https://doi.org/10.1101/2025.03.07.641428	yes
ds005540	cit_000140	https://www.pnas.org/doi/pdf/10.1073/pnas.1321664111	no
ds005540	cit_000141	www.pnas.org/doi/pdf/10.1073/pnas.1321664111	no
ds005534	cit_000493	https://doi.org/10.17605/OSF.IO/8VY9R	no
ds005530	cit_000100	https://brainlife.io/ezbids	yes
ds005530	cit_000101	https://brainlife.io/ezbids/	yes
ds005496	cit_000500	https://doi.org/10.7554/eLife.95528.1	yes
ds005496	cit_000109	https://doi.org/10.5281/zenodo.3818615	yes
ds005494	cit_000459	https://doi.org/10.1038/s41597-019-0105-7	no
ds005494	cit_000065	https://doi.org/10.21105/joss.01896	no
ds005464	cit_000494	https://doi.org/10.1073/pnas.2405929121	yes
ds005464	cit_000495	https://osf.io/vwdu3	yes
ds005429			yes
ds005420	cit_000065	https://doi.org/10.21105/joss.01896	no
ds005420	cit_000064	https://doi.org/10.1038/s41597-019-0104-8	no
ds005406	cit_000064	https://doi.org/10.1038/s41597-019-0104-8	no
ds005406	cit_000065	https://doi.org/10.21105/joss.01896	no
ds005403	cit_000064	https://doi.org/10.1038/s41597-019-0104-8	no
ds005403	cit_000065	https://doi.org/10.21105/joss.01896	no
ds005398	cit_000523	doi:10.1093/braincomms/fcab042	no
ds005398	cit_000524	doi:10.1093/braincomms/fcab267	no
ds005363	cit_000064	https://doi.org/10.1038/s41597-019-0104-8	no
ds005363	cit_000065	https://doi.org/10.21105/joss.01896	no
ds005355	cit_000100	https://brainlife.io/ezbids	yes
ds005355	cit_000101	https://brainlife.io/ezbids/	yes
ds005345	cit_000206	http://www.xiaowangzi.org/	no
ds005345	cit_000207	www.xiaowangzi.org/	no
ds005307	cit_000064	https://doi.org/10.1038/s41597-019-0104-8	no
ds005307	cit_000065	https://doi.org/10.21105/joss.01896	no
ds005304	cit_000421	https://osf.io/9m5d6/	no
ds005304	cit_000422	https://neurovault.org/collections/17520/	no
ds005261	cit_000157	https://doi.org/10.1038/sdata.2018.110	no
ds005261	cit_000065	https://doi.org/10.21105/joss.01896	no
ds005241	cit_000157	https://doi.org/10.1038/sdata.2018.110	no
ds005241	cit_000065	https://doi.org/10.21105/joss.01896	no
ds005143	cit_000130	https://bids.neuroimaging.io/	yes
ds005123	cit_000539	https://doi.org/10.1016/j.dib.2024.110810	no
ds005077	cit_000101	https://brainlife.io/ezbids/	no
ds005073	cit_000627	https://doi.org/10.1111/ejn.15889	no
ds005073	cit_000271	https://doi.org/10.1016/j.neuroimage.2021.118069	no
ds005072	cit_000100	https://brainlife.io/ezbids	no
ds005072	cit_000101	https://brainlife.io/ezbids/	no
ds005069	cit_000100	https://brainlife.io/ezbids	no
ds005069	cit_000101	https://brainlife.io/ezbids/	no
ds005040	cit_000444	https://osf.io/w5qpx/	no
ds005040	cit_000445	https://osf.io/preprints/psyarxiv/2hvfe	no
ds005003	cit_000352	https://doi.org/10.1016%2Fj.nic.2017.06.011	no
ds005003	cit_000353	https://doi.org/10.1371/journal.pone.0236423	no
ds004951	cit_000064	https://doi.org/10.1038/s41597-019-0104-8	no
ds004951	cit_000065	https://doi.org/10.21105/joss.01896	no
ds004906	cit_000735	https://pubmed.ncbi.nlm.nih.gov/37439129/	no
ds004873	cit_000243	www.biorxiv.org/content/10.1101/2023.12.08.570806	yes
ds004873	cit_000244	https://www.biorxiv.org/content/10.1101/2023.12.08.570806	yes
ds004837	cit_000131	https://doi.org/10.1111/ejn.16107	no
ds004837	cit_000132	doi:10.1111/ejn.16107	no
ds004819	cit_000811	https://doi.org/10.1101/2022.11.08.515705	no
ds004819	cit_000812	doi:https://doi.org/10.1101/2022.11.08.515705	no
ds004808	cit_000816	https://osf.io/td5kp/</a>	no
ds004808	cit_000817	https://osf.io/td5kp/	no
ds004770	cit_000330	https://www.lumosity.com/;	yes
ds004770	cit_000331	www.lumosity.com/;	yes
ds004706	cit_000843	https://www.biorxiv.org/content/10.1101/2022.11.30.518606	no
ds004706	cit_000844	www.biorxiv.org/content/10.1101/2022.11.30.518606	no
ds004697	cit_000777	https://osf.io/ynjqw/	no
ds004697	cit_000778	doi:10.1016/j.neuroimage.2015.07.069	no
ds004669	cit_000097	https://doi.org/10.1038/s41562-025-02231-4	no
ds004603	cit_000898	https://doi.org/10.1016/j.cortex.2023.08.004	no
ds004582	cit_000064	https://doi.org/10.1038/s41597-019-0104-8	no
ds004582	cit_000065	https://doi.org/10.21105/joss.01896	no
ds004569	cit_000508	www.nitrc.org/projects/neurodot	no
ds004569	cit_000509	https://www.nitrc.org/projects/neurodot	no
ds004561	cit_000064	https://doi.org/10.1038/s41597-019-0104-8	no
ds004561	cit_000065	https://doi.org/10.21105/joss.01896	no
ds004539	cit_000177	https://www.biorxiv.org/content/10.1101/2023.03.15.532735v1	no
ds004539	cit_000178	www.biorxiv.org/content/10.1101/2023.03.15.532735v1	no
ds004529	cit_000942	https://doi.org/10.17605/OSF.IO/A8VU7	no
ds004529	cit_000943	https://osf.io/tye24/	no
ds004507	cit_000322	https://intranet.neuro.polymtl.ca/data/dataset-curation.html#derivatives-structure	no
ds004489	cit_000572	https://doi.org/10.1101/2022.10.10.511419](	yes
ds004489	cit_000573	https://osf.io/yu8sw/	yes
ds004450	cit_000959	https://pennlinc.github.io/executivefunction/	no
ds004450	cit_000130	https://bids.neuroimaging.io/	no
ds004393			yes
ds004359	cit_000969	https://www.biorxiv.org/content/10.1101/2021.09.28.462068v3	yes
ds004359	cit_000970	www.biorxiv.org/content/10.1101/2021.09.28.462068v3	yes
ds004327	cit_000866	www.nature.com/articles/s42255-023-00874-z	no
ds004327	cit_000867	https://www.nature.com/articles/s42255-023-00874-z	no
ds004324	cit_000064	https://doi.org/10.1038/s41597-019-0104-8	no
ds004324	cit_000065	https://doi.org/10.21105/joss.01896	no
ds004305	cit_000552	https://doi.org/10.1016/j.bbi.2023.07.010	no
ds004305	cit_000109	https://doi.org/10.5281/zenodo.3818615	no
ds004301	cit_000933	www.wjx.cn/	no
ds004301	cit_000934	https://www.wjx.cn/	no
ds004286	cit_000980	http://rdcu.be/cYD8Z	yes
ds004286	cit_000981	https://osf.io/exb7m/	yes
ds004280	cit_001011	https://doi.org/10.1038/s41598-021-03938-w	no
ds004278	cit_000157	https://doi.org/10.1038/sdata.2018.110	yes
ds004278	cit_000065	https://doi.org/10.21105/joss.01896	yes
ds004254	cit_000109	https://doi.org/10.5281/zenodo.3818615	no
ds004252	cit_001015	https://osf.io/r93es	no
ds004252	cit_001016	https://doi.org/10.31234/osf.io/wp73u	no
ds004147	cit_000670	https://doi.org/10.1101/2021.09.16.460600	no
ds004145	cit_000109	https://doi.org/10.5281/zenodo.3818615	no
ds004144	cit_001067	http://doi.org/10.5281/zenodo.6554870	yes
ds004144	cit_001068	https://doi.org/zenodo.6554870	yes
ds004127	cit_001013	https://www.biorxiv.org/content/10.1101/2021.09.20.460996v3	no
ds004127	cit_001014	www.biorxiv.org/content/10.1101/2021.09.20.460996v3	no
ds004102	cit_000932	https://neurovault.org/collections/12480/	no
ds004100	cit_000459	https://doi.org/10.1038/s41597-019-0105-7	no
ds004100	cit_000065	https://doi.org/10.21105/joss.01896	no
ds004067	cit_001098	https://doi.org/10.17605/OSF.IO/8KPEF	yes
ds004043	cit_001102	https://doi.org/10.17605/OSF.IO/5B8K6	no
ds004043	cit_000653	https://doi.org/10.1101/2021.05.24.445376	no
ds004040	cit_001103	www.ncbi.nlm.nih.gov/pmc/articles/PMC6384530.2/	no
ds004040	cit_001104	https://www.ncbi.nlm.nih.gov/pmc/articles/PMC6384530.2/	no
ds004024	cit_000064	https://doi.org/10.1038/s41597-019-0104-8	yes
ds004024	cit_000065	https://doi.org/10.21105/joss.01896	yes
ds004011	cit_000157	https://doi.org/10.1038/sdata.2018.110	no
ds004011	cit_000065	https://doi.org/10.21105/joss.01896	no
ds003871	cit_000676	https://osf.io/f6vg8/	no
ds003871	cit_000677	https://doi.org/10.1101/2021.07.09.451777	no
ds003850	cit_001157	https://layerfmri.page.link/ISMRM2022_nextgen	no
ds003799	cit_000417	https://mriqc.readthedocs.io/en/latest/	no
ds003770	cit_000682	https://link.springer.com/article/10.1007/s00406-022-01462-0#citeas	no
ds003770	cit_000683	https://doi.org/10.1007/s00406-022-01462-0	no
ds003739	cit_001193	https://doi.org/10.1016/j.neuroimage.2019.05.038	yes
ds003739	cit_001194	https://doi.org/10.1523/ENEURO.0207-18.2018	yes
ds003720	cit_001179	https://doi.org/10.1002/brb3.1936	no
ds003720	cit_001180	http://marsyas.info/downloads/datasets.html	no
ds003702	cit_001219	https://doi.org/10.31234/osf.io/mkags	no
ds003702	cit_001220	https://osf.io/s9xmu/files	no
ds003694	cit_001203	www.biorxiv.org/content/10.1101/2020.01.22.915330v3]	no
ds003694	cit_001204	https://www.biorxiv.org/content/10.1101/2020.01.22.915330v3]	no
ds003655	cit_000901	https://doi.org/10.1038/s41598-020-72940-5	no
ds003655	cit_000902	https://doi.org/10/gjf3tx\n	no
ds003647	cit_001228	https://www.biorxiv.org/content/10.1101/2020.04.08.031534v1	no
ds003647	cit_001229	www.biorxiv.org/content/10.1101/2020.04.08.031534v1	no
ds003638	cit_000996	https://www.nature.com/articles/s41398-021-01562-w	no
ds003638	cit_000997	www.nature.com/articles/s41398-021-01562-w	no
ds003633	cit_000974	www.biorxiv.org/content/10.1101/2021.06.04.446837v1	no
ds003633	cit_000975	https://www.biorxiv.org/content/10.1101/2021.06.04.446837v1	no
ds003620	cit_000678	https://docs.google.com/document/d/1PmcVs7vg7Th-cGC-UrX8rAhKUHIzOI-uIOh69_mvdlw/edit#heading=h.mqkmyp254xh6	yes
ds003620	cit_000679	http://bids.neuroimaging.io/bids_spec.pdf	yes
ds003570	cit_001030	https://doi.org/10.1177/0305735618779444	no
ds003570	cit_001031	https://doi.org/10.1101/2021.02.25.432633	no
ds003548	cit_001253	https://doi.org/10.1101/2021.04.04.438425	no
ds003545	cit_001295	Doi:10.1523/JNEUROSCI.0851-20.2020	no
ds003545	cit_001296	https://doi.org/10.1523/JNEUROSCI.0851-20.2020	no
ds003524	cit_001168	https://www.biorxiv.org/content/10.1101/487892v3	no
ds003524	cit_001169	www.biorxiv.org/content/10.1101/487892v3	no
ds003466	cit_001309	https://www.sciencedirect.com/science/article/pii/S1053811921000318	no
ds003466	cit_001310	www.sciencedirect.com/science/article/pii/S1053811921000318	no
ds003463	cit_001312	https://doi.org/10.1101/2021.01.12.426392	no
ds003463	cit_000109	https://doi.org/10.5281/zenodo.3818615	no
ds003425			yes
ds003424	cit_001331	https://doi.org/10.1523/JNEUROSCI.2618-19.2020	no
ds003424	cit_001332	https://doi.org/10.1523/JNEUROSCI.2618-19.2020\n	no
ds003419	cit_000417	https://mriqc.readthedocs.io/en/latest/	no
ds003417	cit_001307	www.biorxiv.org/content/10.1101/2021.01.15.421909v1	no
ds003417	cit_001308	https://www.biorxiv.org/content/10.1101/2021.01.15.421909v1	no
ds003397	cit_001191	https://doi.org/10.1101/2021.08.02.454708	no
ds003397	cit_001192	doi:10.1016/j.neuroimage.2019.01.003	no
ds003352	cit_000459	https://doi.org/10.1038/s41597-019-0105-7	no
ds003352	cit_000065	https://doi.org/10.21105/joss.01896	no
ds003171	cit_000691	https://doi.org/10.1038/s41598-018-31525-z	yes
ds003171	cit_000692	https://doi.org/10.1016/j.neuroimage.2020.117367	yes
ds003170	cit_001365	https://doi.org/10.1101/2020.05.11.089094	no
ds003146	cit_001381	https://doi.org/10.1371/journal.pone.0222796	no
ds003146	cit_000503	http://personal.inb.unam.mx/lconcha/	no
ds003104	cit_001394	https://mne.tools/stable/overview/datasets_index.html#somatosensory	no
ds003089	cit_001397	https://doi.org/10.1093/braincomms/fcaa003	no
ds003089	cit_001398	https://doi.org/10.1016/j.neuroimage.2020.117257	no
ds003082			yes
ds003059	cit_001420	www.pnas.org/content/113/17/4853.short	no
ds003059	cit_001421	https://www.pnas.org/content/113/17/4853.short	no
ds002885	cit_001445	https://gitlab.com/lkandemir/dbs-artefact-rejection	no
ds002885	cit_001446	https://doi.org/10.1016/j.neuroimage.2020.117057	no
ds002778	cit_000450	https://neurostars.org/t/behavior-metadata-without-tsv-event-data-related-to-a-neuroimaging-data/6768/25	no
ds002778	cit_000064	https://doi.org/10.1038/s41597-019-0104-8	no
ds002766	cit_001424	https://gitlab.com/DosenbachGreene/cast-induced-plasticity	yes
ds002766	cit_001425	https://doi.org/10.1016/j.neuron.2020.05.007	yes
ds002739	cit_001497	http://www.fmrib.ox.ac.uk/fsl	no
ds002739	cit_001498	www.fmrib.ox.ac.uk/fsl	no
ds002724	cit_000858	https://doi.org/10.1145/3059005	no
ds002722	cit_000858	https://doi.org/10.1145/3059005	no
ds002720	cit_000858	https://doi.org/10.1145/3059005	no
ds002712	cit_001452	www.ncbi.nlm.nih.gov/pubmed/XXXXXXXXX	no
ds002712	cit_001453	https://www.ncbi.nlm.nih.gov/pubmed/XXXXXXXXX	no
ds002609	cit_001341	https://spisakt.github.io/RPN-signature/	no
ds002609	cit_001342	https://spisakt.github.io/RPN-signature	no
ds002608	cit_001341	https://spisakt.github.io/RPN-signature/	yes
ds002608	cit_001342	https://spisakt.github.io/RPN-signature	yes
ds002330	cit_001465	www.sciencedirect.com/science/article/pii/S1053811919308833	no
ds002330	cit_001466	https://www.sciencedirect.com/science/article/pii/S1053811919308833	no
ds002320	cit_001467	https://doi.org/10.1162/jocn_a_01363	yes
ds002320	cit_001468	http://lce.umd.edu	yes
ds001923	cit_001608	www.nature.com/articles/nn.3771	no
ds001923	cit_001609	https://www.nature.com/articles/nn.3771	no
ds001921	cit_001608	www.nature.com/articles/nn.3771	no
ds001921	cit_001609	https://www.nature.com/articles/nn.3771	no
ds001907	cit_000280	https://www.ncbi.nlm.nih.gov/pmc/articles/PMC7217223/	no
ds001907	cit_000281	www.ncbi.nlm.nih.gov/pmc/articles/PMC7217223/	no
ds001868			yes
ds001761	cit_001431	https://arxiv.org/abs/1810.03856	yes
ds001747	cit_001422	www.nitrc.org/projects/mricron/	no
ds001747	cit_001423	http://www.nitrc.org/projects/mricron/	no
ds001621	cit_001633	https://www.nature.com/articles/nn.3331	no
ds001621	cit_001634	www.nature.com/articles/nn.3331	no
ds001614	cit_001484	https://www.biorxiv.org/content/biorxiv/early/2018/08/09/186817.full.pdf	no
ds001614	cit_001485	www.biorxiv.org/content/biorxiv/early/2018/08/09/186817.full.pdf	no
ds001607	cit_001640	https://www.nature.com/articles/nn.4573#abstract	no
ds001607	cit_001641	www.nature.com/articles/nn.4573#abstract	no
ds001591	cit_001486	www.ncbi.nlm.nih.gov/pubmed/25175535	no
ds001591	cit_001487	https://www.ncbi.nlm.nih.gov/pubmed/25175535	no
ds001576	cit_001646	www.biorxiv.org/content/biorxiv/early/2018/05/30/170720.full.pdf	no
ds001576	cit_001647	https://www.biorxiv.org/content/biorxiv/early/2018/05/30/170720.full.pdf	no
ds001547	cit_001651	https://layerfmri.com/2018/04/12/ss-si-vaso-pitfalls-in-visual-cortex/	no
ds001545	cit_001401	www.mitpressjournals.org/doi/full/10.1162/jocn_a_01308	yes
ds001545	cit_001402	https://www.mitpressjournals.org/doi/full/10.1162/jocn_a_01308	yes
ds001529	cit_001486	www.ncbi.nlm.nih.gov/pubmed/25175535	no
ds001529	cit_001487	https://www.ncbi.nlm.nih.gov/pubmed/25175535	no
ds001497	cit_001488	https://www.ncbi.nlm.nih.gov/pmc/articles/PMC2699183/	no
ds001497	cit_001489	www.ncbi.nlm.nih.gov/pmc/articles/PMC2699183/	no
ds001430	cit_001523	www.ncbi.nlm.nih.gov/pubmed/29897407	no
ds001430	cit_001524	https://www.ncbi.nlm.nih.gov/pubmed/29897407	no
ds001419	cit_001399	https://doi.org/10.1101/341594	no
ds001419	cit_001400	https://doi.org/10.1371/journal.pone.0204338	no
ds001345	cit_001552	www.pstnet.com;	yes
ds001299	cit_001584	http://www.mitpressjournals.org/doi/full/10.1162/jocn_a_01199	yes
ds001299	cit_001585	www.mitpressjournals.org/doi/full/10.1162/jocn_a_01199	yes
ds001233	cit_001532	https://doi.org/10.1101/255794	no
ds001168	cit_001637	https://doi.org/10.1038/sdata.2014.54	no
ds001168	cit_001638	http://fcon_1000.projects.nitrc.org/indi/CoRR/html/mpg_1.html	no
ds001145	cit_001615	https://academic.oup.com/cercor/article-lookup/doi/10.1093/cercor/bhv155#86168991	no
ds001145	cit_001616	https://en.wikipedia.org/wiki/The_Lateness_of_the_Hour	no
ds001131	cit_001517	http://www.pnas.org/content/114/35/9475.short	no
ds001131	cit_001518	www.pnas.org/content/114/35/9475.short	no
ds001019	cit_001491	http://dx.doi.org/10.1038/s41467-019-10597-z	no
ds000228	cit_001606	www.nature.com/articles/s41467-018-03399-2	yes
ds000228	cit_001607	https://www.nature.com/articles/s41467-018-03399-2	yes
ds000224	cit_000718	www.cell.com/neuron/fulltext/S0896-6273(17	yes
ds000224	cit_000719	http://www.cell.com/neuron/fulltext/S0896-6273(17	yes
ds000200	cit_001403	https://www.ncbi.nlm.nih.gov/pmc/articles/PMC4713423/	no
ds000200	cit_001404	www.ncbi.nlm.nih.gov/pmc/articles/PMC4713423/	no
ds000168	cit_001604	https://www.ncbi.nlm.nih.gov/pmc/articles/PMC4847934/	yes
ds000168	cit_001605	www.ncbi.nlm.nih.gov/pmc/articles/PMC4847934/	yes
ds000149	cit_001418	https://www.ncbi.nlm.nih.gov/pmc/articles/PMC4467091/	no
ds000149	cit_001419	www.ncbi.nlm.nih.gov/pmc/articles/PMC4467091/	no
ds000140	cit_001541	http://wagerlab.colorado.edu/tools	yes
ds000114	cit_000293	www.ncbi.nlm.nih.gov/pmc/articles/PMC3641991/	no
ds000114	cit_000294	http://www.ncbi.nlm.nih.gov/pmc/articles/PMC3641991/	no
ds006472			yes
ds006366	cit_000072	https://doi.org/10.1093/sleepadvances/zpaf025	no
ds006131			yes
ds006005	cit_000323	https://doi.org/10.1162/imag_a_00399	no
ds005884			yes
ds005883			yes
ds005754			yes
ds005577	cit_000418	https://osf.io/d8e9b/	yes
ds005571			yes
ds005551	cit_000067	https://doi.org/10.3758/s13428-022-01980-8	no
ds005521	cit_000377	https://doi.org/10.1523/JNEUROSCI.1673-23.2024	no
ds005460			yes
ds005454	cit_000149	https://doi.org/10.1038/s41592-018-0235-4	yes
ds005397			yes
ds005364			yes
ds005289	cit_000057	https://doi.org/10.1111/nyas.14587	no
ds005285	cit_000058	doi:10.1136/gpsych-2023-101164	no
ds005250			yes
ds005226			yes
ds005047			yes
ds004996	cit_000242	http://dx.doi.org/10.13039/501100004472	yes
ds004894	cit_000661	https://doi.org/10.6084/m9.figshare.24874173	no
ds004746	cit_000820	https://doi.org/10.1101/2023.09.21.558825	no
ds004584	cit_000899	https://doi.org/10.1101/2022.07.26.22278079	no
ds004580	cit_000899	https://doi.org/10.1101/2022.07.26.22278079	no
ds004579	cit_000899	https://doi.org/10.1101/2022.07.26.22278079	no
ds004574	cit_000899	https://doi.org/10.1101/2022.07.26.22278079	no
ds004563	cit_000891	https://doi.org/10.1101/2022.06.21.497107	no
ds004562			yes
ds004557	cit_000929	https://doi.org/10.1101/2021.09.14.460252	no
ds004556	cit_000929	https://doi.org/10.1101/2021.09.14.460252	no
ds004496			yes
ds004488			yes
ds004475	cit_000872	https://doi.org/10.1113/JP284505	no
ds004400			yes
ds004357	cit_000928	https://doi.org/10.1371/journal.pcbi.1011760	no
ds004312	cit_000960	https://doi.org/10.1016/j.pneurobio.2023.102423	no
ds004200	cit_001032	https://doi.org/10.1101/2020.12.11.421180	no
ds004010	cit_001144	https://pubmed.ncbi.nlm.nih.gov/34672259/	no
ds003858	cit_001158	https://doi.org/10.1016/j.neuroimage.2021.118617	no
ds003851	cit_000675	https://osf.io/e8htb/	no
ds003772	cit_001174	https://doi.org/10.1016/j.neuron.2014.10.013	no
ds003758	cit_001176	https://doi.org/10.1523/JNEUROSCI.0423-21.2021	no
ds003721	cit_001178	https://osf.io/ucen5/	yes
ds003574			yes
ds003554	cit_001200	http://dx.doi.org/10.1016/j.psyneuen.2015.01.021	no
ds003550	cit_001199	https://doi.org/10.1038/nn.3345	no
ds003500			yes
ds003340	cit_001126	http://doi.org/10.1073/pnas.2010932118	no
ds003083			yes
ds003076			yes
ds003028			yes
ds002941			yes
ds002886			yes
ds002879			yes
ds002872			yes
ds002843	cit_001175	https://doi.org/10.1523/JNEUROSCI.2832-16.2017	no
ds002776	cit_001444	https://elifesciences.org/articles/55241	yes
ds002687	cit_000193	https://doi.org/10.1038/s41597-019-0338-5	yes
ds002620	cit_000693	https://doi.org/10.1101/867689	no
ds002522	cit_001516	https://doi.org/10.1523/JNEUROSCI.2376-19.2020	yes
ds002424	cit_000193	https://doi.org/10.1038/s41597-019-0338-5	yes
ds002236			yes
ds002218			yes
ds002185			yes
ds001894			yes
ds001838			yes
ds001814			yes
ds001785			yes
ds001740	cit_001623	http://irmf.int.univ-amu.fr/	yes
ds001553	cit_001650	doi:10.1073/pnas.1121049109	no
ds006460	cit_000056	https://doi.org/10.1101/2025.03.12.642917	no
ds006459	cit_000056	https://doi.org/10.1101/2025.03.12.642917	no
ds006444	cit_000002	https://doi.org/10.1002/mrm.21302	no
ds006395			yes
ds006373			yes
ds006269			yes
ds006253	cit_000018	https://doi.org/10.1101/2024.03.23.586414	no
ds006234			yes
ds006233			yes
ds006193			yes
ds006179	cit_000187	https://osf.io/er5u7/	yes
ds006107			yes
ds006067	cit_000098	https://doi.org/10.1038/s41467-025-61807-w	no
ds005964	cit_000065	https://doi.org/10.21105/joss.01896	no
ds005963	cit_000065	https://doi.org/10.21105/joss.01896	no
ds005947	cit_000163	https://osf.io/hrfv7/	no
ds005930	cit_000055	https://doi.org/10.1117/1.NPh.10.2.025007	no
ds005929	cit_000054	https://doi.org/10.1016/j.neuroimage.2013.06.054	no
ds005926			yes
ds005891	cit_000130	https://bids.neuroimaging.io/	no
ds005880			yes
ds005874			yes
ds005851	cit_000387	https://doi.org/10.1016/j.neurobiolaging.2014.02.008	no
ds005811			yes
ds005810			yes
ds005777	cit_000053	https://doi.org/10.3389/fnhum.2018.00394	no
ds005747	cit_000218	https://doi.org/10.1101/2023.07.20.548178	yes
ds005733	cit_000407	https://doi.org/10.1371/journal.pbio.3002987	no
ds005704	cit_000428	https://doi.org/10.1101/2024.11.26.625465	no
ds005692			yes
ds005691			yes
ds005688	cit_000446	https://in_submission_for_publication.com/VisStim	yes
ds005639			yes
ds005636			yes
ds005635			yes
ds005623	cit_000284	https://doi.org/10.7554/eLife.99997.1	yes
ds005619	cit_000101	https://brainlife.io/ezbids/	no
ds005605	cit_000101	https://brainlife.io/ezbids/	no
ds005604			yes
ds005600			yes
ds005598	cit_000455	https://doi.org/10.1101/2023.07.01.547344	no
ds005595	cit_000469	https://balsa.wustl.edu/study/x9Z66	yes
ds005590	cit_000101	https://brainlife.io/ezbids/	no
ds005576	cit_000475	https://unfmontreal.github.io/Dcm2Bids/	no
ds005529			yes
ds005504			yes
ds005497	cit_000109	https://doi.org/10.5281/zenodo.3818615	yes
ds005467			yes
ds005449			yes
ds005431			yes
ds005416			yes
ds005412			yes
ds005402	cit_000109	https://doi.org/10.5281/zenodo.3818615	no
ds005341			yes
ds005279			yes
ds005238			yes
ds005236			yes
ds005189	cit_000579	https://osf.io/esr5q/	no
ds005186			yes
ds005148	cit_000600	https://doi.org/10.7554/eLife.96386.1	no
ds005137	cit_000109	https://doi.org/10.5281/zenodo.3818615	no
ds005127	cit_000472	https://doi.org/10.1016/j.jneumeth.2018.09.019	no
ds005121	cit_000622	https://doi.org/10.1523/JNEUROSCI.0022-24.2024	yes
ds005118	cit_000621	https://pubmed.ncbi.nlm.nih.gov/33357444/	yes
ds005096	cit_000112	https://doi.org/10.1038/s41597-024-03397-8	no
ds005095	cit_000623	https://doi.org/10.1016/j.ijpsycho.2024.112355	no
ds005093	cit_000603	doi:10.1007/s11307-021-01661-6	yes
ds005085			yes
ds005075			yes
ds005038	cit_000632	https://osf.io/whpz8	no
ds005016	cit_000581	https://pubmed.ncbi.nlm.nih.gov/?term=38614082+38435377+37961503+35934277+35768210+35297801+34688253+34407032+32701843&sort=date	yes
ds005009	cit_000626	https://doi.org/10.1101/2024.04.11.589099	no
ds005007			yes
ds004962	cit_000109	https://doi.org/10.5281/zenodo.3818615	no
ds004957	cit_000553	https://doi.org/10.1162/nol_a_00151	no
ds004943			yes
ds004937			yes
ds004929	cit_000055	https://doi.org/10.1117/1.NPh.10.2.025007	no
ds004884			yes
ds004868			yes
ds004859			yes
ds004848	cit_000554	https://wiki.humanconnectome.org/download/attachments/40534057/CMRR_MB_Slice_Order.pdf	yes
ds004815	cit_000019	https://academic.oup.com/cercor/article/33/9/5395/6806166	no
ds004797			yes
ds004791	cit_000813	https://osf.io/y763r/	yes
ds004786			yes
ds004775	cit_000821	https://medianeuroscience.org	no
ds004765	cit_000631	https://doi.org/10.17605/OSF.IO/QFC4U	no
ds004752	cit_000738	https://doi.org/10.7554/eLife.78677	no
ds004743			yes
ds004738			yes
ds004737	cit_000571	https://doi.org/10.1002/hbm.26580	yes
ds004720			yes
ds004717	cit_000842	https://medrxiv.org/cgi/content/short/2023.08.24.23294427v1	no
ds004712	cit_000329	https://bids-specification.readthedocs.io/en/v1.2.1/06-extensions.html:	yes
ds004666	cit_000583	https://doi.org/10.1162/imag_a_00060	no
ds004663	cit_000309	https://osf.io/8pg7x/	no
ds004662	cit_000868	https://doi.org/10.1101/2023.07.19.549746	no
ds004656	cit_000869	https://doi.org/10.1007/s11682-015-9366-8	no
ds004650			yes
ds004642	cit_000873	https://doi.org/10.1016/j.clinph.2023.07.002	no
ds004620			yes
ds004616	cit_000507	https://doi.org/10.1002/hbm.26458	no
ds004611	cit_000614	https://doi.org/10.1038/s41597-024-03267-3	no
ds004598			yes
ds004597			yes
ds004594			yes
ds004590	cit_000900	http://biorxiv.org/content/early/2023/01/09/2023.01.09.523096.abstract	no
ds004581			yes
ds004577	cit_000903	https://doi.org/10.1016/j.neuroimage.2022.119035	no
ds004560			yes
ds004553	cit_000931	https://osf.io/rkbev/	no
ds004551			yes
ds004542	cit_000814	https://doi.org/10.31234/osf.io/x3avb	no
ds004510	cit_000118	https://doi.org/10.1038/s41593-023-01304-9	no
ds004505	cit_000940	https://doi.org/10.3390/s22155867	no
ds004504	cit_000021	https://doi.org/10.3390/data8060095	yes
ds004484	cit_000953	https://doi.org/10.1016/j.neuroimage.2018.06.056	no
ds004471	cit_000525	doi:10.1101/2022.11.21.516173	no
ds004470	cit_000525	doi:10.1101/2022.11.21.516173	no
ds004465			yes
ds004456	cit_000037	https://direct.mit.edu/nol/article/5/2/315/118227	no
ds004440			yes
ds004406	cit_000962	https://doi.org/10.1101/2022.04.12.488078	no
ds004347	cit_000971	https://osf.io/2sncj/	no
ds004317	cit_000991	https://doi.org/10.1126/science.1102941	no
ds004315	cit_000991	https://doi.org/10.1126/science.1102941	no
ds004299	cit_000998	https://osf.io/xrg64/	no
ds004285			yes
ds004274			yes
ds004261	cit_000263	https://doi.org/10.1038/s41467-023-38046-y	no
ds004259	cit_001012	doi:10.1101/2022.08.22.504413	no
ds004230	cit_000286	doi:10.1007/s00259-020-04855-2	no
ds004226	cit_001028	https://osf.io/qwd2k/	no
ds004219			yes
ds004217	cit_001029	https://osf.io/xvtud/	no
ds004173	cit_000156	https://doi.org/10.1038/s41597-022-01694-8	no
ds004134	cit_000451	https://direct.mit.edu/jocn/article/29/1/95/28621/Fluctuations-of-Attentional-Networks-and-Default	no
ds004092	cit_000109	https://doi.org/10.5281/zenodo.3818615	no
ds004054			yes
ds004042			yes
ds004038	cit_001105	https://osf.io/ervrh	no
ds004015	cit_001024	https://doi.org/10.3389/fnins.2022.869426	no
ds004009	cit_001147	https://doi.org/10.1162/jocn_a_01651	no
ds003989			yes
ds003969	cit_001118	https://journals.plos.org/plosone/article?id=10.1371/journal.pone.0170647	no
ds003949			yes
ds003947	cit_000287	https://pubmed.ncbi.nlm.nih.gov/31451387/	no
ds003944	cit_000287	https://pubmed.ncbi.nlm.nih.gov/31451387/	no
ds003887	cit_000992	https://psyarxiv.com/3x2qh/	no
ds003885	cit_000993	https://doi.org/10.31234/osf.io/3x2qh	no
ds003831	cit_001101	https://osf.io/jwv6c/	no
ds003830			yes
ds003826			yes
ds003821			yes
ds003789	cit_000882	https://doi.org/10.1016/j.neuroimage.2022.119442	yes
ds003787	cit_001164	https://elifesciences.org/articles/40224	no
ds003775	cit_000547	https://doi.org/10.1016/j.dib.2022.108647	no
ds003768	cit_001177	https://icds.psu.edu	yes
ds003707	cit_001209	https://osf.io/vpq2x/	no
ds003691	cit_000941	https://osf.io/va6fc	yes
ds003690			yes
ds003673	cit_000726	https://doi.org/10.1016/j.neuroimage.2022.119364	no
ds003669	cit_001227	https://elifesciences.org/articles/53900	no
ds003643			yes
ds003612			yes
ds003590			yes
ds003555			yes
ds003516	cit_000780	https://doi.org/10.3389/fnins.2021.643705	no
ds003508			yes
ds003507			yes
ds003506	cit_001302	https://doi.org/10.1016/j.neuron.2014.06.035	no
ds003474			yes
ds003469			yes
ds003468	cit_000947	doi:10.1101/2020.09.05.284364	no
ds003427			yes
ds003404	cit_000271	https://doi.org/10.1016/j.neuroimage.2021.118069	no
ds003401			yes
ds003382			yes
ds003343	cit_001230	https://doi.org/....]	yes
ds003233	cit_001075	https://doi.org/10.1038/s41467-021-22202-3	no
ds003195	cit_001370	https://clinicaltrials.gov/	no
ds003194	cit_001370	https://clinicaltrials.gov/	no
ds003176	cit_001137	https://osf.io/74vnq	yes
ds003145	cit_001378	https://osf.io/k5bfs/	yes
ds003138	cit_000785	https://psychologie.uni-graz.at/de/mri-lab/	no
ds003126	cit_001221	https://doi.org/10.1080/23273798.2020.1859569	no
ds003114	cit_001382	https://doi.org/10.1371/journal.pone.0237032	no
ds003094	cit_001244	https://doi.org/10.1162/jocn_a_01620	no
ds003039	cit_000272	https://doi.org/10.1111/ejn.14965	no
ds003027			yes
ds003012	cit_001311	doi:10.1111/ejn.14492	no
ds003011	cit_001226	https://doi.org/10.1016/j.pscychresns.2018.06.004	no
ds003007	cit_000874	https://doi.org/10.1155/2021/8846097	yes
ds002908			yes
ds002896	cit_001451	https://doi.org/10.1101/676429	no
ds002841			yes
ds002814			yes
ds002799	cit_000447	https://rdcu.be/b57kz	no
ds002797	cit_001504	https://elifesciences.org/articles/39497	no
ds002793	cit_001503	https://zenodo.org/badge/DOI/10.5281/zenodo.3524401.svg	no
ds002773			yes
ds002748	cit_000874	https://doi.org/10.1155/2021/8846097	yes
ds002743			yes
ds002734	cit_001507	DOI:10.1038/ncomms15808	yes
ds002733			yes
ds002725	cit_001508	https://doi.org/10.1038/s41598-019-45105-2	no
ds002715			yes
ds002711			yes
ds002675	cit_001131	https://doi.org/10.1101/2020.01.10.20017004	no
ds002643	cit_001017	https://osf.io/qnpjm	yes
ds002614			yes
ds002543	cit_001461	https://doi.org/10.1093/cercor/bhy076	yes
ds002422	cit_001313	doi:10.1017/S1355617720000302	yes
ds002372			yes
ds002358	cit_001519	https://doi.org/10.1101/457002	no
ds002355			yes
ds002328	cit_001249	https://fsl.fmrib.ox.ac.uk	no
ds002322	cit_001442	doi:10.1016/j.bandl.2016.04.008	yes
ds002311	cit_001469	http://compmem.princeton.edu/wp/wp-content/uploads/2017/07/multiple-object-tracking-as-a-tool-for-parametrically-modulating-memory-reactivation.pdf	no
ds002307			yes
ds002270	cit_001520	doi:10.1371/journal.pone.0141358	no
ds002237	cit_001470	http://compmemweb.princeton.edu/wp/wp-content/uploads/2016/11/briefly-cueing-memories-leads-to-suppression-of-their-neural-representations.pdf	no
ds002232			yes
ds002181	cit_001521	https://doi.org/10.1101/447722	no
ds002168	cit_001301	https://doi.org/10.1002/hipo.23299	no
ds002154	cit_001556	https://doi.org/10.1101/751255	no
ds002149			yes
ds002087			yes
ds002034	cit_000834	https://doi.org/10.1007/s10548-019-00725-9	yes
ds002006			yes
ds001984	cit_001576	https://doi.org/10.1038/s41598-019-45036-y	yes
ds001978	cit_001576	https://doi.org/10.1038/s41598-019-45036-y	yes
ds001972	cit_001576	https://doi.org/10.1038/s41598-019-45036-y	yes
ds001849	cit_001438	doi:10.1371/journal.pone.0216185.\n\n*Equal	no
ds001847	cit_001347	http://compmemweb.princeton.edu/wp/wp-content/uploads/2016/11/a-probability-distribution-over-latent-causes-in-the-orbitofrontal-cortex.pdf	no
ds001775	cit_001625	http://compmemweb.princeton.edu/wp/wp-content/uploads/2016/11/neural-differentiation-tracks-improved-recall-of-competing-memories-following-interleaved-study-and-retrieval-practice.pdf	no
ds001762	cit_001610	https://static1.squarespace.com/static/56e19a6d04426223be32a8b9/t/57c83b15893fc0eab4b91e81/1472740144207/Shenhav%2C+Straccia%2C+Botvinick%2C+Cohen+-+Cogn+Aff+Behav+Neurosci+2016.pdf	no
ds001745	cit_001570	http://compmemweb.princeton.edu/wp/wp-content/uploads/2016/11/a-neural-signature-of-contextually-mediated-intentional-forgetting.pdf	no
ds001725	cit_001556	https://doi.org/10.1101/751255	no
ds001715	cit_001635	https://static1.squarespace.com/static/56e19a6d04426223be32a8b9/t/5b3382370e2e72c0a5bc11a4/1530102328055/Shenhav_et_al-2018-Nature_Communications.pdf	no
ds001635			yes
ds001634			yes
ds001619	cit_001443	https://doi.org/10.3758/s13415-019-00689-0	no
ds001618			yes
ds001612	cit_001639	https://elifesciences.org/articles/32548	no
ds001600			yes
ds001555	cit_001649	https://doi.org/10.1093/cercor/bhu148	no
ds001554	cit_001629	https://elifesciences.org/articles/1607	no
ds001551			yes
ds001541	cit_001196	https://doi.org/10.1038/s41467-018-08256-w	no
ds001534			yes
ds001521	cit_001628	http://compmemweb.princeton.edu/wp/wp-content/uploads/2017/02/lingering-representations-of-stimuli-influence-recall-organization.pdf	no
ds001491	cit_001522	https://doi.org/10.1016/j.neuroimage.2018.08.059	no
ds001486			yes
ds001482	cit_001560	https://doi.org/10.1101/411074	no
ds001421			yes
ds001420			yes
ds001417	cit_001432	https://doi.org/10.1093/cercor/bhz132	no
ds001408			yes
ds001378			yes
ds001365	cit_001645	doi:10.1080/23273798.2018.1476727	yes
ds001357			yes
ds001354			yes
ds001339			yes
ds001338	cit_001648	https://doi.org/10.1038/s41467-018-04387-2	no
ds001306	cit_000730	doi:10.1080/13506285.2017.1339755	no
ds001297	cit_001529	https://doi.org/10.1038/s41598-017-12559-1	no
ds001235			yes
ds001218	cit_001533	https://osf.io/8n9ze/	no
ds001110	cit_001490	https://academic.oup.com/cercor/article/doi/10.1093/cercor/bhx202/4080827/How-We-Transmit-Memories-to-Other-Brains	no
ds001105	cit_000310	https://osf.io/x32te/	no
ds000229	cit_001314	doi:10.1016/j.cub.2013.04.001	yes
ds000205			yes
ds000204			yes
ds000171	cit_001540	doi:10.1177/0305735615604509	yes
ds000148			yes
