name	subjs	links	readme	HED	events	title	tasks	modalities	contact	notes
ds006392	1	3	yes	score_2.0.0	no	HED schema library for SCORE annotations example				
ds005873	125	1	yes	score_1.1.0	yes	SeizeIT2				
ds005270	158	6	yes	XX	yes	BOLD variability during cognitive control for an adult lifespan sample				
ds003709	51	2	yes	HED7.2.0.xml	no	NIMH-CompyPsych MMI				
ds005256	117	6	yes	8.3.0	yes	A multimodal fMRI dataset unifying naturalistic processes with a rich array of experimental tasks	alignvideo,faces,fractional,narratives,shortvideo,social			
ds005516	430	4	yes	8.3.0	yes	Healthy Brain Network (HBN) EEG - Release 11	DespicableMe,DiaryOfAWimpyKid,FunwithFractals,RestingState,ThePresent,contrastChangeDetection,surroundSupp,symbolSearch			
ds005515	533	4	yes	8.3.0	yes	Healthy Brain Network (HBN) EEG - Release 10	DespicableMe,DiaryOfAWimpyKid,FunwithFractals,RestingState,ThePresent,contrastChangeDetection,surroundSupp,symbolSearch			
ds005514	295	4	yes	8.3.0	yes	Healthy Brain Network (HBN) EEG - Release 9	DespicableMe,DiaryOfAWimpyKid,FunwithFractals,RestingState,ThePresent,contrastChangeDetection,seqLearning6target,seqLearning8target,surroundSupp,symbolSearch			
ds005512	257	4	yes	8.3.0	yes	Healthy Brain Network (HBN) EEG - Release 8	DespicableMe,DiaryOfAWimpyKid,FunwithFractals,RestingState,ThePresent,contrastChangeDetection,seqLearning6target,seqLearning8target,surroundSupp,symbolSearch			
ds005511	381	4	yes	8.3.0	yes	Healthy Brain Network (HBN) EEG - Release 7	DespicableMe,DiaryOfAWimpyKid,FunwithFractals,RestingState,ThePresent,contrastChangeDetection,seqLearning6target,seqLearning8target,surroundSupp,symbolSearch			
ds005510	135	4	yes	8.3.0	yes	Healthy Brain Network (HBN) EEG - Release 6	DespicableMe,DiaryOfAWimpyKid,FunwithFractals,RestingState,ThePresent,contrastChangeDetection,seqLearning6target,seqLearning8target,surroundSupp,symbolSearch			
ds005509	330	4	yes	8.3.0	yes	Healthy Brain Network (HBN) EEG - Release 5	DespicableMe,DiaryOfAWimpyKid,FunwithFractals,RestingState,ThePresent,contrastChangeDetection,seqLearning6target,seqLearning8target,surroundSupp,symbolSearch			
ds005508	324	4	yes	8.3.0	yes	Healthy Brain Network (HBN) EEG - Release 4	DespicableMe,DiaryOfAWimpyKid,FunwithFractals,RestingState,ThePresent,contrastChangeDetection,seqLearning6target,seqLearning8target,surroundSupp,symbolSearch			
ds005507	184	4	yes	8.3.0	yes	Healthy Brain Network (HBN) EEG - Release 3	DespicableMe,DiaryOfAWimpyKid,FunwithFractals,RestingState,ThePresent,contrastChangeDetection,seqLearning6target,seqLearning8target,surroundSupp,symbolSearch			
ds005506	150	4	yes	8.3.0	yes	Healthy Brain Network (HBN) EEG - Release 2	DespicableMe,DiaryOfAWimpyKid,FunwithFractals,RestingState,ThePresent,contrastChangeDetection,seqLearning6target,seqLearning8target,surroundSupp,symbolSearch			
ds005505	136	4	yes	8.3.0	yes	Healthy Brain Network (HBN) EEG - Release 1	DespicableMe,DiaryOfAWimpyKid,FunwithFractals,RestingState,ThePresent,contrastChangeDetection,seqLearning6target,seqLearning8target,surroundSupp,symbolSearch			
ds006033	3	2	yes	8.3.0	no	Synchronous EEG and fMRI dataset on inner speech				
ds005588	40	3	yes	8.2.0	no	SoDec - Responsibility fMRI experiment dataset				
ds005375	58	3	yes	8.2.0	no	POLEX				
ds005056	25	3	yes	8.2.0	no	Dataset2				
ds005028	11	2	yes	8.2.0	no	Comparing P300 Flashing paradigms in online typing with language models				
ds006318	86	1	yes	8.2.0	no	A Multi-Sequence MRI Dataset for AI-Driven Brain Tumor Analysis Applications				
ds005917	58	1	yes	8.2.0	no	NIMH Ketamine Mechanism of Action Study	rest			
ds005533	9	1	yes	8.2.0	no	High-quality multimodal MRI with simultaneous EEG using conductive ink and polymer-thick film nets				
ds004945	1	0	yes	8.2.0	no	PyDesigner Example Dataset				
ds003645	19	6	yes	8.1.0	yes	Face processing MEEG dataset with HED annotation	FacePerception,FaceRecognition			
ds004519	40	5	yes	8.1.0	yes	Internal selective attention is delayed by competition between endogenous and exogenous factors	ProAntiCue			
ds005305	165	4	yes	8.1.0	yes	EEG Resting-state Microstates Correlates of Executive Functions	restingstate			
ds005628	102	3	yes	8.1.0	yes	Dataset of Visual and Audiovisual Stimuli in Virtual Reality from the Edzna Archaeological Site	Edzna			
ds005048	35	3	yes	8.1.0	yes	40Hz Auditory Entrainment	40HzAuditoryEntrainment			
ds004635	48	3	yes	8.1.0	yes	Gaffrey Lab Infant Microstates Reliability	resting			
ds004521	34	3	yes	8.1.0	yes	Changes in behavioral priority influence the accessibility of working memory content - Experiment 1	Postcues			
ds004520	33	3	yes	8.1.0	yes	Changes in behavioral priority influence the accessibility of working memory content - Experiment 2	Retrocue			
ds004362	109	3	yes	8.1.0	yes	EEG Motor Movement/Imagery Dataset	motion			
ds004350	24	3	yes	8.1.0	yes	Executive Functionning Study for Assessing the Effect of Neurofeedback				
ds006260	76	2	yes	8.1.0	yes	Dataset of psychophysiological data from children with learning difficulties who strengthen reading and math skills through assistive technology	SmartickDataset			
ds005343	43	2	yes	8.1.0	yes	Gaffrey Lab Infant Microstates and Attention	resting			
ds005034	25	2	yes	8.1.0	yes	The effect of theta tACS on working memory	thetatACSWorkingMemory			
ds004883	172	2	yes	8.1.0	yes	Registerd Report of ERN During Three Versions of a Flanker Task	FFERN			
ds004602	182	2	yes	8.1.0	yes	Registered Replication Report of ERN/Pe Psychometrics	ERNPsychometrics			
ds006036	88	1	yes	8.1.0	yes	A complementary dataset of open-eyes EEG recordings in a photo-stimulation setting from: Alzheimer's disease, Frontotemporal dementia and Healthy subjects	photomark			
ds005907	53	1	yes	8.1.0	yes	EEG: RL Task (3-Armed Bandit) with alcohol cues in hazardous drinkers and ctls	ThreeArmedBandit			
ds005876	29	1	yes	8.1.0	yes	Song Familiarity	songfamiliarity			
ds005410	81	1	yes	8.1.0	yes	Semantic_conditioning	conditioning			
ds005342	32	1	yes	8.1.0	yes	EEG data offline and online during motor imagery for standing and sitting	sitstand			
ds004784	1	1	yes	8.1.0	yes	Phantom EEG Dataset with Motion, Muscle, and Eye Artifacts and Example Scripts	phantom			
ds004626	52	1	yes	8.1.0	yes	Can we dissociate hypervigilance to social threats from altered perceptual decision-making processes in lonely individuals? An exploration with Drift Diffusion Modelling and event-related potentials.	DotProbe			
ds004588	42	1	yes	8.1.0	yes	Neuma	unnamed			
ds004554	16	1	yes	8.1.0	yes	Forced Picture Naming Task	picturenaming			
ds005960	41	1	yes	8.1.0	no	General Info: inst-comp-eeg				
ds004902	71	1	yes	8.1.0	no	A Resting-state EEG Dataset for Sleep Deprivation				
ds006480	68	0	no	8.1.0	yes	HeartBEAM_YA	oddball			
ds006437	9	0	yes	8.1.0	yes	LIGHT Hypnotherapy	hypnotherapy			
ds006370	56	0	yes	8.1.0	yes	Memory Reactivation Levels Remain Unaffected by Anticipated Interference Experiment 2 Dataset	DelayedMatchtoSampleTask			
ds006367	52	0	yes	8.1.0	yes	Memory Reactivation Levels Remain Unaffected by Anticipated Interference	DelayedMatchtoSampleTask			
ds006095	71	0	yes	8.1.0	yes	Mind in Motion Older Adults Walking Over Uneven Terrain	flat			
ds005868	48	0	yes	8.1.0	yes	Flankers-FAR	flankersFAR			
ds005866	60	0	yes	8.1.0	yes	Flankers-NEAR	FlankerNEAR			
ds005697	51	0	yes	8.1.0	yes	PerceiveImagine	PerceiveImagine			
ds005672	3	0	yes	8.1.0	yes	PerceiveImagine	PerceiveImagine			
ds005565	24	0	yes	8.1.0	yes	Neural associations between fingerspelling, print, and signs: An ERP priming study with deaf readers	SemanticCategorization			
ds005296	62	0	yes	8.1.0	yes	Sentence semantic and syntactic violations	sentencesemanticandsyntacticviolations			
ds005079	1	0	yes	8.1.0	yes	The Effects of Directed Therapeutic Intent on Live and Damaged Cells	biofieldtherapy			
ds004942	62	0	yes	8.1.0	yes	SpatialMemory	SpatialMemory			
ds004855	1	0	yes	8.1.0	yes	FT	nback			
ds004854	1	0	yes	8.1.0	yes	TX18	nback			
ds004853	1	0	yes	8.1.0	yes	TX17	nback			
ds004852	1	0	yes	8.1.0	yes	InsurgentCivilian	nback			
ds004851	66	0	yes	8.1.0	yes	HID	HID			
ds004850	1	0	yes	8.1.0	yes	ODE	nback			
ds004849	1	0	yes	8.1.0	yes	STRONG	nback			
ds004844	17	0	yes	8.1.0	yes	T22	Drive			
ds004843	14	0	yes	8.1.0	yes	T16	VisualSituationalAwareness			
ds004842	14	0	yes	8.1.0	yes	TX15	DriveOnMission			
ds004841	20	0	yes	8.1.0	yes	TX14	DriveOnMission			
ds004785	17	0	yes	8.1.0	yes	EEG data for paper titled - Precise cortical contributions to feedback sensorimotor control during reactive balance	unnamed			
ds004771	61	0	yes	8.1.0	yes	EEG/ERP data from a Python Reading Task	PY			
ds004745	6	0	yes	8.1.0	yes	8-Channel SSVEP EEG Dataset with Artifact Trials	unnamed			
ds004661	17	0	yes	8.1.0	yes	ANDI	nback			
ds004660	21	0	yes	8.1.0	yes	TNO	P300			
ds004657	24	0	yes	8.1.0	yes	Driving with Autonomous Aids	Drive			
ds004625	32	0	yes	8.1.0	yes	Mind in Motion Young Adults Walking Over Uneven Terrain	UnevenTerrain			
ds004123	29	7	yes	8.0.0	yes	BCIT Traffic Complexity	DriveWithComplexity			
ds004122	32	7	yes	8.0.0	yes	BCIT Speed Control	Drive			
ds004121	21	7	yes	8.0.0	yes	BCIT Mind Wandering	DriveWithTaskAudio			
ds004120	109	7	yes	8.0.0	yes	BCIT Baseline Driving	DriveWithSpeedChange			
ds004118	156	7	yes	8.0.0	yes	BCIT Calibration Driving	Drive			
ds002680	14	5	yes	8.0.0	yes	Go-nogo categorization and detection task				
ds004119	21	4	yes	8.0.0	yes	BCIT Basic Guard Duty	GuardDuty			
ds004117	23	4	yes	8.0.0	yes	Sternberg Working Memory	WorkingMemory			
ds004106	27	4	yes	8.0.0	yes	BCIT Advanced Guard Duty	GuardDuty			
ds004105	17	4	yes	8.0.0	yes	BCIT Auditory Cueing	DriveRandomSound			
ds004166	71	4	yes	8.0.0	no	Effects of Forward and Backward Span Trainings on Working Memory: Evidence from a Randomized, Controlled Trial				
ds002893	49	2	yes	8.0.0	yes	Auditory-Visual Shift Study	AuditoryVisualShift			
ds002691	20	2	yes	8.0.0	yes	Internal attention study				
ds002578	2	2	yes	8.0.0	yes	Visual Oddball Task (256 channels)				
ds003061	13	1	yes	8.0.0	yes	EEG data from an auditory oddball task	P300			
ds005901	120	1	yes	8.0.0	no	Structural and functional MRI dataset from the Adolescent Health and Development in Context (AHDC) study in Columbus, Ohio				
ds005603	8	1	no	8.0.0	no	Mitchell_Hacker_2013				
ds005479	37	1	yes	8.0.0	no	Monetary Incentive Delay task - structural and functional images of 37 men; study of associations between circadian characteristics (eveningness, distinctness) and affective processing				
ds005896	262	0	yes	8.0.0	no	Structural and functional MRI dataset from the Adolescent Health and Development in Context (AHDC) study in Columbus, Ohio				
ds002718	18	3	yes	7.1.2	yes	Face processing EEG dataset for EEGLAB	FaceRecognition			
ds003714	1	2	no	7.1.1	no	Test				
ds004802	38	1	yes	3.0.0	yes	Pilot data for Loneliness in the Brain: Distinguishing Between Hypersensitivity and Hyperalertness	roddball			
ds003465	55	22	yes		yes	DMCC55B	Axcpt,Cuedts,Stern,Stroop			
ds001415	21	20	yes		yes	Audio Cartography	maplistening			
ds004654	28	18	yes		no	Rates of cerebral protein synthesis in subjects with fragile X syndrome				
ds003452	13	16	yes		no	DMCC13benchmark				
ds000117	17	15	yes		yes	Multisubject, multimodal face processing	facerecognition			
ds004733	18	15	yes		no	Rates of cerebral protein synthesis in stages of sleep				
ds004731	35	15	yes		no	Rates of cerebral protein synthesis and memory formation during sleep				
ds004730	10	15	yes		no	Effects of propofol anesthesia on rates of cerebral protein synthesis				
ds000232	10	15	yes		no	Adjudicating between face-coding models with individual-face fMRI responses				
ds005602	542	14	yes		no	The Imaging Database for Epilepsy And Surgery (IDEAS)				
ds001506	3	14	yes		no	Deep Image Reconstruction				
ds001246	5	14	yes		no	Generic Object Decoding (fMRI on ImageNet)	imagery,perception			
ds003604	322	13	yes		yes	A longitudinal neuroimaging dataset on language processing in children ages 5, 7, and 9 years old	Gram,Phon,Plaus,Sem			
ds003342	19	13	yes		yes	Hand-selective visual regions represent how to grasp 3D tools for use: brain decoding during real actions	grasp,localiser			
ds005360	22	13	yes		no	Hormone Health Study (HHS)				
ds000246	2	13	yes		no	MEG-BIDS Brainstorm data sample				
ds003823	193	12	yes		yes	Heart rate variability biofeedback training and emotion regulation	NIHcognition,emotionRegulation,labHRV,practice,recall,recognition,sart,stress,ultimatumGame,ultimatumGame-older,ultimatumGame-younger			
ds005234	75	12	yes		no	Perception of vowel sounds in children with autism spectrum disorders and typically developing children (MEG/ERF study)				
ds001769	16	12	yes		no	studyforrest_movie_denoised	movie			
ds000203	26	12	yes		no	Visual imagery and false memory for pictures	visualimageryfalsememory			
ds000102	26	12	yes		no	Flanker task (event-related)	flanker			
ds004605	132	11	yes		no	Emotion and Development Branch Phenotyping and DTI (2012-2017)				
ds003900	1	11	yes		no	TractoInferno: A large-scale, open-source, multi-site database for machine learning dMRI tractography				
ds000030	272	11	yes		no	UCLA Consortium for Neuropsychiatric Phenomics LA5c Study	bart,bht,pamenc,pamret,rest,scap,stopsignal,taskswitch			
ds005012	60	10	yes		yes	Adolescent Health Risk Behavior Study	mid			
ds004856	464	10	yes		yes	The Dallas Lifespan Brain Study	Scenes,VentralVisual,Words			
ds003459	34	10	yes		yes	Component processes of word reading in adults and children	audortho,audphono,audsem,audsynt,visortho,visphono,vissem,vissynt			
ds006391	127	10	yes		no	BAD: Bilingual Adaptations Dataset				
ds005953	2	10	yes		no	iEEG_visual				
ds005481	60	10	yes		no	ds004496-fmriprep				
ds005472	58	10	yes		no	ds004331-fmriprep				
ds003216	3	10	yes		no	Acquisition and processing methods of whole-brain layer-fMRI VASO and BOLD: The Kenshu dataset				
ds002179	1	10	yes		no	7 Tesla MRI of the ex vivo human brain at 100 micron resolution				
ds000113	37	10	yes		no	Forrest Gump	auditoryperception,coverage,movie,movielocalizer,objectcategories,orientation,retmapccw,retmapclw,retmapcon,retmapexp			
ds000108	34	10	yes		no	Prefrontal-Subcortical Pathways Mediating Successful Emotion Regulation	Emotionregulation			
ds002634	20	9	yes		yes	Project_larynx	ArtVoc,Factorial			
ds002278	5	9	yes		yes	Dense Investigation of Variability of Affect (DIVA)	EIRT,PST,SORPF,arithmetic,localizerDetection,localizerEstimation,rest,strangerthings			
ds005752	251	9	yes		no	The NIMH Healthy Research Volunteer Dataset				
ds004131	1	9	yes		no	BIDS Phenotype External Example Dataset				
ds004130	1	9	yes		no	BIDS Phenotype Aggregation Example Dataset				
ds004129	991	9	yes		no	BIDS Phenotype Segregation Example Dataset				
ds003020	9	9	yes		no	An fMRI dataset during a passive natural language listening task	AudioMotorLocalizer,AuditoryLocalizer,CategoryLocalizer1,CategoryLocalizer2,CategoryLocalizer3,MotorLocalizer,adollshouse,adventuresinsayingyes,afatherscover,againstthewind,alternateithicatom,avatar,backsideofthestorm,becomingindian,beneaththemushroomcloud,birthofanation,bluehope,breakingupintheageofgoogle,buck,catfishingstrangerstofindmyself,cautioneating,christmas1940,cocoonoflove,comingofageondeathrow,exorcism,eyespy,firetestforlove,food,forgettingfear,fromboyhoodtofatherhood,gangstersandcookies,goingthelibertyway,goldiethegoldfish,golfclubbing,gpsformylostidentity,hangtime,haveyoumethimyet,howtodraw,ifthishaircouldtalk,inamoment,itsabox,jugglingandjesus,kiksuya,leavingbaghdad,legacy,life,lifeanddeathontheoregontrail,lifereimagined,listo,mayorofthefreaks,metsmagic,mybackseatviewofagreatromance,myfathershands,myfirstdaywiththeyankees,naked,notontheusualtour,odetostepfather,onlyonewaytofindout,penpal,quietfire,reachingoutbetweenthebars,shoppinginchina,singlewomanseekingmanwich,sloth,souls,stagefright,stumblinginthedark,superheroesjustforeachother,sweetaspie,swimmingwithastronauts,thatthingonmyarm,theadvancedbeginner,theclosetthatateeverything,thecurse,thefreedomridersandme,theinterview,thepostmanalwayscalls,theshower,thetiniestbouquet,thetriangleshirtwaistconnection,threemonths,thumbsup,tildeath,treasureisland,undertheinfluence,vixenandtheussr,waitingtogo,whenmothersbullyback,wheretheressmoke,wildwomenanddancingqueens			
ds002702	11	9	yes		no	High-field 7T Visual fMRI Datasets	floc,ring			
ds000144	45	9	yes		no	Preschool Anxiety Disorders	emotionalfaces			
ds000017	8	9	yes		no	ds000017	probabilisticclassification,selectivestopsignaltask			
ds005518	50	8	yes		yes	Deciphering the neural responses to a naturalistic persuasive message	narrative			
ds003834	14	8	yes		yes	Shared neural codes for visual and semantic information about familiar faces in a common representational space	fam1back,localizer,str1back			
ds003136	25	8	yes		yes	Postnatal Affective MRI Dataset	affect,infant			
ds000223	19	8	yes		yes	Magnitude Effect	mag			
ds004640	3	8	yes		no	Sustaining wakefulness: Brainstem connectivity in human consciousness				
ds003993	2	8	yes		no	Inter-individual deep image reconstruction				
ds003950	42	8	no		no	ScenePerceptionAndParallelism				
ds003876	39	8	yes		no	Epilepsy-iEEG-Interictal-Multicenter-Dataset				
ds003688	63	8	yes		no	Open multimodal iEEG-fMRI dataset from naturalistic stimulation with a short audiovisual film				
ds003029	35	8	yes		no	Epilepsy-iEEG-Multicenter-Dataset				
ds000172	13	8	yes		no	Physiological Contribution in Spontaneous Oscillations: An Approximate Quality - Assurance Index for Resting-State fMRI Signals	rest			
ds000133	26	8	yes		no	Modafinil alters intrinsic functional connectivity of the right posterior insula: a pharmacological resting state fMRI study	rest			
ds000009	24	8	yes		no	The generality of self-control	balloonanalogrisktask,discounting,emotionalregulation,stopsignal			
ds000007	20	8	yes		no	Stop-signal task with spoken & manual responses	stopmanual,stopvocal,stopword			
ds004192	3	7	yes		yes	THINGS-fMRI	things			
ds001590	32	7	yes		yes	Feature Discrimination	loc,ser,sim			
ds000164	28	7	yes		yes	Stroop Task	stroop			
ds006128	3	7	yes		no	"Data for ""Modeling 2D Spatio-Tactile Population Receptive Fields of the Fingertip in Human Primary Somatosensory Cortex"""	pRF			
ds006065	7	7	yes		no	TSS_iEEG				
ds006012	21	7	yes		no	A geometric shape regularity effect in the human brain: MEG dataset				
ds005191	6	7	yes		no	Mind Captioning				
ds004718	52	7	yes		no	Le Petit Prince Hong Kong: Naturalistic fMRI and EEG dataset from older Cantonese speakers				
ds004386	48	7	yes		no	fc-reliability-spinalcord	rest			
ds004213	5	7	yes		no	BrainBeats				
ds003999	29	7	yes		no	Pre-Post rehabilitation fMRI data of post-stroke patients.				
ds003670	25	7	yes		no	Dataset of Concurrent EEG, ECG, and Behavior with Multiple Doses of transcranial Electrical Stimulation - BIDS				
ds003498	20	7	yes		no	interictal iEEG during slow-wave sleep with HFO markings				
ds003374	9	7	yes		no	Dataset of neurons and intracranial EEG from human amygdala during aversive dynamic visual stimulation				
ds003090	159	7	yes		no	fetal-fMRI	rest			
ds002837	86	7	yes		no	Naturalistic Neuroimaging Database	12yearsaslave,500daysofsummer,backtothefuture,citizenfour,littlemisssunshine,pulpfiction,split,theprestige,theshawshankredemption,theusualsuspects			
ds002674	1	7	yes		no	28andMe				
ds000256	24	7	yes		no	Behavioral interventions for reducing head motion during MRI scans in children	restbaseline,restfixationadaptive,restfixationfixed,restfixationnofeedback,restmovieadaptive,restmoviefixed,restmovienofeedback			
ds000244	12	7	yes		no	Individual Brain Charting	ArchiEmotional,ArchiSocial,ArchiSpatial,ArchiStandard,ClipsTrn01,ClipsTrn02,ClipsTrn03,ClipsTrn04,ClipsTrn05,ClipsTrn06,ClipsTrn07,ClipsTrn08,ClipsTrn09,ClipsTrn10,ClipsTrn11,ClipsTrn12,ClipsVal01,ClipsVal02,ClipsVal03,ClipsVal04,ClipsVal05,ClipsVal06,ClipsVal07,ClipsVal08,ClipsVal09,ContRing,ExpRing,HcpEmotion,HcpGambling,HcpLanguage,HcpMotor,HcpRelational,HcpSocial,HcpWm,RSVPLanguage00,RSVPLanguage01,RSVPLanguage02,RSVPLanguage03,RSVPLanguage04,RSVPLanguage05,WedgeAnti,WedgeClock			
ds000121	28	7	yes		no	Immaturities in Reward Processing and Its Influence on Inhibitory Control in Adolescence (Ring Reward)	incentiveantisaccade			
ds005503	6	6	yes		yes	In silico discovery of representational relationships across visual cortex	multivariate,prf,univariate			
ds004212	5	6	yes		yes	THINGS-MEG	main			
ds004194	14	6	yes		yes	Visual ECoG dataset	prf,sixcatlocdiffisi,sixcatlocisidiff,sixcatloctemporal,soc,spatialpattern,temporalpattern			
ds004080	74	6	yes		yes	CCEP ECoG dataset across age 4-51				
ds003812	12	6	yes		yes	spatial_frequency_preferences				
ds000249	26	6	yes		yes	Value generalization in human avoidance learning	genInstrAv			
ds000006	14	6	yes		yes	ds000006	livingnonlivingdecisionwithplainormirrorreversedtext			
ds006248	50	6	yes		no	Open-Access Multimodal Dataset of Pituitary Adenoma				
ds006192	24	6	no		no	PAFIN: PennLINC AFfective INstability- XCP-D Derivatives				
ds006010	42	6	yes		no	A geometric shape regularity effect in the human brain: fMRI dataset				
ds005980	24	6	no		no	rule learning				
ds005687	38	6	yes		no	2016GinRatAnesth	rest			
ds005450	51	6	yes		no	BOBS Repo				
ds005295	17	6	yes		no	"Dataset accompanying ""Reading Reshapes Stimulus Selectivity in the Visual Word Form Area"", Chauhan, McCook and White (2024)"	catLoc,langLoc,vwfate			
ds004944	22	6	yes		no	Dataset of BCI2000-compatible intraoperative ECoG with neuromorphic encoding				
ds004920	59	6	yes		no	An fMRI dataset of social and nonsocial reward processing in young adults	doors,mid,sharedreward,socialdoors,ugdg			
ds004910	20	6	yes		no	An open relaxation-diffusion MRI dataset in neurosurgical studies				
ds004889	990	6	yes		no	Stroke Outcome Optimization Project (SOOP)				
ds004696	8	6	yes		no	HAPwave_bids				
ds004693	29	6	yes		no	Identifying and characterizing scene representations relevant for categorization behavior	localizer,main			
ds004647	44	6	yes		no	The neurocognitive role of working memory load when Pavlovian motivational control affects instrumental learning	gng,wmgng			
ds004632	11	6	yes		no	DTI readouts for designing a preclinical stem-cell therapy trial in experimental stroke				
ds004627	130	6	yes		no	Characterization and Treatment of Adolescent Depression (CAT-D)	rest			
ds003848	6	6	yes		no	Dataset Clinical Epilepsy iEEG to BIDS - RESPect_longterm_iEEG				
ds003844	6	6	yes		no	Dataset Clinical Epilepsy iEEG to BIDS -RESPect_intraoperative_iEEG				
ds003701	96	6	yes		no	Concrete Permuted Rule Operations	cpro,rest			
ds003552	19	6	yes		no	Prediction Error VR (reach-to-touch)				
ds003192	7	6	no		no	EuskalIBUR	breathhold			
ds003037	53	6	yes		no	SUDMEX_TMS: The Mexican dataset of an rTMS clinical trial on cocaine use disorder patients.				
ds002737	1	6	yes		no	multibandCFtests				
ds002425	5	6	yes		no	The neural representation of visually evoked emotion is high-dimensional, categorical, and distributed across transmodal brain regions				
ds002105	24	6	yes		no	Multi-Domain Task Battery (MDTB)				
ds001945	34	6	yes		no	MouseLemurAtlas_MRIraw				
ds001734	108	6	yes		no	NARPS	MGT			
ds001705	5	6	yes		no	NRM2018 PET Grand Challenge Dataset				
ds001399	3	6	yes		no	multibandACQtests				
ds001242	52	6	yes		no	Examining effects of arousal on responses to salient and non-salient stimuli in younger and older adults				
ds001241	24	6	yes		no	OLVSL_ Object-location visual statistical learning				
ds000248	2	6	yes		no					
ds000247	6	6	yes		no	MEG-BIDS OMEGA RestingState_sample				
ds000243	120	6	yes		no	Washington University 120	rest			
ds000239	3	6	yes		no	Maclaren test-retest brain volume dataset				
ds000220	26	6	yes		no	Cost Analysis TBI				
ds000213	26	6	yes		no	Neural mechanism underlying appearance social comparison	socialcomparison			
ds000170	15	6	yes		no	Learning and memory: motor skill consolidation and intermanual transfer	TrainedHandTrainedSequence,TrainedHandUntrainedSequence,UntrainedHandTrainedSequence,UntrainedHandUntrainedSequence			
ds000122	17	6	yes		no	Task-related concurrent but opposite modulations of overlapping functional networks as revealed by spatial ICA	visualattentiontask			
ds000110	18	6	yes		no	Incidental encoding task (Posner Cueing Paradigm)	IncidentalencodingtaskusingPosnercueingparadigmwithobjectvgreeblejudgment			
ds000107	49	6	yes		no	Word and object processing	onebacktask			
ds000105	6	6	yes		no	Visual object recognition	objectviewing			
ds000101	21	6	yes		no	Simon task	simon			
ds000052	13	6	yes		no	Classification learning and reversal	reversalweatherprediction,weatherprediction			
ds000051	13	6	yes		no	Cross-language repetition priming	abstractconcretejudgment			
ds000011	14	6	yes		no	Classification learning and tone-counting	Classificationprobewithoutfeedback,Dualtaskweatherprediction,Singletaskweatherprediction,tonecounting			
ds000008	14	6	yes		no	Stop-signal task with unconditional and conditional stopping	conditionalstopsignal,stopsignal			
ds000005	16	6	yes		no	Mixed-gambles task	mixedgamblestask			
ds000003	13	6	yes		no	Rhyme judgment	rhymejudgment			
ds000002	17	6	yes		no	Classification learning	deterministicclassification,mixedeventrelatedprobe,probabilisticclassification			
ds000001	16	6	yes		no	Balloon Analog Risk-taking Task	balloonanalogrisktask			
ds005427	20	5	yes		yes	The neural dynamics associated with computational complexity	ksdp			
ds005027	81	5	yes		yes	Michigan Longitudinal Study	reward			
ds004917	53	5	yes		yes	Probability Decision-making Task with ambiguity	pdm			
ds004460	20	5	yes		yes	EEG and motion capture data set for a full-body/joystick rotation task	Rotation			
ds002411	29	5	yes		yes	fMRI dataset on program comprehension and expertise	ProgramCategorization			
ds002158	20	5	yes		yes	Disentangling the origins of confidence in speeded perceptual judgments through multimodal imaging	main,rest			
ds000031	1	5	yes		yes	Myconnectome	breathhold,dots,language,nback,objects,rest,retinotopy,spatialwm			
ds006266	20	5	yes		no	TOAM – Trajectory of a Memory Trace. Human episodic memory 7T fMRI dataset				
ds006265	20	5	yes		no	TOAM – Trajectory of a Memory Trace. Human episodic memory 7T fMRI dataset				
ds006191	12	5	no		no	PAFIN: PennLINC AFfective INstability- TEDANA+AROMA Derivatives				
ds006018	127	5	yes		no	Cognitive Electrophysiology in Socioeconomic Context in Adulthood: An EEG dataset				
ds005920	31	5	yes		no	A naturalistic fMRI dataset in response to public speaking				
ds005581	24	5	yes		no	Integration of overlapping sequences emerges with consolidation through mPFC neural ensembles and hippocampal-cortical connectivity				
ds005448	13	5	yes		no	STReEF				
ds005371	14	5	yes		no	Test-retest reliability of multi-metabolite edited MRS at 3T using PRESS and sLASER				
ds004995	20	5	yes		no	The Time-Course of Food Representation in the Human Brain				
ds004952	10	5	yes		no	ChineseEEG: A Chinese Linguistic Corpora EEG Dataset for Semantic Alignment and Neural Decoding				
ds004926	40	5	yes		no	Reliability of taskbased fMRI in the dorsal horn of the human spinal cord	heat			
ds004670	7	5	yes		no	Visual Illusion Reconstruction				
ds004516	43	5	yes		no	AVID: Audio-Visual Individual Differences dataset				
ds004477	9	5	yes		no	PES - Pandemic Emergency Scenario				
ds004466	127	5	yes		no	Mapping the Connectome of Synaesthesia: An Open Access MRI Dataset	rest			
ds004370	7	5	yes		no	PRIOS				
ds004332	22	5	yes		no	Datasets with and without deliberate head movements for evaluating the performance of markerless prospective motion correction and selective reacquisition in a general clinical protocol for brain MRI				
ds004331	30	5	yes		no	The spatiotemporal neural dynamics of object recognition for natural images and line drawings (fMRI)	localizer,main			
ds004196	4	5	yes		no	Bimodal dataset on Inner speech				
ds004169	991	5	yes		no	Queensland Twin IMaging (QTIM)				
ds004097	8	5	yes		no	An open-access accelerated adult equivalent of the ABCD Study neuroimaging dataset (a-ABCD)	MID,SST,nback,rest			
ds004044	62	5	yes		no	An fMRI dataset for whole-body somatotopic mapping in humans	motor			
ds003927	7	5	yes		no	Informative neural representations of unseen contents during higher-order processing in human brains and deep artificial networks				
ds003676	22	5	yes		no	diffusion_fMRI				
ds003642	3	5	yes		no	CEREBRUM-7T: Fast and Fully-volumetric Brain Segmentation of 7 Tesla MR Volumes				
ds003563	1	5	yes		no	Data from: Comprehensive ultrahigh resolution whole brain in vivo MRI dataset as a human phantom				
ds003542	34	5	yes		no	Adult language learners				
ds003430	7	5	yes		no	Attentionally modulated subjective images reconstructed from brain activity				
ds003358	35	5	yes		no	Brain Dynamics During Flow Experiences				
ds003325	33	5	yes		no	In vivo T1w MRI of a TDP-43 knock-in mouse model of ALS-FTD				
ds003017	25	5	yes		no	"An fMRI dataset in response to ""The Grand Budapest Hotel"", a socially-rich, naturalistic movie"	movie			
ds002393	19	5	yes		no	Spinal Cord MRI Public Database (Single-subject)				
ds002336	10	5	yes		no	A multi-modal human neuroimaging dataset for data integration: simultaneous EEG and fMRI acquisition during a motor imagery neurofeedback task: XP1	MIpost,MIpre,eegNF,eegfmriNF,fmriNF,motorloc			
ds002080	29	5	yes		no	BTC_postop				
ds001919	254	5	yes		no	Spinal Cord MRI Public Database (Multi-subjects)				
ds000255	2	5	yes		no	Visual image reconstruction	viewFigure,viewRandom			
ds000245	45	5	yes		no	ds000245_R1.0.0	rest			
ds000231	9	5	yes		no	Integration of sweet taste and metabolism determines carbohydrate reward-study 3	flavor			
ds000216	7	5	yes		no	Multiband Multi-Echo Imaging of Simultaneous Oxygenation and Flow Timeseries for Resting State Connectivity	rest			
ds000206	6	5	yes		no	DWI Traveling Human Phantom Study				
ds000201	86	5	yes		no	The Stockholm Sleepy Brain Study: Effects of Sleep Deprivation on Cognitive and Emotional Processing in Young and Old	PVT,arrows,faces,hands,rest,sleepiness,workingmemorytest			
ds000174	42	5	yes		no	T1-weighted structural MRI study of cannabis users at baseline and 3 years follow up				
ds000120	26	5	yes		no	Developmental changes in brain function underlying the influence of reward processing on inhibitory control (Slot Reward)	antisaccadetaskwithfixedorder			
ds004796	79	4	yes		yes	A Polish Electroencephalography, Alzheimer’s Risk-genes, Lifestyle and Neuroimaging (PEARL-Neuro) Database	msit,rest,sternberg			
ds004094	37	4	yes		yes	Effects of temporal community structure learning on reasoning decisions	group,induct,learn,parse,struct			
ds004012	30	4	yes		yes	BRAR_NQ	auditorystimuli			
ds003846	19	4	yes		yes	Prediction Error	PredictionError			
ds003684	22	4	yes		yes	Finger sequence planning	dsp			
ds002790	226	4	yes		yes	AOMIC-PIOP2	emomatching,restingstate,stopsignal,workingmemory			
ds002785	216	4	yes		yes	AOMIC-PIOP1	anticipation,emomatching,faces,gstroop,restingstate,workingmemory			
ds001787	24	4	yes		yes	EEG meditation study	meditation			
ds001771	40	4	yes		yes	InterTVA. A multimodal MRI dataset for the study of inter-individual differences in voice perception and identification.	identification,localizer			
ds000217	41	4	yes		yes	Route Learning	localizer,picturetest,routelearning			
ds006190	12	4	no		no	PAFIN: PennLINC AFfective INstability- TEDANA Derivatives				
ds006184	11	4	no		no	PAFIN: PennLINC AFfective INstability- QSIRecon Derivatives				
ds006126	5	4	yes		no	TDCS Modulation of Visual Cortex in Motor Imagery				
ds006001	7	4	yes		no	Probabilistic Mapping and Automated Segmentation of Human Brainstem White Matter Bundles				
ds005892	55	4	yes		no	Resting State MRI data from healthy control (HC), Parkinson's disease with normal cognition (PD-NC), and Parkinson's disease with mild cognitive impairment (PD-MCI) cohorts				
ds005594	16	4	yes		no	Alphabetic Decision Task (Arial Light Font)				
ds005555	128	4	yes		no	The Bitbrain Open Access Sleep (BOAS) dataset				
ds005422	1	4	yes		no	NextBrain Data Extension				
ds005115	1	4	yes		no	28andHe	rest			
ds005065	21	4	yes		no	Heuristics in risky decision-making relate to preferential representation of information MEG data				
ds004998	20	4	yes		no	Exploring the electrophysiology of Parkinson's disease - magnetoencephalography combined with deep brain recordings from the subthalamic nucleus.				
ds004965	133	4	yes		no	Truecrime				
ds004958	34	4	yes		no	The FreeSurfer Maintenance Dataset				
ds004909	29	4	yes		no	PACT_fMRI	RDMcolor,RDMlocalizer,RDMmotion			
ds004872	44	4	no		no	Emo-FilM Annotations				
ds004830	12	4	yes		no	Spatial Attention Decoding using fNIRS During Complex Scene Analysis				
ds004725	87	4	yes		no	Single Dose Intranasal Oxytocin Administration: Data from Healthy Younger and Older Adults	rest			
ds004715	11	4	yes		no	Symmetry & Luminance BOLD fMRI				
ds004572	52	4	yes		no	The effects of sham hypnosis techniques				
ds004514	12	4	yes		no	Simultaneous EEG and fNIRS recordings for semantic decoding of imagined animals and tools				
ds004509	20	4	yes		no	Extensive topographic remapping and functional sharpening in the adult rat visual pathway upon first visual experience				
ds004499	50	4	yes		no	Multi-echo simultaneous multislice fMRI dataset: Effect of acquisition parameters on fMRI data	FCNI1,FCNI2,FCNI3,FCNI4,FCNI5,FCNI6,FCNI7			
ds004469	66	4	yes		no	Temporal Lobe Epilepsy - UNAM				
ds004441	24	4	yes		no	Rat_diffusion_STZ				
ds004395	364	4	yes		no	Penn Electrophysiology of Encoding and Retrieval Study (PEERS)				
ds004323	32	4	yes		no	Atari-style video game learning fMRI	gameplay			
ds004229	2	4	yes		no	amnoise				
ds004161	24	4	yes		no	Turone Sheep Chronic Stress (TSCS)				
ds004142	10	4	yes		no	Exploring the Neural Correlates of Feedback-Related Reward Saliency and Valence During Real-Time fMRI-Based Neurofeedback	loc,nf			
ds004141	20	4	yes		no	Targeting Dynamic Facial Processing Mechanisms in Superior Temporal Sulcus Using fMRI Neurofeedback	auditoryfeedback,faceexplocalizer,nofeedback,visualfeedback			
ds004116	209	4	yes		no	StandardRat	rest			
ds004114	646	4	yes		no	MultiRat_rest	rest			
ds004068	48	4	yes		no	AutomatedZShimSpinalCord	onevol,rest			
ds003988	56	4	yes		no	The Reading Brain Project L2 Adults	read,rest			
ds003974	52	4	yes		no	The Reading Brain Project L1 Adults	read,rest			
ds003959	6	4	yes		no	Soma and Neurite Density MRI (SANDI) of the in-vivo mouse brain				
ds003929	9	4	yes		no	Rat_rest_awake				
ds003872	56	4	yes		no	The Reading Brain Project L2 Adults	read,rest			
ds003766	31	4	yes		no	A resource for assessing dynamic binary choices in the adult brain using EEG and mouse-tracking				
ds003716	1	4	yes		no	Subcortical DMN functional connectivity				
ds003540	32	4	yes		no	Which multiband factor should you choose for your resting-state fMRI study? The Emory Multiband Dataset	rest			
ds003520	17	4	yes		no	Rat_rest_STZ				
ds003097	928	4	yes		no	AOMIC-ID1000	moviewatching			
ds003004	34	4	yes		no	Imagined Emotion Study				
ds002741	30	4	yes		no	Animated caricatures fMRI study	caricatures,localizer			
ds002726	29	4	yes		no	Structural brain network of gifted children				
ds002574	3	4	yes		no	Cerebellum Retinotopic Mapping	prf			
ds002550	22	4	yes		no	Differential brain mechanisms of selection and maintenance of information during working memory (MEG data)				
ds002338	17	4	yes		no	A multi-modal human neuroimaging dataset for data integration: simultaneous EEG and fMRI acquisition during a motor imagery neurofeedback task: XP2	1dNF,2dNF,MIpost,MIpre			
ds002014	1	4	yes		no	Language Production fMRI	languageproduction			
ds001928	40	4	yes		no	Functional Connectivity of Music-Induced Analgesia in Fibromyalgia				
ds001927	23	4	yes		no	The physiological effects of non-invasive brain stimulation fundamentally differ across the human cortex				
ds001784	14	4	yes		no	Effects of ON/OFF deep brain stimulation on cognitive control in treatment-resistant depression (EEG)	afmsit,rest			
ds001595	1	4	no		no	Test dataset for XCP software	rest			
ds001344	15	4	yes		no	phfMRI_Control_Tasks	eyemovement,workingmemory			
ds001302	23	4	no		no	Inverse Base Rate				
ds001293	7	4	no		no	Multi-resolution 7T fMRI data on the representation of visual orientation				
ds001226	36	4	yes		no	BTC_preop				
ds001178	23	4	no		no	Example MR artifacts				
ds001132	16	4	yes		no	Sherlock	freerecall,sherlockPart1,sherlockPart2			
ds000258	89	4	yes		no	Multi-echo Cambridge	rest			
ds000254	13	4	yes		no	Multiband Multi-Echo Simultaneous ASL/BOLD for task-induced functional MRI	bilateralfingertapping			
ds000253	20	4	yes		no	Female action video game players.	localizer,run1,run2,run3,run4			
ds000238	35	4	yes		no	Trial timing for multivariate pattern analysis	med8,quick4n,quick6,slow10,slow12			
ds000237	13	4	yes		no	Phonological memory in sign language relies on the visuomotor neural system outside the left hemisphere language network	MemorySpan			
ds000236	18	4	yes		no	Whole-brain background-suppressed pCASL MRI with 1D-accelerated 3D RARE Stack-Of-Spirals Readout- Dataset 3	rest			
ds000235	4	4	yes		no	Whole-brain background-suppressed pCASL MRI with 1D-accelerated 3D RARE Stack-Of-Spirals Readout- Dataset 2	rest			
ds000234	5	4	yes		no	Whole-brain background-suppressed pCASL MRI with 1D-accelerated 3D RARE Stack-Of-Spirals Readout- Dataset 1	motorphotic			
ds000233	12	4	yes		no	Neural responses to naturalistic clips of behaving animals in two different task contexts	beh,tax			
ds000222	79	4	yes		no	Sequential Inference VBM				
ds000212	39	4	yes		no	Moral judgments of intentional and accidental moral violations across Harm and Purity domains				
ds000158	217	4	yes		no	The human Voice Areas: spatial organisation and inter-individual variability in temporal and extra-temporal cortices	passivelistening			
ds000157	30	4	yes		no	Block design food and nonfood picture viewing task	passiveimageviewing			
ds000138	16	4	yes		no	Spinal fMRI reveals decreased descending inhibition during secondary mechanical hyperalgesia	postheatstimulation,preheatstimulation			
ds000119	73	4	yes		no	Maturational Changes in Anterior Cingulate and Frontoparietal Recruitment Support the Development of Error Processing and Inhibitory Control (Antistate)	visualguidedsaccade			
ds000115	99	4	yes		no	Working memory in healthy and schizophrenic individuals	letter0backtask,letter1backtask,letter2backtask			
ds000053	59	4	yes		no	Training of loss aversion modulates neural sensitivity toward potential gains	baseline,posttest,training			
ds006239	83	3	yes		yes	A fMRI neuroimaging dataset of word reading with semantic and phonological localizers in children and adolescents	LocalASL,LocalEng,LocalSR0,LocalSem,ReadMean,ReadPhon			
ds005413	45	3	yes		yes	Expectation effects on pain and visual perception	expectpercept,visuallocalizer			
ds005340	15	3	yes		yes	Fundamental frequency predominantly drives talker differences in auditory brainstem responses to continuous speech	peakypitch			
ds005207	20	3	yes		yes	Surrey cEEGrid sleep data set	sleep			
ds005185	20	3	yes		yes	Ear-EEG Sleep Monitoring 2019 (EESM19)	ASSR,comfort,electrodeTestLab,sleep			
ds005178	10	3	yes		yes	Ear-EEG Sleep Monitoring 2023 (EESM23)	sleep			
ds005106	42	3	yes		yes	200 Objects Infants EEG	fix			
ds004977	4	3	yes		yes	CARLA: Adjusted common average referencing for cortico-cortical evoked potential data	ccep			
ds004817	20	3	yes		yes	EEG-attention-rsvp-exp2	rsvp			
ds004816	20	3	yes		yes	EEG-attention-rsvp-exp1	rsvp			
ds004692	30	3	yes		yes	Widespread frontoparietal fMRI activity is greatly affected by changes in criterion placement, not discriminability, during recognition memory and visual detection tests	study,test			
ds004398	1	3	yes		yes	planmemreplay	loc,post,rew,struct			
ds004128	32	3	yes		yes	Neural representations of others' traits predict social decisions	DG			
ds004103	66	3	yes		yes	Collaborations and deceptions in strategic interactions revealed by hyperscanning fMRI	OTCG			
ds004086	58	3	yes		yes	Triple Dissociation Revisited	RecogConf			
ds004073	51	3	yes		yes	Comparing language lateralisation using fMRI and fTCD	PD,SC,SD,SG,WC,WG			
ds003835	24	3	yes		yes	PE-Update				
ds003764	60	3	yes		yes	Functional magnetic resonance imaging data for the neural dynamics underlying the acquisition of distinct auditory categories	categorization			
ds003708	1	3	yes		yes	Basis profile curve identification to understand electrical stimulation effects in human brain networks	ccep			
ds003569	25	3	yes		yes	Neural correlates of confusability in recognition of morphologically complex Korean words	LDT			
ds003242	96	3	yes		yes	MRI data during a Cue Induced Craving task following food fasting, social isolation and baseline (within-subject design)	CIC,midloc			
ds002761	25	3	yes		yes	memoryreplay	loc,mem			
ds002738	36	3	yes		yes	rewardBeast	epi,rest,reward			
ds002351	25	3	yes		yes	Transposition confusability during visual word recognition	LDT			
ds000214	36	3	yes		yes	EUPD Cyberball	Cyberball			
ds006334	30	3	yes		no	Neocortical and Hippocampal Theta Oscillations Track Audiovisual Integration and Replay of Speech Memories				
ds006317	2	3	yes		no	Chisco-2.0				
ds006243	54	3	yes		no	Empathic Pain Task				
ds006211	25	3	yes		no	Brain bases for navigating acoustic features - fMRI dataset				
ds006189	24	3	no		no	PAFIN: PennLINC AFfective INstability- fMRIPost-AROMA Derivatives				
ds006188	22	3	no		no	PAFIN: PennLINC AFfective INstability- ASLPrep Derivatives				
ds006185	24	3	no		no	PAFIN: PennLINC AFfective INstability- fMRIPrep Derivatives				
ds006182	11	3	no		no	PAFIN: PennLINC AFfective INstability- QSIPrep Derivatives				
ds006169	80	3	yes		no	Longitudinal-Trajectories-Early-Brain-Development-Language				
ds006142	27	3	yes		no	Essex EEG Movie Memory dataset				
ds006138	1	3	yes		no	Neuroimaging Meta-analysis of Psychological Resilience				
ds006104	24	3	yes		no	EEG dataset for speech decoding				
ds006045	83	3	yes		no	Brain Functional Connectivity and Anatomical Features as Predictors of Cognitive Behavioral Therapy Outcome for Anxiety in Youths				
ds006039	31	3	yes		no	Category-specific Associative Inference in Memory Dataset				
ds005946	39	3	yes		no	ERC_CoG PROMENADE - WP2 - MetaImagery (Metaphor and Mental Imagery)				
ds005935	21	3	no		no	Mirror Neuron Study				
ds005895	25	3	yes		no	Loss of the lysosomal lipid flippase ATP10B leads to progressive dopaminergic neurodegeneration and parkinsonian motor deficits.				
ds005616	59	3	yes		no	whole-spine				
ds005531	6	3	yes		no	Narrative Movie fMRI Dataset				
ds005498	152	3	no		no	Single-pulse TMS fMRI	stim			
ds005455	77	3	yes		no	An fMRI dataset for investigating language control and cognitive control in bilinguals	CognitiveControl,LanguageControl			
ds005405	101	3	yes		no	Protecting the Aging Brain: fMRI study of the aging brain in acute ketosis				
ds005385	608	3	yes		no	Resting-state EEG data before and after cognitive activity across the adult lifespan and a 5-year follow-up				
ds005366	156	3	yes		no	Large-scale fMRI dataset for the design of motor-based Brain-Computer Interfaces				
ds005346	60	3	yes		no	Naturalistic fMRI and MEG recordings during viewing of a reality TV show				
ds005299	1	3	yes		no	Maternal Brain Project				
ds005266	68	3	yes		no	SoCal Kinesia and Incentivization for Parkinson's Disease (SKIP): Active Escape				
ds005265	78	3	yes		no	SoCal Kinesia and Incentivization for Parkinson's Disease (SKIP): Approach-Avoid				
ds005264	21	3	yes		no	SoCal Kinesia and Incentivization for Parkinson's Disease (SKIP): Ultra-High Field Functional Connectivity				
ds005263	68	3	yes		no	SoCal Kinesia and Incentivization for Parkinson's Disease (SKIP): Incentivized Reaching				
ds005258	2	3	no		no	Keep Control Validation Dataset				
ds005237	241	3	yes		no	Transdiagnostic Connectome Project				
ds005114	91	3	yes		no	EEG: DPX Cog Ctl Task in Acute Mild TBI				
ds005050	40	3	yes		no	Neural codes track prior events in a narrative and predict subsequent memory for details	videos			
ds004993	3	3	yes		no	WIRED ICM Sample Dataset - Workshop on Intracranial Recordings in Humans, Epilepsy, DBS				
ds004934	44	3	yes		no	fMRI dataset: Violations of psychological and physical expectations in human adult brains	DOTS,Motion,VOE,spWM			
ds004892	30	3	no		no	Emo-FilM				
ds004866	5	3	yes		no	Shanxi Enculturation				
ds004829	30	3	yes		no	Concurrent response and action effect representations across the somatomotor cortices during novel task preparation.				
ds004814	6	3	yes		no	High-res gradient echo EPI and 3D GRASE data of auditory cortex				
ds004798	15	3	yes		no	fMRI data for: Multimodal single-neuron, intracranial EEG, and fMRI brain responses during movie watching in human patients				
ds004795	148	3	yes		no	Simulated motion artifacts based on the (MR-ART) dataset (https://openneuro.org/datasets/ds004173/versions/1.0.2)				
ds004783	26	3	yes		no	Functional MRI dataset for evaluating brain synchrony among dance spectators	movie			
ds004776	1	3	yes		no	Infant FreeSurfer test subject (CNYBCH)				
ds004711	187	3	yes		no	AgeRisk	bart,delaydiscounting			
ds004604	50	3	yes		no	Cerebrovascular Reactivity Normative Dataset	gas			
ds004564	2	3	yes		no	Demo				
ds004513	20	3	yes		no	The energetic costs of the human connectome				
ds004495	40	3	yes		no	Episodic and Semantic Memory fMRI Dataset				
ds004483	19	3	yes		no	ABSeqMEG				
ds004482	23	3	yes		no	ABSeqfMRI				
ds004473	8	3	yes		no	sEEG Forced Two-Choice Task	SlowFast			
ds004467	18	3	yes		no	MRI data from 20 adults in response to videos of dialogue and monologue from Sesame Street	langloc,litlong,litshort,tom			
ds004455	94	3	yes		no	magic_carpet				
ds004389	26	3	yes		no	Somatosensory evoked potentials in the human spinal cord to mixed and sensory nerve stimulation				
ds004388	40	3	yes		no	Somatosensory evoked potentials in the human spinal cord to mixed nerve stimulation				
ds004381	18	3	yes		no	Intraoperative EEG dataset during medianus-tibialis stimulation with 8 different rates				
ds004348	9	3	yes		no	Ear-EEG Sleep Monitoring 2017 (EESM17)				
ds004346	1	3	yes		no	FLUX: A pipeline for MEG analysis				
ds004330	30	3	yes		no	The spatiotemporal neural dynamics of object recognition for natural images and line drawings (MEG)				
ds004284	18	3	yes		no	eeg-neuroforecasting				
ds004283	4	3	yes		no	neuroloki				
ds004276	19	3	yes		no	Auditory single word recognition in MEG				
ds004182	50	3	yes		no	Magic, Memory, and Curiosity (MMC) fMRI Dataset				
ds004146	417	3	yes		no	Queensland Twin Adolescent Brain (QTAB)				
ds004107	9	3	yes		no	MIND DATA				
ds003990	6	3	yes		no	fastVsSlowERtactile7T				
ds003922	14	3	yes		no	Multisensory Correlation Detector				
ds003838	86	3	yes		no	EEG, pupillometry, ECG and photoplethysmography, and behavioral data in the digit span task and rest				
ds003791	49	3	no		no	Sniffing the Human Body-Volatile Hexadecanal Blocks Aggression in Men but Triggers Aggression in Women	PSAP			
ds003763	62	3	yes		no	Interoception during aging: The heartbeat detection task				
ds003745	98	3	yes		no	An fMRI Dataset on Social Reward Processing and Decision Making in Younger and Older Adults	sharedreward,trust,ultimatum			
ds003717	60	3	yes		no	Visual and audiovisual speech perception associated with increased functional connectivity between sensory and motor regions				
ds003715	20	3	yes		no	Visual and auditory brain areas share a representational structure that supports emotion perception: fMRI data	viewing			
ds003710	13	3	yes		no	APPLESEED Example Dataset				
ds003661	5	3	yes		no	Sharpening of Hierarchical Visual Feature Representations of Blurred Images				
ds003653	87	3	yes		no	Cortical myelin measured by the T1w/T2w ratio in individuals with depressive disorders and healthy controls				
ds003626	10	3	yes		no	Inner Speech				
ds003592	301	3	yes		no	Neurocognitive aging data release with behavioral, structural, and multi-echo functional MRI measures				
ds003568	51	3	yes		no	Mood induction in MDD and healthy adolescents				
ds003565	156	3	yes		no	EEG: verbal working memory				
ds003523	91	3	yes		no	EEG: Visual Working Memory in Acute TBI				
ds003522	96	3	yes		no	EEG: Three-Stim Auditory Oddball and Rest in Acute and Chronic TBI				
ds003521	35	3	yes		no	FridayNightLights_Study2	movie			
ds003505	20	3	yes		no	VEPCON: Source imaging of high-density visual evoked potentials with multi-scale brain parcellations and connectomes				
ds003455	1	3	yes		no	Protecting the Aging Brain, Case-Study				
ds003453	39	3	yes		no	Protecting the Aging Brain, Bolus-Study				
ds003446	1	3	yes		no	newbi4fmri2020 Variant9 7T				
ds003445	1	3	yes		no	newbi4fmri2020 Variant8 Resting State				
ds003444	1	3	yes		no	newbi4fmri2020 Variant7 Prosopagnosia				
ds003443	1	3	yes		no	newbi4fmri2020 Variant6 Adaptation				
ds003442	1	3	yes		no	newbi4fmri2020 Variant5 Suboptimal Event Related				
ds003441	2	3	yes		no	newbi4fmri2020 Variant4 Motion				
ds003440	1	3	yes		no	newbi4fmri2020 Variant3 Caffeine				
ds003439	1	3	yes		no	newbi4fmri2020 Variant2 Suboptimal Slow Event Related				
ds003438	1	3	yes		no	newbi4fmri2020 Variant1 Suboptimal Block Designs				
ds003437	12	3	yes		no	Protecting the Aging Brain - Diet-Study				
ds003434	18	3	yes		no	newbi4fmri2020 Main Experiment				
ds003433	18	3	yes		no	newbi4fmri2020 Localizer				
ds003416	97	3	yes		no	MASiVar: Multisite, Multiscanner, and Multisubject Acquisitions for Studying Variability in Diffusion Weighted Magnetic Resonance Imaging				
ds003392	12	3	yes		no	NeuroSpin hMT+ Localizer DATA (MEG & aMRI)				
ds003357	32	3	yes		no	The influence of heart rate variability biofeedback on cardiac regulation and functional brain connectivity	rest			
ds003346	145	3	yes		no	SUDMEX_CONN: The Mexican dataset of cocaine use disorder patients.				
ds003345	75	3	yes		no	PenaltyKik.02				
ds003338	20	3	yes		no	Behavioral, physiological, and neural signatures of surprise during naturalistic sports viewing	None,recall,view			
ds003151	20	3	yes		no	Stress-associated brain activation across the hormonal contraceptive cycle				
ds003103	30	3	yes		no	Consensus-seeking and conflict-resolving: an fMRI study on college couples’ shopping interaction				
ds002898	27	3	yes		no	Monash rsPET-MR				
ds002878	35	3	yes		no	Creative desicion making in soccer	soccer			
ds002723	8	3	yes		no	A dataset recorded during development of an affective brain-computer music interface: testing session				
ds002721	31	3	yes		no	An EEG dataset recorded during affective music listening				
ds002717	59	3	yes		no	Unexplained Repeated Pregnancy Loss is Associated with Altered Perceptual and Brain Responses to Men’s Body-Odor				
ds002685	13	3	yes		no	IBC	ArchiEmotional,ArchiSocial,ArchiSpatial,ArchiStandard,Attention,Audi,Audio,Bang,ClipsTrn,ClipsVal,ColumbiaCards,ContRing,Discount,DotPatterns,Enumeration,ExpRing,HcpEmotion,HcpGambling,HcpLanguage,HcpMotor,HcpRelational,HcpSocial,HcpWm,Lec1,Lec2,MCSE,MTTNS,MTTWE,MVEB,MVIS,Moto,PreferenceFaces,PreferenceFood,PreferenceHouses,PreferencePaintings,RSVPLanguage,Raiders,RestingState,SelectiveStopSignal,Self,StopSignal,Stroop,TwoByTwo,VSTM,Visu,WardAndAllport,WedgeAnti,WedgeClock			
ds002602	56	3	yes		no	The Reading Brain Project L2 Adults	read,rest			
ds002551	7	3	yes		no	Mouse_rest_awake				
ds002547	26	3	yes		no	SharedStates				
ds002382	61	3	yes		no	Age-related differences in auditory cortex activity during spoken word recognition				
ds002345	345	3	yes		no	Narratives				
ds002306	6	3	yes		no	Over 100 Task fMRI Dataset				
ds002016	4	3	yes		no	BigBrainMRICoreg				
ds002000	21	3	yes		no	reinstatement_fidelity				
ds001981	24	3	yes		no	Temporal stability of fMRI in medetomidine-anesthetized rats	efs			
ds001946	24	3	yes		no	Hippocampal-neocortical interactions sharpen over time for predictive actions	actions,loc			
ds001942	10	3	yes		no	Auditory localization with 7T fMRI	auditory,rest			
ds001926	32	3	yes		no	Violation Differentiation	localizer,post,study,test			
ds001875	9	3	yes		no	TheVirtualBrain Macaque MRI	rest			
ds001748	62	3	yes		no	Differentiation of functional networks during long-term memory retrieval in children and adolescents				
ds001720	255	3	no		no	Mouse_rest_multicentre				
ds001371	47	3	no		no	Early signs of disrupted rule learning in adolescents at clinical high risk for psychosis				
ds001232	21	3	yes		no	Competition between items in working memory leads to forgetting	phase1,phase2			
ds001229	27	3	yes		no	Neural Evidence of the Strategic Choice Between Working Memory and Episodic Memory in Prospective Remembering.	em,wm			
ds000241	12	3	yes		no	AK6				
ds000221	318	3	yes		no	MPI-Leipzig_Mind-Brain-Body				
ds000219	21	3	yes		no	Flavour Pleasantness (Regular Products)	RPflavourtask			
ds000218	19	3	yes		no	Flavour Pleasantness (Oral Nutritional Supplements)	ONSflavourtask			
ds005795	34	2	yes		yes	MULTI-CLARID (Multimodal Category Learning and Resting-state Imaging Data)	learning,rest			
ds005642	21	2	yes		yes	illusory-face-eeg	faceobj			
ds005381	50	2	yes		yes	Discrimination-Estimation Task	DET			
ds005165	10	2	yes		yes	Modeling short visual events through the BOLD Moments video fMRI dataset and metadata.	localizer,test,train			
ds005087	20	2	yes		yes	rapid-hemifield-object-eeg	rsvp			
ds005021	36	2	yes		yes	Tilt Illusion by Phase	tiltillusion			
ds004636	111	2	yes		yes	Cognitive tasks, anatomical MRI, and functional MRI data evaluating the construct of self-regulation	ANT,CCTHot,DPX,WATT3,discountFix,motorSelectiveStop,rest,stopSignal,stroop,surveyMedley,twoByTwo			
ds004630	49	2	yes		yes	SpiDa-MRI-neuroimaging dataset				
ds004621	42	2	yes		yes	The Nencki-Symfonia EEG/ERP dataset	msit,oddball,rest,srt			
ds004457	5	2	yes		yes	Electrical stimulation of temporal and limbic circuitry produces distinct responses in human ventral temporal cortex	ccep			
ds004448	56	2	yes		yes	The BMI-HDEEG dataset 4	smrbmi			
ds004447	22	2	yes		yes	The BMI-HDEEG dataset 3	smrbmi			
ds004446	30	2	yes		yes	The BMI-HDEEG dataset 2	smrbmi			
ds004444	30	2	yes		yes	The BMI-HDEEG dataset 1	smrbmi			
ds004356	22	2	yes		yes	Subcortical responses to music and speech are alike while cortical responses diverge	MusicvsSpeech			
ds004341	28	2	yes		yes	semantic_encoding	semenc			
ds004302	71	2	yes		yes	Brain correlates of speech perception in schizophrenia patients with and without auditory hallucinations	speech			
ds004018	16	2	yes		yes	EEG recordings for 200 object images presented in RSVP sequences at 5Hz or 20Hz	rsvp			
ds003965	1	2	yes		yes	NI-edu-data-minimal	face,flocBLOCKED			
ds003814	10	2	yes		yes	Parallel systems for social and spatial reasoning	dyloc,famepisodic,famsemantic,famvisual,langloc,tomloc2			
ds003810	10	2	yes		yes	Motor Imagery vs Rest - Low-Cost EEG System	MIvsRest			
ds003722	10	2	yes		yes	Motor Imagery vs Rest - Low-Cost EEG system	MIvsRest			
ds003703	34	2	yes		yes	Frequency Tagging of Syntactic Structure or Lexical Properties	listeningToSpeech			
ds003553	19	2	yes		yes	Visser, Scholte & Kindt (2011) Journal of Neuroscience	FacesHousesTE27			
ds003499	90	2	yes		yes	Developmental change in prefrontal cortex recruitment supports the emergence of value-guided memory	freq1,freq2,freqreports1,freqreports2,memtest1,memtest2,pairedassociates1,pairedassociates2			
ds003495	24	2	yes		yes	dStreamUpgrade	emomatching,restingstate			
ds002995	18	2	yes		yes	Taste Quality Representation in the Human Brain	tastemap			
ds002647	91	2	yes		yes	Isometric exercise facilitates attention to salient events in women via the noradrenergic system	IHG,Oddball			
ds002603	23	2	yes		yes	MB-EPI-comparison	wm			
ds002366	34	2	yes		yes	Emotion regulation in the Ageing Brain, University of Reading, BBSRC	emoregRun1,emoregRun2,emoregRun3,emoregRun4			
ds002041	25	2	yes		yes	Mesolimbic dopamine D2 receptors and neural representations of subjective value	TD,rest			
ds002011	22	2	yes		yes	Locus coeruleus activity strengthens prioritized memories under arousal	Overlap,ppalocalizer			
ds001971	20	2	yes		yes	Audiocue walking study	AudioCueWalkingStudy			
ds001810	47	2	yes		yes	EEG study of the attentional blink; before, during, and after transcranial Direct Current Stimulation (tDCS)	attentionalblink			
ds001499	4	2	yes		yes	BOLD5000	5000scenes,localizer			
ds006462	100	2	yes		no	agency-cfs				
ds006446	29	2	yes		no	Cueing the future to reduce temporal discounting				
ds006267	24	2	yes		no	The NIMH Intramural Longitudinal Study of the Endocrine and Neurobiological Events Accompanying Puberty dataset				
ds006224	27	2	yes		no	Cortical connectivity predicts cognition across time in Parkinson's Disease				
ds006206	5	2	yes		no	Motion-robust resting-state BOLD functional MRI in healthy adults at 10.5 Tesla				
ds006181	1	2	yes		no	Connectome 2.0 Diffusion MRI (in vivo)				
ds006171	36	2	no		no	EEG data during three near-threshold visual detection tasks: a no-cue task, a noninformative cue task (50% validity), and an informative cue task (100% validity)				
ds006143	66	2	no		no	PAFIN: PennLINC AFfective INstability- MRIQC Derivatives	bao,rat,rest			
ds006123	1	2	yes		no	2024Phantom3D				
ds006111	100	2	no		no	Stanford Emotional Narratives fMRI Dataset				
ds006105	75	2	yes		no	Skewed Gambling Task: Deconstructing neural predictors of risky choice				
ds006072	11	2	yes		no	Psilocybin Precision Functional Mapping (data from Psilocybin desynchronizes the human brain)				
ds006035	5	2	yes		no	somatomotor				
ds005931	8	2	yes		no	Visuomotor_task				
ds005927	2	2	yes		no	Flow2-Chekin2025				
ds005857	33	2	yes		no	ltpDelayRepFRReadOnly				
ds005850	68	2	yes		no	Spoken narrative comprehension in Chinese				
ds005787	19	2	yes		no	NOD-EEG				
ds005783	16	2	yes		no	Representation of navigational affordances and ego-motion in the occipital place area - dataset	EXP,LOC			
ds005776	11	2	no		no	Electrical_Thermal_FingerTapping_2015				
ds005700	40	2	yes		no	NeuroEmo: An fMRI Dataset for Emotion Recognition				
ds005664	9	2	yes		no	San Diego State University Traveling Subjects Diffusion MRI (SDSU-TS) Dataset				
ds005624	24	2	yes		no	Color Change Detection Task				
ds005620	21	2	yes		no	A repeated awakening study exploring the capacity of complexity measures to capture dreaming during propofol sedation				
ds005597	4	2	yes		no	Retrospective Task/Rest fMRI Data from Tumor Patients - for Sora				
ds005574	9	2	yes		no	"The ""Podcast"" ECoG dataset"				
ds005573	16	2	yes		no	A comparison of resting state functional magnetic resonance imaging to invasive electrocortical stimulation for sensorimotor mapping in pediatric patients	rest			
ds005559	42	2	yes		no	Item and spatial pattern separation				
ds005545	106	2	yes		no	Auditory naming				
ds005540	60	2	yes		no	EmoEEG-MC: A Multi-Context Emotional EEG Dataset for Cross-Context Emotion Decoding				
ds005534	191	2	yes		no	MultiRat_se				
ds005530	18	2	yes		no	Depotentiation of emotional reactivity using TMR during REM sleep				
ds005520	23	2	yes		no	Research data supporting 'EEG recording during playing MOBA game'				
ds005496	6	2	yes		no	Whisker Stim				
ds005494	20	2	yes		no	Cued Recall of Paired Associates with Open-Loop Stimulation at Encoding or Retrieval				
ds005464	29	2	yes		no	Priority				
ds005429	15	2	yes		no	Auditory oddball comparison (Optimum-1, Learning-oddball, and the local–global paradigm)				
ds005420	37	2	yes		no	Resting state EEG with closed eyes and open eyes in females from 60 to 80 years old				
ds005406	29	2	yes		no	EEG frequency tagging reveals the integration of dissimilar observed actions				
ds005403	32	2	yes		no	Delayed Auditory Feedback EEG/EGG				
ds005398	185	2	yes		no	Open iEEG Dataset				
ds005383	30	2	yes		no	TMNRED, A Chinese Language EEG Dataset for Fuzzy Semantic Target Identification in Natural Reading Environments				
ds005363	43	2	yes		no	Object recognition in healthy aging (ORHA) - EEG				
ds005355	12	2	yes		no	BSC_BIDS_071724				
ds005345	26	2	yes		no	Le Petit Prince (LPP) Multi-talker: Naturalistic 7T fMRI and EEG Dataset				
ds005307	7	2	yes		no	Laser-evoked potentials in the human spinal cord and cortex				
ds005304	35	2	yes		no	Neural Bases of Psychological Reactance: An fMRI Study on Dogmatic and Suggestive Health Communication				
ds005261	17	2	yes		no	Gloups_MEG				
ds005241	24	2	yes		no	NeuroMorph: A High-Temporal Resolution MEG Dataset for Morpheme-Based Linguistic Analysis				
ds005143	397	2	yes		no	Spinal Cord fMRI Segmentation  Database (Multi-subject)	rest			
ds005123	114	2	yes		no	Social Reward and Nonsocial Reward Processing Across the Adult Lifespan: An Interim Multi-echo fMRI and Diffusion Dataset	doors,sharedreward,socialdoors,trust,ugr			
ds005077	14	2	yes		no	optofMRI_DRN				
ds005073	31	2	yes		no	The Neural Basis of Visual Shape Completion in Schizophrenia and Bipolar Disorder				
ds005072	1	2	yes		no	test				
ds005069	1	2	yes		no	test				
ds005040	50	2	yes		no	Political Moralization (PMM)	clip,pm			
ds005003	42	2	yes		no	Retrospective Task/Rest fMRI Data from Tumor Patients				
ds004951	11	2	yes		no	Braille letters - EEG				
ds004906	5	2	yes		no	RF shimming in the cervical spinal cord at 7T				
ds004873	75	2	yes		no	Two distinct modes of hemodynamic responses in the human brain				
ds004837	60	2	yes		no	Magnetoencephalographic (MEG) Pitch and Duration Mismatch Negativity (MMN) in First-Episode Psychosis				
ds004819	1	2	yes		no	Flexible, Scalable, High Channel Count Stereo-Electrode for Recording in the Human Brain				
ds004808	24	2	yes		no	Brainstem fMRI signaling of surprise across different types of deviant stimuli				
ds004787	5	2	yes		no	NIMH METeR (Multi-Echo Test-Retest)				
ds004770	10	2	yes		no	iEEG on children during gameplay				
ds004706	34	2	yes		no	Spatial memory and non-invasive closed-loop stimulus timing				
ds004697	84	2	yes		no	Food and Brain Study				
ds004669	8	2	yes		no	Natural Dialogue fMRI Dataset				
ds004603	37	2	yes		no	Visual Attribute-Specific Contextual Trajectory Paradigm				
ds004582	73	2	yes		no	FakeFaceEmo_data				
ds004569	58	2	yes		no	A high-density diffuse optical tomography dataset of naturalistic viewing				
ds004561	23	2	yes		no	Illusion of Agency over Electrically-Actuated Movements				
ds004539	10	2	yes		no	Event-related VASO				
ds004529	34	2	yes		no	Modeling Face Recognition in the Predictive Coding Framework:  A Combined Computational Modeling and Functional Imaging Study - Stage 2	frapps,localizer			
ds004507	10	2	yes		no	Spinal Cord Head Positions				
ds004489	15	2	yes		no	Raw data for Engaging in word recognition elicits highly specific modulations in visual cortex				
ds004450	3	2	yes		no	XCP_WALKTHROUGH				
ds004393	32	2	yes		no	Fear in the mind's eye: the neural correlates of differential fear acquisision to imagined conditioned stimuli				
ds004359	57	2	yes		no	SixthSense				
ds004327	47	2	yes		no	Odour-imagery ability is linked to food craving, intake, and adiposity change in humans	odor			
ds004324	26	2	yes		no	ToonFaces				
ds004305	32	2	yes		no	Mapping neuroinflammation in vivo with diffusion-MRI in rats given a systemic lipopolysaccharide challenge				
ds004301	11	2	yes		no	An fMRI Dataset for Concept Representation with semantic feature annotations				
ds004286	23	2	yes		no	Multidimensional memory topography in the medial parietal cortex identified from neuroimaging of thousands of daily memory videos				
ds004280	2	2	yes		no	hyper	hyper			
ds004278	30	2	yes		no	Sustained Neural Representations of Personally Familiar People and Places During Cued Recall				
ds004254	15	2	yes		no	Germ-free_MRI				
ds004252	1	2	yes		no	Rotation-tolerant representations elucidate the time course of high-level object processing				
ds004147	12	2	yes		no	Average Task Value				
ds004145	49	2	yes		no	GDMOffspring_MRI				
ds004144	66	2	yes		no	A behavioral, clinical and brain imaging dataset with focus on emotion regulation of females with fibromyalgia				
ds004127	8	2	yes		no	Somatosensory Cortex Rat DISC Data				
ds004102	32	2	yes		no	Stimulation of the dorsolateral prefrontsal cortex modulates brain cue reactivity to reward(un)availability				
ds004100	57	2	yes		no	HUP iEEG Epilepsy Dataset				
ds004067	80	2	yes		no	Moral conviction and metacognitive ability shape multiple stages of information processing	sjt			
ds004043	20	2	yes		no	The time-course of feature-based attention effects dissociated from temporal expectation and target-related processes	tempex			
ds004040	13	2	yes		no	Trance channeling EEG study				
ds004024	13	2	yes		no	TMS-EEG-MRI-fMRI-DWI data on paired associative stimulation and connectivity (Shirley Ryan AbilityLab, Chicago, IL)				
ds004011	22	2	yes		no	The nature of neural object representations during dynamic occlusion				
ds003928	10	2	yes		no	Rat_rest_standardRAT				
ds003871	62	2	yes		no	Resting-state for 34 younger and 28 older adults				
ds003850	1	2	yes		no	Next Gen VASO data at <0.1 micro liter voxels for ISMRM 2022	vis			
ds003799	48	2	yes		no	MRI Lab Graz: A Two-Week Running Intervention Reduces Symptoms Related to Depression and Increases Hippocampal Volume in Young Adults				
ds003770	8	2	yes		no	Depression Treatment by Medial Prefrontal Real-Time fMRI Neurofeedback	emnfb			
ds003751	40	2	yes		no	Dataset on Emotion with Naturalistic Stimuli (DENS)				
ds003739	30	2	yes		no	Perturbed beam-walking task				
ds003720	5	2	yes		no	Music Genre fMRI Dataset				
ds003702	47	2	yes		no	Social Memory cuing				
ds003694	28	2	no		no	MEGMEM				
ds003655	156	2	yes		no	VerbalWorkingMemory				
ds003647	34	2	yes		no	Deciphering the scopolamine rat model by preclinical functional MRI	whiskerasl,whiskerepi			
ds003638	57	2	yes		no	EEG: Electrophysiological biomarkers of behavioral dimensions  from cross-species paradigms				
ds003633	12	2	yes		no	ForrestGump-MEG				
ds003620	44	2	yes		no	Runabout: A mobile EEG study of auditory oddball processing in laboratory and real-world conditions				
ds003570	40	2	yes		no	EEG: Improvisation and Musical Structures				
ds003548	16	2	yes		no	Emotion Category and Face Perception Task Optimized for Multivariate Pattern Analysis	emotionalfaces,rest			
ds003545	24	2	yes		no	Adolescent language learners				
ds003524	13	2	yes		no	FridayNightLights_Study1	movie			
ds003466	21	2	yes		no	Haptic three-dimensional curved surface exploration fMRI dataset	motor,rest			
ds003463	22	2	yes		no	In vivo multi-parametric manganese-enhanced MRI for detecting senile plaques in rodent models of Alzheimer’s disease				
ds003425	13	2	yes		no	Mental imagery can generate and regulate acquired differential fear conditioned reactivity				
ds003424	28	2	yes		no	Identification of an Amygdala-Thalamic Circuit That Acts as a Central Gain Mechanism in Taste Perception	resting,taste			
ds003419	47	2	yes		no	MRI Lab Graz: Two weeks Running Reduces Depressive Symptoms and Increases Hippocampal Volume in Young Adults				
ds003417	18	2	yes		no	3D Mapping of Neurofibrillary Tangle Burden in the Human Medial Temporal Lobe				
ds003397	15	2	yes		no	Monash DaCRA-fPET-fMRI	checkerboard			
ds003352	18	2	yes		no					
ds003171	17	2	yes		no	Modeling an auditory stimulated brain under altered states of consciousness using the generalized ising model				
ds003170	16	2	yes		no	changepoint fmri	changepoint			
ds003146	33	2	yes		no	vocal task	vocal			
ds003104	1	2	yes		no	MNE-somato-data-bids dataset (anonymized)				
ds003089	20	2	yes		no	Somatosensory phase-encoded bilateral full-body light touch stimulation				
ds003082	2	2	yes		no	Auditory Cortex Mapping Dataset				
ds003059	15	2	yes		no	Neural correlates of the LSD experience revealed by multimodal neuroimaging				
ds002885	2	2	yes		no	DBS Phantom Recordings				
ds002778	31	2	yes		no	UC San Diego Resting State EEG Data from Patients with Parkinson's Disease	rest			
ds002766	3	2	yes		no	Cast-induced plasticity				
ds002739	24	2	yes		no	Simultaneous EEG-fMRI - Confidence in perceptual decisions	main			
ds002724	10	2	yes		no	A dataset recorded during development of an affective brain-computer music interface: training sessions				
ds002722	19	2	yes		no	A dataset recorded during development of an affective brain-computer music interface: calibration session				
ds002720	18	2	yes		no	A  dataset  recorded  during  development  of a  tempo-based  brain-computer  music  interface				
ds002712	25	2	yes		no	Numbers and Letters				
ds002609	49	2	yes		no	RPN-signature_Study2	rest			
ds002608	41	2	yes		no	RPN-signature_Study1	rest			
ds002330	66	2	no		no	Neuroimaging predictors of creativity in healthy adults	rest			
ds002320	82	2	yes		no	Dynamic_Passive_Threat				
ds001923	14	2	yes		no	Anterior cingulate engagement in a foraging context reflects choice difficulty, not foraging value (2)	forage			
ds001921	15	2	yes		no	Anterior cingulate engagement in a foraging context reflects choice difficulty, not foraging value (1)	forage			
ds001907	46	2	yes		no	ANT: Healthy aging and Parkinson's disease	ANT,rest			
ds001868	1	2	yes		no	Brainstorm Tutorial ECoG/sEEG				
ds001761	4	2	yes		no	Reconstructing Faces from fMRI Patterns using Deep Generative Neural Networks.				
ds001747	92	2	yes		no	Exploring the Resting State Neural Activity of Monolinguals and Late and Early Bilinguals				
ds001621	20	2	yes		no	Neural representations of events arise from temporal community structure	commstruc			
ds001614	31	2	no		no	Perceptual decisions result from the continuous accumulation of memory and sensory evidence	learn,localizer,respTrain,test			
ds001607	32	2	no		no	Reinstated episodic context guides sampling-based decisions for reward	learn,loc,test			
ds001591	2	2	yes		no	Mouse_rest_KCLtraining				
ds001576	36	2	no		no	Refresh my memory: Episodic memory reinstatements intrude on working memory maintenance	dnms,learn			
ds001547	5	2	yes		no	Layer VASO in visual system				
ds001545	30	2	yes		no	Learning Naturalistic Temporal Structure in the Posterior Medial Network	movie			
ds001529	38	2	no		no	Mouse_rest_anesthesia				
ds001497	10	2	yes		no	Long-term Memory (LTM) for famous Faces, Places, and common Objects				
ds001430	31	2	yes		no	Neural Overlap in Item Representations Across Episodes Impairs Context Memory	loc,phase1,phase2,phase3			
ds001419	1	2	yes		no	thoughtExperiment				
ds001345	12	2	yes		no	Decoding of multisensory semantics and memories in low-level visual cortex	memory			
ds001299	19	2	yes		no	NumberlineMarking				
ds001233	18	2	yes		no	singleFingerRSA	cuedSFM			
ds001168	22	2	yes		no	A high resolution 7-Tesla resting-state fMRI test-retest dataset with cognitive and physiological measures	rest			
ds001145	24	2	yes		no	Twilight Zone Movie Watching Dataset	watchmovie			
ds001131	54	2	yes		no	Milky-Vodka	milky,scrambled,synonyms,vodka			
ds001019	35	2	no		no	navLearn	navlearn			
ds000228	155	2	yes		no	MRI data of 3-12 year old children and adults during viewing of a short animated film	pixar			
ds000224	10	2	yes		no	The Midnight Scan Club (MSC) dataset	glasslexical,memoryfaces,memoryscenes,memorywords,motor,rest			
ds000210	31	2	yes		no	Multi-echo fMRI replication sample of autobiographical memory, prospection and theory of mind reasoning tasks	cuedSGT,rest			
ds000200	14	2	yes		no	Pre-adolescents Exposure to Manganese	olfactory			
ds000168	35	2	yes		no	Offline Processing in Associative Learning	OP			
ds000149	15	2	no		no	Scene Perception	picturemanualresponse,picturenback			
ds000140	33	2	yes		no	Distinct brain systems mediate the effects of nociceptive input and self-regulation on pain	heatpainwithregulationandratings			
ds000114	10	2	no		no	A test-retest fMRI dataset for motor, language and spatial attention functions.	covertverbgeneration,fingerfootlips,linebisection,overtverbgeneration,overtwordrepetition			
ds006472	40	1	yes		yes	Population Receptive Fields in Developmental Prosopagnosics and Controls	multi,pRF			
ds006366	92	1	yes		yes	Mouse Sleep Staging Validation dataset (MSSV)	sleep			
ds006303	149	1	yes		yes	Reduced Threat-Related Neural Efficiency: A Possible Biomarker for Pediatric Anxiety Disorder.	TAU1,TAU2,rest			
ds006131	12	1	yes		yes	PAFIN: PennLINC AFfective INstability	bao,rat,rest			
ds006005	12	1	yes		yes	The temporal specificity of BOLD fMRI is systematically related to anatomical and vascular features of the human brain	0p05,0p10,0p20			
ds005884	22	1	yes		yes	CoSpine Database_motor_dataset	motorL,motorR			
ds005883	39	1	yes		yes	CoSpine Database_pain_dataset	pain			
ds005754	220	1	yes		yes	Multivariate Assessment of Inhibitory Control in Youth: Links with Psychopathology and Brain Function Dataset	StopSignal,antisaccade,axcpt,flanker,rest			
ds005577	70	1	yes		yes	Functional and structural differences in adults with dyslexia	read,rhyme,wgen			
ds005571	29	1	no		yes	Expectation of Conflict Stimuli	gnga,gngb,msit			
ds005551	47	1	yes		yes	Testing neural mechanisms of event segmentation with fMRI				
ds005521	2	1	yes		yes	Macaque Color, Contrast, and Spatial Frequency Dataset	meridianmapper			
ds005460	160	1	yes		yes	CLIMATE BRAIN - Questionnaires, Tasks and the Neuroimaging Dataset	cet,stories			
ds005454	5	1	yes		yes	fMRIPrep boot camp -- 7T training dataset	mixed,rest			
ds005407	25	1	yes		yes	The effect of speech masking on the subcortical response to speech	peakysnr			
ds005397	26	1	yes		yes	Affordances of stairs	tectonic			
ds005364	100	1	no		yes	neuroCOVID MRI dWI and fMRI with reversal learning	rl			
ds005289	39	1	yes		yes	39 By BP	39ByBP			
ds005285	29	1	yes		yes	29 By ANT	29ByANT			
ds005250	8	1	yes		yes	Single-echo/multi-echo comparison pilot	fracback,rest			
ds005226	65	1	yes		yes	An fMRI Dataset on Occluded Image Interpretation for Human Amodal Completion Research	image			
ds005047	5	1	yes		yes	An fMRI dataset in response to large-scale short natural dynamic facial expression videos	face			
ds004996	50	1	yes		yes	NeuroEngage	conversation			
ds004894	49	1	yes		yes	Heart rate and insula activity increase in response to music in individuals with high interoceptive sensitivity				
ds004746	395	1	yes		yes	Paingen_placebo	paingen			
ds004592	27	1	yes		yes	SONG dataset	documentary,gradCPTface,gradCPTscene,sitcomep1,sitcomep2			
ds004584	149	1	yes		yes	Rest eyes open	Rest			
ds004580	147	1	yes		yes	Simon-conflict Task.	Simon			
ds004579	139	1	yes		yes	Interval Timing Task	IntervalTiming			
ds004574	146	1	yes		yes	Cross-modal Oddball Task.	Oddball			
ds004563	40	1	yes		yes	Vicarious touch: overlapping neural patterns between seeing and feeling touch	touchdecoding			
ds004562	23	1	yes		yes	MVPA for motor adaptation	adaptation			
ds004557	35	1	yes		yes	The role of superstition of cognitive control during neurofeedback training - part 2	feedback			
ds004556	53	1	yes		yes	The role of superstition of cognitive control during neurofeedback training - part 1	feedback			
ds004496	30	1	yes		yes	A large-scale fMRI dataset for the visual processing of naturalistic scenes	coco,floc,imagenet,prf			
ds004488	30	1	yes		yes	A large-scale fMRI dataset for human action recognition	action			
ds004475	30	1	yes		yes	Mobile EEG split-belt walking study	task			
ds004400	25	1	yes		yes	Number comparison task	NumberComparison			
ds004357	16	1	yes		yes	Features-EEG	rsvp			
ds004312	20	1	yes		yes	A common neural code for representing imagined and inferred tastes	foodpicture,tasteimagine			
ds004200	20	1	yes		yes	Temporal Scaling	temporalscaling			
ds004010	24	1	yes		yes	MAVIS	MultisensoryDetectionTask			
ds003858	12	1	yes		yes	Monetary Incentive Delay task	MID			
ds003851	44	1	yes		yes	Category-biased neural representations form spontaneously during learning that emphasizes memory for specific instances	train			
ds003772	32	1	yes		yes	Functionally dissociable influences on learning rate in a dynamic environment	changepoint			
ds003758	15	1	yes		yes	Dynamic representation of the subjective value of information	beads			
ds003721	35	1	yes		yes	A naturalistic paradigm to investigate post-encoding neural activation patterns in relation to subsequent voluntary and intrusive recall of distressing events	BI,Film,React			
ds003574	18	1	yes		yes	Reward biases spontaneous neural reactivation during sleep	game,rest			
ds003554	41	1	yes		yes	Visser et al. 2015 Psychoneuroendocrinology	RepYo1,RepYo2			
ds003550	38	1	yes		yes	Visser, Scholte, Beemsterboer, & Kindt (2013) Nature Neuroscience	RepMem1,RepMem2B			
ds003500	38	1	yes		yes	Response inhibition and selective attention in adults and children with and without ADHD	Conj19Sel,Conj1Inh,Conj9Inh,Feat19Sel,Feat1Inh,Feat9Inh			
ds003340	20	1	yes		yes	Tasting Pictures: Viewing Images of Foods Evokes Taste-Quality-Specific Activity in Gustatory Insular Cortex	foodpicture,tastemap			
ds003083	26	1	yes		yes	Brain Correlates of Math Processing in Adults	Mult,Num,Rhyming,Sub			
ds003076	17	1	no		yes	Brain Correlates of Deductive Reasoning in Adults	Syllogisms,Transitive			
ds003028	26	1	yes		yes	Brain Correlates of Math Processing in Adults	Mult,Num,Rhyming,Sub			
ds002941	26	1	yes		yes	Brain Correlates of Math Processing in Adults	Mult,Num,Rhyming,Sub			
ds002905	18	1	yes		yes	simpcomp_rawdata	languagelocalizer,maindesign			
ds002886	56	1	yes		yes	Brain Development of Deductive Reasoning	Syllogisms,Transitive			
ds002879	32	1	yes		yes	Brain Correlates of Multisensory Lexical Processing in Adults	AANonWord,AAWord,VVNonWord,VVWord			
ds002872	39	1	yes		yes	Aging	illusion			
ds002843	166	1	yes		yes	Cognitive Training	itc,rest,risk			
ds002776	26	1	yes		yes	Motor sequence learning	motorseq			
ds002687	24	1	yes		yes	Working Memory and Reward in Adults	SLD,SLI,SSD,SSI,VLD,VLI,VSD,VSI			
ds002620	82	1	yes		yes	Emotion regulation in the Ageing Brain, University of Reading, BBSRC	emoregRun1,emoregRun2,emoregRun3,emoregRun4			
ds002522	48	1	yes		yes	Contrast Response Functions	CRF			
ds002424	79	1	yes		yes	Working Memory and Reward in Children with and without Attention Deficit Hyperactivity Disorder (ADHD)	SLD,SLI,SSD,SSI,VLD,VLI,VSD,VSI			
ds002236	91	1	yes		yes	Cross-Sectional Multidomain Lexical Processing	AudRhyme,AudSem,AudSpell,VisRhyme,VisSem,VisSpell			
ds002218	18	1	yes		yes	Auditory and Visual Rhythm Omission EEG	Experiment			
ds002185	22	1	yes		yes	Human Olfaction Without Apparent Olfactory Bulbs	odors			
ds002013	4	1	yes		yes	StimDisc	CircCon,CircRun			
ds001894	188	1	yes		yes	Longitudinal Brain Correlates of Multisensory Lexical Processing in Children	AANonWord,AAWord,AVNonWord,AVWord,VVNonWord,VVWord			
ds001838	53	1	no		yes	Handedness and Symbolic Number Representation	Adaptation			
ds001814	35	1	yes		yes	Neuroanatomical correlates of approach-avoidance conflict (fMRI)	ARC			
ds001785	19	1	yes		yes	Evidence accumulation relates to perceptual consciousness and monitoring	adapt,thrdown,thrup			
ds001740	25	1	no		yes	Brain activity during reciprocal social interaction investigated using conversational robots as control condition	convers			
ds001597	20	1	yes		yes	multiFingerRSA	cuedMFM			
ds001553	3	1	yes		yes	100 runs at 3T	checkerboard			
ds006460	17	1	no		no	High-DensityvSparsefNIRS_WordColorStroop_HD_Anderson_2025				
ds006459	17	1	no		no	High-DensityvSparsefNIRS_WordColorStroop_Sparse_Anderson_2025				
ds006444	13	1	yes		no	Benchmarking the Impact of Anatomical Segmentation on In Vivo Magnetic Resonance Spectroscopy				
ds006395	91	1	yes		no	Upper limb dystonia, cervical dystonia and healthy controls dataset				
ds006373	2	1	yes		no	Cast Dataset				
ds006269	24	1	yes		no	Tethered EEG Recordings in Syngap1 rats				
ds006253	21	1	yes		no	MetaRDK				
ds006234	119	1	yes		no	Auditory naming				
ds006233	108	1	yes		no	Picture naming				
ds006193	1	1	no		no	PAFIN: PennLINC AFfective INstability (Test Dataset)	bao,rat			
ds006179	40	1	yes		no	An Efficient Multifunction fMRI Localizer for High-Level Visual, Auditory, and Cognitive Regions in Humans	ebavwfa,effloc,eploc,foss,lang,speech,spwm			
ds006107	166	1	no		no	iEEG_Neural_spatial_volatility				
ds006071	1	1	yes		no	LangFC results (derivatives) from Shain & Fedorenko (2025)				
ds006067	118	1	yes		no	ThinkAloud	thinkaloud			
ds005964	17	1	yes		no	FRESH Audio Dataset				
ds005963	10	1	yes		no	FRESH Motor Dataset				
ds005947	48	1	yes		no	Repulsion of hippocampal representations driven by distinct internal beliefs.				
ds005930	12	1	no		no	BallSqueezingHD_Gao2023				
ds005929	7	1	no		no	Motion-Yucel2014				
ds005926	1	1	no		no	Red Nucleus				
ds005891	21	1	yes		no	RSfMRI	releasesuppression			
ds005880	20	1	yes		no	BIDS Dataset for the Diminished Seventh Chord				
ds005874	59	1	yes		no	An fMRI Dataset for Appetite Neural Correlates in People Living with Motor Neuron Disease				
ds005851	138	1	no		no	Processed MPM qMRI aging data				
ds005811	19	1	yes		no	NOD-EEG				
ds005810	31	1	yes		no	NOD-MEG				
ds005779	19	1	yes		no	Real-time personalized brain state-dependent TMS in healthy adults				
ds005777	14	1	yes		no	Electrical_Morphine_Placebo_2018				
ds005747	90	1	yes		no	7T fMRI Resting-state Dataset				
ds005733	33	1	yes		no	Avatar task				
ds005704	25	1	yes		no	How sturdy is your memory palace? Reliable room representations predict subsequent reinstatement of placed objects	pathvideo,recall,roomobjectvideo,roomvideo			
ds005699	4	1	yes		no	Connectomix test dataset 2				
ds005692	30	1	yes		no	SpinalExpect_NonInvasive				
ds005691	8	1	yes		no	SpinalExpect_Invasive				
ds005688	20	1	yes		no	visStim				
ds005639	49	1	yes		no	Human V4 size predicts crowding distance	bar1,bar2,bar3,wedgering1,wedgering2,wedgering3			
ds005636	78	1	yes		no	Effects of environmental enrichment on functional connectivity in C58 mice (adult cohort)				
ds005635	18	1	yes		no	Effects of environmental enrichment on functional connectivity in C58 mice (juvenile cohort)				
ds005625	1	1	yes		no	Connectomix test dataset 1				
ds005623	68	1	yes		no	test				
ds005619	7	1	yes		no	[18F]SF51, a Novel 18F-labeled PET Radioligand for Translocator Protein 18kDa (TSPO) in Brain, Works Well in Monkeys but Fails in Humans				
ds005605	18	1	yes		no	Positron Emission Tomography Quantification in rodents of Cyclooxygenase-2 (COX-2), a Potential Biomarker of Neuroinflammation				
ds005604	49	1	no		no	V4 crowding	bar1,bar2,bar3,wedgering1,wedgering2,wedgering3			
ds005600	59	1	yes		no	Thalamocortical contributions to hierarchical cognitive control	ThalHi			
ds005598	45	1	yes		no	Visuomotor Rotation Learning and Reward-based motor learning	RLbaseline,RLlearning,leftbaseline,lefttransfer,rest,rightbaseline,rightlearning			
ds005595	200	1	yes		no	Precise perivascular space segmentation on T2-weighted magnetic resonance imaging from Human Connectome Project-Aging				
ds005590	7	1	yes		no	[18F]SF51, a Novel 18F-labeled PET Radioligand for Translocator Protein 18kDa (TSPO) in Brain, Works Well in Monkeys but Fails in Humans				
ds005576	25	1	yes		no	dataset for 7T odor fMRI experiment				
ds005529	186	1	yes		no	DP-pCASL data (CBF, ATT, BBB kw) from 186 cognitively normal participants (8-92 years).				
ds005504	68	1	no		no	Psychosocial adversity and inhibitory control: an fMRI study of children growing up in extreme poverty				
ds005497	19	1	yes		no	Visual Stim				
ds005469	43	1	yes		no	Sense of agency in free and coerced moral decision-making among civilians and military personnel				
ds005468	24	1	yes		no	Coordinated Representations for Naturalistic Memory Encoding and Retrieval in Hippocampal Neural Subspaces				
ds005467	24	1	yes		no	University of Florida Mouse Sepsis fMRI Study				
ds005449	122	1	yes		no	Valenced tactile information is evoked by neutral visual cues following emotional learning				
ds005431	42	1	yes		no	Animal Brain Collection Project				
ds005416	23	1	yes		no	Fatigue Characterization of EEG under Mixed Reality Stereo Vision				
ds005412	1	1	yes		no	Grant DataSet				
ds005402	34	1	yes		no	MPTP mouse	rest			
ds005341	49	1	yes		no	PREDYS				
ds005279	30	1	yes		no	Picture-Word Interference Dataset				
ds005262	12	1	yes		no	ArEEG: Arabic Inner Speech EEG dataset				
ds005238	11	1	yes		no	High-resolution CBV and BOLD in the human somatosensory cortex during finger stimulation at 7T				
ds005236	59	1	yes		no	Effects of environmental enrichment on brain microstructure in C58 mice (adult cohort)				
ds005189	30	1	yes		no	Search Superiority Recollection Familiarity				
ds005186	16	1	yes		no	Effects of environmental enrichment on brain microstructure in C58 mice (juvenile cohort)				
ds005170	5	1	yes		no	Chisco				
ds005148	16	1	no		no	WMFS				
ds005137	22	1	yes		no	WHIM Syndrome-linked CXCR4 mutation alters cerebellar cytoarchitecture during early development triggering long-lasting behavioral defects				
ds005127	16	1	yes		no	AMRI 16-N-0031 sleep1				
ds005121	34	1	yes		no	Siefert2024				
ds005118	1	1	yes		no	Weill Cornell Medicine Multi-echo (WCM-ME) Dataset	rest			
ds005096	63	1	yes		no	Royal Brisbane_TOFMRA_Intracranial Aneurysm_Database				
ds005095	48	1	yes		no	STERNBERG DIFFICULT				
ds005093	11	1	yes		no	Evaluation of microglia activation related markers following a clinical course of TBS: a non-human primate study				
ds005085	10	1	yes		no	Sequence pilot: multiecho and multiband fMRI	sharedreward			
ds005075	31	1	yes		no	Simultaneous Brain and Spinal Cord at rest: an fMRI dataset				
ds005038	58	1	yes		no	Modality-based Multitasking and Practice - fMRI				
ds005016	147	1	no		no	MBSR				
ds005009	15	1	yes		no	Simultaneous cortical, subcortical, and brainstem mapping of sensory activation	lefthand,rightfoot,righthand			
ds005007	40	1	no		no	Auditory naming task with questions that begin or end with a wh-interrogative				
ds004962	28	1	yes		no	MRI dataset evaluating the effect of head down tilt 15° on cerebral perfusion in acute ischemic experimental stroke				
ds004957	18	1	yes		no	A comparison of denoising approaches for spoken word production related artefacts in continuous multiband fMRI data	naming			
ds004943	5	1	yes		no	Characterisation of laminar and vascular spatiotemporal dynamics of CBV and BOLD signals using VASO and ME-GRE at 7T in humans	stimulation			
ds004937	22	1	yes		no	Effects of a seven-week running intervention with moderate intensity on the volume of the hippocampus and depressive symptoms in young men from the general population.	cesd,demographics			
ds004929	12	1	no		no	BallSqueezingHD				
ds004884	230	1	yes		no	Aphasia Recovery Cohort (ARC) Dataset	naming40,rest			
ds004868	10	1	yes		no	[11C]PS13 demonstrates pharmacologically selective and substantial binding to cyclooxygenase-1 (COX-1) in the human brain				
ds004859	7	1	no		no	iEEG on children during Stroop task				
ds004848	73	1	yes		no	Game of Thrones - A naturalistic viewing dataset				
ds004840	9	1	yes		no	Dataset of electrophysiological signals (EEG, ECG, EMG) during Music therapy with adult burn patients in the Intensive Care Unit.				
ds004815	8	1	yes		no	Selective attention sharpens population receptive fields in human auditory cortex				
ds004797	10	1	no		no	Functional imaging				
ds004791	68	1	yes		no	Kwok et al., 2023, Human Brain Mapping				
ds004786	40	1	yes		no	MorphoSem				
ds004775	28	1	yes		no	Vicarious Punishment of Moral Violations in Naturalistic Drama Narratives  Predicts Cortical Synchronization				
ds004765	71	1	yes		no	language fMRI	rest			
ds004752	15	1	yes		no	Dataset of intracranial EEG, scalp EEG and beamforming sources from epilepsy patients performing a verbal working memory task				
ds004743	19	1	yes		no	AudioTact_YA				
ds004738	4	1	yes		no	sfb_meg_phantom (B04/C01)				
ds004737	20	1	yes		no	CS-DSI				
ds004720	2	1	yes		no	Descriptive name for this dataset				
ds004717	42	1	yes		no	Utilizing Amide Proton Transfer Technique to Characterise Diffuse Gliomas Based on WHO 2021 Classification of CNS Tumors				
ds004712	20	1	yes		no	ON-Harmony: A resource for development and comparison of multi-modal brain 3T MRI harmonisation approaches				
ds004666	1	1	yes		no	EDDEN: Evaluation of Diffusion MRI DENoising				
ds004663	34	1	yes		no	CommCon	commpost,commpre,tv			
ds004662	8	1	yes		no	Denoising task-correlated head motion from motor-task fMRI data with multi-echo ICA				
ds004656	15	1	yes		no	Neural reactivity to visual food stimuli is reduced in some areas of the brain during evening hours compared to morning hours: an fMRI study in women				
ds004650	1	1	yes		no	The MN dataset				
ds004642	10	1	yes		no	Intraoperative recordings of medianus stimulation with low and high impedance ECoG				
ds004631	38	1	yes		no	Top-down attention impacts neural dynamics during narratives with overlapping event scripts	listen			
ds004620	8	1	yes		no	Macaque angiography dataset				
ds004616	26	1	yes		no	Spatial distribution of hand-grasp motor task activity in spinal cord functional magnetic resonance imaging				
ds004611	73	1	yes		no	Developmental Relaxometry 2023				
ds004598	9	1	no		no	LFP during linear track in 6-month old TgF344-AD rats				
ds004597	27	1	yes		no	Gloups				
ds004594	20	1	yes		no	Brain surface fingerprints	matchjudgment			
ds004590	4	1	yes		no	ds004590				
ds004581	30	1	yes		no	Brain Differences in Monolingual and Highly Proficient Multilingual Speakers				
ds004577	103	1	yes		no	Dataset containing resting EEG for a sample of 103 normal infants in the first year of life				
ds004560	2	1	yes		no	The Phantom of Bern: repeated scans of two volunteers with eight different combinations of MR sequence parameters				
ds004553	50	1	yes		no	Learning rules of engagement for social exchange within and between groups	nonsoc,social			
ds004551	114	1	yes		no	iEEG on children during slow wave sleep				
ds004542	4	1	no		no	Social interaction dyads				
ds004511	45	1	yes		no	Deception_data				
ds004510	3	1	yes		no	An fMRI dataset for testing semantic language decoders	AttendFemaleSpeaker,AttendMaleSpeaker,ImaginedSpeech,laluna,partlycloudy,presto,sintel			
ds004505	25	1	yes		no	Real World Table Tennis				
ds004504	88	1	yes		no	A dataset of EEG recordings from: Alzheimer's disease, Frontotemporal dementia and Healthy subjects				
ds004484	20	1	yes		no	Neural activity induced by sensory stimulation can drive large-scale cerebrospinal fluid flow during wakefulness in humans				
ds004471	40	1	yes		no	London Heath Sciences Center Parkinson's Disease Dataset (LHSCPD)				
ds004470	32	1	yes		no	Stereotactic Neurosurgery Dataset (SNSX)				
ds004465	15	1	yes		no	functional MRI of sleeping pigeons				
ds004456	42	1	yes		no	Bilingual speech production with functional localizers				
ds004440	49	1	yes		no	Stanford Child and Adult Checkerboard Retinotopy Dataset				
ds004406	23	1	no		no	RID	HSR			
ds004347	24	1	yes		no	Symmetry perception and affective responses: a combined EEG/EMG study				
ds004317	50	1	yes		no	Mood Manipulation and PST, Experiment 2				
ds004315	50	1	yes		no	Mood Manipulation and PST, Experiment 1				
ds004299	123	1	yes		no	Characterizing habit learning in the human brain at the individual and group levels: a multi-modal MRI study	extinction,reacquisition,rest,training			
ds004285	78	1	yes		no	Listening task				
ds004279	56	1	yes		no	Large Spanish EEG				
ds004274	33	1	yes		no	A Chemical Signal in Human Emotional Tears Blocks Aggression in Men	PSAP			
ds004261	57	1	yes		no	Cross-stage neural pattern similarity in the hippocampus predicts false memory derived from post-event inaccurate information	memoryTest,originalEvent,postEvent			
ds004259	64	1	no		no	Individual risk attitudes arise from noise in neurocognitive magnitude representations.	numrisk			
ds004230	16	1	yes		no	First-in-human evaluation of [11C]PS13, a novel PET radioligand, to quantify cyclooxygenase-1 in the brain				
ds004226	28	1	no		no	Summed social cognition: additive neural representations of situations, mental states, and actions	sitrep			
ds004219	10	1	no		no	Litebook_Alertness_Study				
ds004217	67	1	no		no	Interacting representations of mental states and traits	mentalstates			
ds004187	3	1	yes		no	LGN Layers Data				
ds004173	148	1	yes		no	Movement-related artefacts (MR-ART) dataset				
ds004134	36	1	yes		no	Experience Sampling in Resting State	ExpSamp			
ds004092	27	1	yes		no	Imaging the influence of peripheral TRPV1-signaling on cerebral nociceptive processing applying fMRI-based graph theory in a resiniferatoxin rat model	heat			
ds004054	42	1	yes		no	Aerobic Glycolysis Imaging PET-MRI				
ds004042	20	1	yes		no	FilmFestival	movie,recall			
ds004038	31	1	yes		no	TOME-Go2022VestibularMRI				
ds004017	21	1	yes		no	Embodied Learning for Literacy EEG				
ds004015	36	1	yes		no	Attended speaker paradigm (cEEGrid data)				
ds004009	33	1	no		no	Abstract-Category-Signal				
ds003989	3	1	yes		no	Structural, diffusion and rs-functional MRI data in Macaque Monkeys				
ds003969	98	1	yes		no	Meditation vs thinking task				
ds003949	284	1	yes		no	Lausanne_TOF-MRA_Aneurysm_Cohort				
ds003947	61	1	yes		no	EEG: First Episode Psychosis vs. Control Resting Task 2				
ds003944	82	1	yes		no	EEG: First Episode Psychosis vs. Control Resting Task 1				
ds003887	24	1	yes		no	Capacity for movement is an organisational principle in object representations: EEG data from Experiment 2	movement			
ds003885	24	1	yes		no	Capacity for movement is an organisational principle in object representations: EEG data from Experiment 1	movement			
ds003877	79	1	yes		no	BrainMorphometry_DiminishedGrowth_BEANstudy_2021				
ds003831	74	1	yes		no	Cognitive Control Theoretic Mechanisms of Real-time fMRI-Guided Neuromodulation (CTM)	identify1,identify2,modulate1,modulate2,rest			
ds003830	37	1	no		no	resting state fMRI of 17 idiopathic epileptic dogs and 20 healthy control dogs				
ds003826	136	1	yes		no	Structural (t1) images of 136 young healthy adults; study of effects of chronotype, sleep quality and daytime sleepiness on brain structure.				
ds003821	284	1	yes		no	Lausanne_TOF-MRA_Aneurysm_Cohort				
ds003789	32	1	yes		no	Dynamic changes in neural representations underlie the repetition eﬀect on false memory	encoding,retrieval			
ds003787	44	1	yes		no	NYU Retinotopy Dataset				
ds003775	111	1	yes		no	SRM Resting-state EEG				
ds003768	33	1	yes		no	Simultaneous EEG and fMRI signals during sleep from humans				
ds003707	36	1	yes		no	Abrupt hippocampal remapping signals resolution of memory interference.	obj,scene			
ds003691	29	1	yes		no	FeedBES - FeedBack signals from Episodic and Semantic memories.	bars,ecc,feedBES,polar,retmap,sensoryT,tarmap			
ds003690	75	1	yes		no	EEG, ECG and pupil data from young and older adults: rest and auditory cued reaction time tasks				
ds003673	27	1	yes		no	Yale Resting State fMRI/Pupillometry: Arousal Study				
ds003669	47	1	no		no	Confidence in Detection and Discrimination	detectdiscrim			
ds003643	112	1	yes		no	Le Petit Prince: A multilingual fMRI corpus using ecological stimuli				
ds003612	51	1	yes		no	The impact of handedness on the neural correlates during kinesthetic motor imagery: a FMRI study	execution,imagery			
ds003590	1	1	yes		no	Robust joint registration of multiple stains  and MRI for multimodal 3D histology reconstruction: Application to the Allen human brain atlas				
ds003555	30	1	yes		no	Dataset of EEG recordings of pediatric patients with epilepsy based on the 10-20 system	hfo			
ds003516	25	1	yes		no	EEG: Attended Speaker Paradigm (Own Name in Ignored Stream)				
ds003508	57	1	yes		no	Language Learning Aptitude dataset				
ds003507	21	1	yes		no	fMRI: Audiovisual Valence Congruence				
ds003506	56	1	yes		no	EEG: Reinforcement Learning in Parkinson's				
ds003484	20	1	yes		no	Foraging in competitive and hazardous environments				
ds003474	122	1	yes		no	EEG: Probabilistic Selection and Depression				
ds003470	20	1	yes		no	Target processing in overt serial visual search involves the dorsal attention network: A fixation-based event-related fMRI study.				
ds003469	81	1	yes		no	Speech disfluencies: Neurophysiological aspect in normal population				
ds003468	26	1	yes		no	IQSEC2_sMRI_fMRI				
ds003427	4	1	yes		no	Effects of Phase Regression on High-Resolution Functional MRI of the Primary Visual Cortex	checkerboard			
ds003404	20	1	yes		no	Brain Network Mechanisms of Visual Shape Completion				
ds003401	35	1	yes		no	ASRT (alternating serial reaction time)	asrt			
ds003382	10	1	yes		no	Monash vis-fPET-fMRI	fullchecker,halfchecker,rest			
ds003343	20	1	yes		no	Disentangling the percepts of illusory movement and sensory stimulation during tendon vibration in the EEG				
ds003233	25	1	yes		no	Think Like an Expert				
ds003195	10	1	yes		no	Placebo Neuroepo multisession				
ds003194	15	1	yes		no	Neuroepo multisession				
ds003176	34	1	yes		no	Neurophysiological indicators of internal attention: An fMRI–eye-tracking coregistration study	EyeMag			
ds003145	147	1	yes		no	BOLD Verb Generation	verbgen			
ds003138	53	1	yes		no	Tidying Up White Matter: Neuroplastic Transformations in Sensorimotor Tracts following Slackline Skill Acquisition				
ds003126	58	1	yes		no	MRI Lab Graz: Reading-related functional activity in children with isolated spelling deficits and dyslexia	read			
ds003114	49	1	yes		no	How ovarian hormones influence the behaviroal activation and inhibition system through the dopamine pathway				
ds003094	16	1	yes		no	Analogical reasoning sequential design fMRI	analogy			
ds003039	19	1	yes		no	free walking study				
ds003027	23	1	no		no	plp_nf1_dMRI_fMRI				
ds003012	29	1	yes		no	action-in-auctions	doubleauction			
ds003011	4	1	yes		no	Social Processes Initiative in Neurobiology of the Schizophrenia(s) Traveling Human Phantoms	rest			
ds003007	29	1	yes		no	Two sessions of resting state with closed eyes for patients with depression in treatment course (NFB, CBT or No treatment groups)	rest			
ds002990	20	1	yes		no	Consensus-seeking and conflict-resolving: an fMRI study on college couples’ shopping interaction				
ds002936	3	1	yes		no	Neuroharmony sample exanple				
ds002908	13	1	no		no	Human MEG recordings during sequential conflict task				
ds002896	38	1	yes		no	Resting State fMRI study of non bothersome tinnitus	rest			
ds002841	29	1	yes		no	Intuitive physics with fMRI	localizer,masscolor,massfriction,masstask			
ds002814	21	1	yes		no	A Multimodal Neuroimaging Dataset to Study Spatiotemporal Dynamics of Visual Processing in Humans	categorySelectivity			
ds002799	26	1	yes		no	Human es-fMRI Resource: Concurrent deep-brain stimulation and whole-brain functional MRI				
ds002797	22	1	yes		no	eLife39497	Main			
ds002793	28	1	yes		no	ToM following strong vs weak priors				
ds002773	19	1	yes		no	Retrieval practice facilitates memory updating by enhancing and differentiating medial prefrontal cortex representations	localizer,retrieval,updating			
ds002748	72	1	yes		no	Resting state with closed eyes for patients with depression and healthy participants	rest			
ds002743	3	1	yes		no	TEST1				
ds002734	22	1	yes		no	Evidence Accumulation in Value-Based decisions	main			
ds002733	1	1	yes		no	Bids Pilot Project	rest			
ds002725	21	1	yes		no	A dataset recording joint EEG-fMRI during affective music listening				
ds002715	8	1	no		no	AVScenes_Blind				
ds002711	15	1	yes		no	Smiley	smiley			
ds002675	24	1	yes		no	The language network reemerges during recovery from severe traumatic brain injury	language			
ds002643	80	1	no		no	Can we have a second helping? A replication study on the neurobiological mechanisms underlying self-control				
ds002614	1	1	yes		no	Meditacion Interocepcion				
ds002543	49	1	yes		no	Learning, Inhibitory Control, and Perception	RLlearningphase,RLtestphase,Stopsignal,ppaffalomapper			
ds002422	46	1	no		no	fMRI: resting state and arithmetic task				
ds002385	149	1	yes		no	PETfrog				
ds002372	1	1	yes		no	Yale_Single_Subject_Task_Rest30x				
ds002358	1	1	yes		no	columnar Finger representations				
ds002355	29	1	no		no	Intuitive physics with fMRI	localizer,masscolor,massfriction,masstask			
ds002328	1	1	yes		no	FSL open science dev dataset				
ds002322	26	1	yes		no	The Alice Dataset: fMRI Dataset to Study Natural Language Comprehension in the Brain				
ds002311	23	1	no		no	Multiple-object tracking as atool for parametrically modulating memory reactivation	loc,mot,postmemory,prememory			
ds002307	19	1	yes		no	individual_dMRI_fMRI				
ds002270	19	1	yes		no	Viewing_food_cues	viewingfoodhighres,viewingfoodlowres			
ds002237	16	1	no		no	Briefly cueing memories leads to suppression of their neural representations	loc,postmemory,prememory,rsvp			
ds002232	6	1	yes		no	Caltech rsfMRI Dataset				
ds002181	226	1	yes		no	CRYPTO and PROVIDE EEG Baseline Data				
ds002168	48	1	yes		no	Pattern Separation beyond the Hippocampus: A High-Resolution Whole-Brain Investigation of Mnemonic Discrimination in Healthy Adults	mst			
ds002154	24	1	no		no	Mouse_rest_psilocybin_pilot				
ds002149	20	1	yes		no	Conditional Visual Associative Learning Task	condassoc			
ds002087	1	1	yes		no	Datasets with and without deliberate head movements for detection and imputation of dropout in diffusion MRI				
ds002034	14	1	yes		no	Real-time EEG feedback on alpha power lateralization leads to behavioral improvements in a covert attention task				
ds002006	30	1	no		no	Memory and decision making dataset	ColorDots,FoodChoice,Memory			
ds001984	15	1	yes		no	Image segmentation Based on Relative Motion and Relative Disparity Cues (passive fixation)				
ds001978	14	1	yes		no	Image segmentation Based on Relative Motion and Relative Disparity Cues (central letter task)				
ds001972	33	1	yes		no	SVNDL anatomical data				
ds001849	20	1	no		no	RS_TMSEEG_Data	tmseegrest			
ds001847	32	1	no		no	A Probability Distribution over Latent Causes, in the Orbitofrontal Cortex	photo			
ds001775	24	1	no		no	Neural Differentiation Tracks Improved Recall of Competing Memories Following Interleaved Study and Retrieval Practice	RP,restudy			
ds001762	31	1	no		no	Dorsal anterior cingulate and ventromedial prefrontal cortex have inverse roles in both foraging and economic choice	forage			
ds001745	24	1	no		no	A neural signature of contextually mediated intentional forgetting	ImageLoc,StudyTest,loc			
ds001725	40	1	no		no	Mouse_rest_psilocybin				
ds001715	34	1	no		no	Dissociable neural mechanisms track evidence accumulation for selection of attention versus action	dts			
ds001635	16	1	yes		no	Visual working memory: Study two Task fMRI and Behavioural response				
ds001634	19	1	yes		no	Visual working memory: Study one Task fMRI and Behavioural response				
ds001619	11	1	yes		no	Voluntary Task Switching Reward				
ds001618	36	1	no		no	Shared and differential default-mode related patterns of activity in an autobiographical, a self-referential and an attentional task	autobio,nback,self			
ds001612	24	1	no		no	Offline replay supports planning in human reinforcement learning	loc,main			
ds001600	1	1	yes		no	Example Fieldmaps	rest			
ds001563	1	1	yes		no	CMRR Workshop				
ds001555	3	1	yes		no	Large Single-Subject Functional MRI Datasets at 7T	FullFovAttentionTask,FullFovNoAttentionTask,HalfFovNoTask			
ds001554	23	1	no		no	Neural pattern change during encoding of a narrative predicts retrospective duration estimates	listening			
ds001551	34	1	no		no	Pupil mimicry promotes trust through the theory-of-mind network	trust			
ds001541	16	1	yes		no	Mouse_opto_DRN				
ds001534	42	1	no		no	Calorie-labeled food cues	calorieimage,foodimage			
ds001525	17	1	yes		no	Syllable level speech sequencing	localizer,repetition			
ds001521	41	1	yes		no	Lingering representations of stimuli influence recall organization	localizer,study			
ds001511	13	1	yes		no	Schematic narrative perception and recall (scrambled)	CMIYC,scrambled			
ds001510	31	1	yes		no	Schematic narrative perception and recall (intact)	perception,recall,schemarecall			
ds001491	20	1	yes		no	Valence processing differs across stimulus modalities (Multi-echo)	FlavorRun1,FlavorRun2,FlavorRun3,FlavorRun4,images			
ds001486	132	1	yes		no	Brain Correlates of Math Development	Mult,Num,Rhyming,Sub			
ds001482	33	1	yes		no	Vocal task	vocal			
ds001421	1	1	yes		no	[11C]SB207145 PET Cimbi database example				
ds001420	2	1	yes		no	[11C]DASB PET Cimbi database example				
ds001417	36	1	yes		no	CAT snacks functional plasticity	probe,responsetosnacks			
ds001408	52	1	yes		no	rsfMRI_single_session_EEG_NF				
ds001378	25	1	yes		no	SCA2 Diffusion Tensor Imaging				
ds001365	35	1	no		no	Indiv Diffs ReadingSkill				
ds001357	18	1	no		no	NameFacePriming	familiarity,viewing			
ds001354	28	1	yes		no	PD De Novo: Resting State fMRI and Physiological Signals				
ds001339	14	1	no		no	SocialBrain	iaps			
ds001338	22	1	yes		no	ParanoiaStory	story1,story2,story3			
ds001306	17	1	yes		no	negative_template	vissearch			
ds001297	33	1	no		no	Personally familiar faces	faceidentityoddball			
ds001235	12	1	yes		no	Human-Object Interaction	1back			
ds001218	30	1	no		no	State representation pictures	mentalstates			
ds001110	37	1	yes		no	Sherlock_Merlin	MerlinAudio,MerlinFreerecall,MerlinMovie,SherlockAudio,SherlockFreerecall,SherlockMovie			
ds001105	28	1	no		no	Social predictive coding	mentalstates			
ds000229	15	1	yes		no	Integration of sweet taste and metabolism determines carbohydrate reward - study 1	flavor			
ds000205	11	1	yes		no	Affective Videos	functionallocalizer,view			
ds000204	1	1	no		no	Imaging [18F]AV-1451 and [18F]AV-45 in acute and chronic traumatic brain injury				
ds000171	39	1	yes		no	Neural Processing of Emotional Musical and Nonmusical Stimuli in Depression	music,nonmusic			
ds000148	49	1	yes		no	Who can afford self-control? The neural efficiency mechanism explains effective self-regulation of behavior	figure2backwith1backlures			
ds000116	17	1	yes		no	Auditory and Visual Oddball EEG-fMRI	auditoryoddballwithbuttonresponsetotargetstimuli,visualoddballwithbuttonresponsetotargetstimuli			
ds006466	66	0	yes		yes	HeartBEAM	active,activeS,passive,passiveS,resting,restingS			
ds005841	48	0	yes		yes	EEG Experiment measuring ERPs in VR				
ds005589	32	0	yes		yes	A multi-subject and multi-session EEG dataset for modelling human visual object recognition	lowSpeed,rsvp			
ds005586	23	0	yes		yes	Electroencephalographic responses to the number of objects in partially occluded and uncovered scenes	PassiveViewing			
ds005473	29	0	yes		yes	29 By BP	29ByBP			
ds005292	142	0	yes		yes	142 by Biosemi	142ByBiosemi			
ds005291	65	0	yes		yes	65 By ANT	65ByANT			
ds005286	30	0	yes		yes	30 By ANT	30ByANT			
ds005284	26	0	yes		yes	26 By Biosemi	26ByBiosemi			
ds005280	223	0	yes		yes	223 By BP	223ByBP			
ds005166	103	0	yes		yes	A framework for leveraging technology to probe mechanism: A proof of concept study of inhibitory control	AXCPT,SST,flanker			
ds005128	40	0	yes		yes	Deception Signaling Task	deception			
ds004980	17	0	no		yes	EEG data set for a architectural affordances task	DefaultTask			
ds004928	10	0	yes		yes	Predictive Processing in the Auditory Cortex measured at 7T	tones			
ds004860	31	0	yes		yes	Investigating the cognitive conflict triggered by moral judgment of accidental harm : an event-related potentials study	HarmN400			
ds004532	110	0	yes		yes	EEG: Probabilistic Selection Task (PST) + PST with Cabergoline Challenge	PST			
ds004368	39	0	yes		yes	Meta-rdk: Preprocessed EEG data	task			
ds004367	40	0	yes		yes	Meta-rdk: Raw EEG data	rdk			
ds004349	57	0	yes		yes	Evaluating methods for measuring background connectivity in slow event-related fMRI designs	expo,rest			
ds004295	26	0	yes		yes	Reward gain and punishment avoidance reversal learning	task			
ds004271	2	0	yes		yes	gaze_exp	AttendFixGazeCenterFS,AttendStimGazeCenterFS,Calib,GazeCCW,GazeCW,GazeColumns,GazeLines			
ds004228	70	0	no		yes	Early stressful experiences are associated with reduced neural responses to naturalistic emotional and social content in children	piper			
ds004158	20	0	yes		yes	rest_eye	rest			
ds004091	8	0	yes		yes	GAZE PRF	AttendFixGazeCenter,AttendFixGazeCenterFS,AttendFixGazeLeft,AttendFixGazeRight,AttendStimGazeCenter,AttendStimGazeCenterFS,AttendStimGazeLeft,AttendStimGazeRight			
ds003825	50	0	yes		yes	Human electroencephalography recordings from 50 subjects for 22,248 images from 1,854 object concepts	rsvp			
ds003711	35	0	no		yes	The Contributionsof Eye Gaze Fixations and Target-Lure Similarity to Behavioral and fMRI Indices of Pattern Separation and Pattern Completion				
ds003511	40	0	yes		yes	Evidence supporting a time-limited hippocampal role in retrieving autobiographical memories	Recall			
ds003487	24	0	yes		yes	Differential contributions of ventral striatum subregions in the motivational and hedonic components of the affective response to reward	PIT,hedonic,instrulearning,pavconditioning			
ds003454	24	0	no		yes	Individual Differences in Fluid Reasoning and RAPM-like Problem Solving	rapm			
ds003436	55	0	yes		yes	Agreeableness personality trait and social information encoding	anim			
ds002989	40	0	yes		yes	Delay Discounting Bidding	DDbid			
ds002894	18	0	yes		yes	simpcomp	languagelocalizer,maindesign			
ds002835	26	0	yes		yes	Prospection	prospection			
ds002813	38	0	yes		yes	Model-based fMRI reveals co-existing specific and generalized concept representations	fintest,imtest,train			
ds002419	48	0	yes		yes	Short-term consumption of sucralose with, but not without, carbohydrate impairs neural and metabolic sensitivity to sugar	taste1,taste2			
ds002116	57	0	no		yes	Development of Symbolic Number Processing	Adaptation			
ds002033	43	0	no		yes	Investigating the visual number form area: A replication study	ChangeDetection			
ds001848	52	0	no		yes	Parallel Adaptation of Symbols, Quantities, and Physical Size	ParallelAdaptation			
ds001840	24	0	no		yes	Prestimulus Exp1	viewclips			
ds001608	21	0	no		yes	Prestimulus Exp2	viewclips			
ds006486	1	0	no		no	Decoding_Sounds				
ds006401	14	0	no		no	MID/ToM fMRI Dataset				
ds006394	33	0	yes		no	Electrophysiological markers of surprise-induced failures of visual and auditory awareness				
ds006377	115	0	no		no	InclusionStudy				
ds006218	138	0	yes		no	Longitudinal (3M, 6M) and cross-sectional (10M, 16M) evaluation of SynVesT-1 PET in zQ175DN mice. ARG and IHC were performed at 16M.				
ds006209	3	0	no		no	Project Name				
ds006207	1	0	no		no	Functional localization of visual motion area FST in humans				
ds006187	0	0	no		no					
ds006159	61	0	yes		no	Implicit Learning EEG (BioSemi)				
ds006156	64	0	no		no	Executive Functioning-Related Neural Processes in Emerging Adults with Type 1 Diabetes: A Functional Magnetic Resonance Imaging Study				
ds006145	12	0	no		no	Chiswrd				
ds006092	60	0	yes		no	CogRief Study				
ds006040	28	0	yes		no	Sustained Attention Task (gradCPT) Dataset using simultaneous EEG-fMRI and DTI				
ds005978	1	0	yes		no	FRISGO				
ds005903	6	0	no		no	Evidence against a cortical module for processing communicative gaze				
ds005899	0	0	yes		no	ADHD Dualcontrol Dataset	csst			
ds005894	25	0	no		no	MoL fmri dataset	Encode,Item,Loci,Retrieve,test			
ds005882	23	0	yes		no	Integration of contextual reward motivation with category representations				
ds005875	43	0	yes		no	China’s Social Fake News database release with brain structural, functional, and behavioural measures				
ds005863	127	0	yes		no	Cognitive Electrophysiology in Socioeconomic Context in Adulthood				
ds005849	14	0	yes		no	Precision imaging of individual human brains during deep brain stimulation (open-DBS)				
ds005839	25	0	yes		no	GABA Pain fMRI	rest			
ds005815	20	0	yes		no	A Human EEG Dataset for Multisensory Perception and Mental Imagery				
ds005737	1	0	no		no	pseudo PRISM images				
ds005731	114	0	no		no	Round-robin interpersonal perception				
ds005717	3	0	yes		no	An fMRI dataset during a silent movie watching task	bao,float,laluna,lifted,partlycloudy,piper,presto,sintel,theblueumbrella,toystory2,up,walle,wind			
ds005713	217	0	yes		no	A large-scale dataset of pre- and post-surgical MRI data in patients with chronic trigeminal neuralgia				
ds005684	35	0	yes		no	An fMRI dataset during sequential color qualia similarity judgments				
ds005670	2	0	yes		no	SEEG Resting State Recording				
ds005648	1	0	yes		no	Mapping object space dimensions: new insights from temporal dynamics				
ds005630	51	0	yes		no	The comparison of neural mechanisms underlying prospective vs. retrospective thinkings of sustainable behaviors				
ds005613	101	0	yes		no	NEBULA101 NeuroBehavioural Understanding of Language Aptitude				
ds005596	31	0	yes		no	A naturalistic fMRI dataset in response to puclic speaking				
ds005572	48	0	no		no	PREK				
ds005558	9	0	yes		no	Categorized Free Recall with Closed-Loop Stimulation at Encoding (Encoding Classifier)				
ds005557	18	0	yes		no	Free Recall with Closed-Loop Stimulation at Encoding (Encoding Classifier)				
ds005525	11	0	yes		no	Circadian misalignment and energy balance	ab,cd,rest			
ds005523	22	0	yes		no	Spatial Memory of Object Locations with Open-Loop Stimulation at Encoding				
ds005522	58	0	yes		no	Spatial Navigation Memory of Object Locations				
ds005492	35	0	no		no	Neurowater Project				
ds005491	19	0	yes		no	Categorized Free Recall with Open-Loop Stimulation at Encoding				
ds005489	38	0	yes		no	Free Recall with Open-Loop Stimulation at Encoding				
ds005486	159	0	no		no	PREDICT				
ds005443	0	0	no		no					
ds005418	35	0	yes		no	Cerebrovascular Reactivity: CO2 inhalation and resting state comparisons	gas			
ds005415	13	0	yes		no	Numbers				
ds005411	48	0	yes		no	Free Recall of Word Lists with Repeated Items				
ds005386	52	0	yes		no	AttExp_fMRI				
ds005374	43	0	yes		no	Object recognition in healthy aging (ORHA) - fMRI	1,loc			
ds005365	1	0	yes		no	Neurobiological substrates of Altered State of Consciousness Induced by High Ventilation Breathwork	rest			
ds005357	45	0	no		no	Neurogame Project				
ds005356	85	0	yes		no	MEG: Major Depression & Probabilistic Learning Task				
ds005329	25	0	yes		no	Are the ventral anterior temporal lobes involved in accessing conceptual knowledge during spoken word production? fMRI evidence from auditory naming	namingtodefinitions,namingtosounds			
ds005293	0	0	no		no					
ds005274	22	0	no		no	UV_EEG				
ds005273	33	0	no		no	Neural representation of consciously seen and unseen information				
ds005267	21	0	yes		no	Fixating Targets in Visual Search: The Role of Dorsal and Ventral Attention Networks in the Processing of Relevance and Rarity				
ds005239	4	0	yes		no	motor-fmri				
ds005233	13	0	yes		no	Bat rsfMRI				
ds005230	44	0	yes		no	Reinforcement-Learning Generalization	RLbaseline,RLlearning,rest			
ds005216	78	0	yes		no	UltraCortex: Submillimeter Ultra-High Field 9.4T Brain MR Image Collection and Manual Cortical Segmentations				
ds005215	65	0	yes		no	Hippocampal Systems for Event Encoding and Sequencing during Ongoing Narrative Comprehension				
ds005203	20	0	no		no	Arrows and Gaze.				
ds005194	8	0	yes		no	Differential cortical and subcortical visual processing with eyes shut				
ds005169	20	0	yes		no	Dataset of intracranial EEG during cortical stimulation evoking visual effects				
ds005139	27	0	yes		no	SCNU-Mandarin-Cantonese-dataset	djyg,djyy,lsbg,lsby,mlg,mly			
ds005138	5	0	yes		no	eddymotionPET benchmark dataset				
ds005134	1	0	yes		no	Sequence test for multiband DWI and magnetization transfer sequence	rest			
ds005131	58	0	yes		no	Evoked responses to elevated sounds				
ds005126	35	0	yes		no	A neuroimaging dataset during sequential color qualia similarity judgments				
ds005125	34	0	no		no	The brain hierarchically represents the past and future during multistep anticipation	int,loc,pred			
ds005107	21	0	yes		no	FACE-DEC				
ds005090	7	0	no		no	Traveling Spine 7T CoilQA Phantom				
ds005089	36	0	no		no	Proactive selective attention across competition contexts				
ds005088	27	0	yes		no	Neural Correlates of Lidocaine Analgesic (NLA) Study				
ds005083	60	0	yes		no	Safety and Accuracy of Stereoelectroencephalography for Pediatric Patients with Prior Craniotomy				
ds005063	3	0	no		no	CR-DBS				
ds005059	72	0	yes		no	Paired Associates Learning: Memory for Word Pairs in Cued Recall				
ds005026	82	0	no		no	Hearing loss Connectome				
ds005025	21	0	no		no	Traveling Spine 7T CoilQA				
ds005017	39	0	yes		no	POP				
ds004973	20	0	yes		no	An fNIRS dataset for driving risk cognition of passengers in highly automated driving scenarios				
ds004959	10	0	yes		no	Probing hippocampal stimulation in experimental temporal lobe epilepsy with functional MRI				
ds004956	15	0	yes		no	Braille letters - fMRI	letters,localizer			
ds004946	103	0	no		no	Brain mechanisms disciminating enactive mental simulations of runnning and plogging				
ds004935	0	0	no		no					
ds004913	9	0	yes		no	Optogenetic functional magnetic resonance imaging reveals therapeutic feedforward circuits of the subthalamic nucleus deep brain stimulation in the hemi-parkinsonian rat				
ds004869	27	0	yes		no	Positron emission tomography (PET) quantification in healthy humans of cyclooxygenase-2 (COX-2), a potential biomarker of neuroinflammation				
ds004865	49	0	yes		no	pyFR: Delayed Free Recall of Word Lists, Preliminary Cognitive Electrophysiology Study				
ds004835	6	0	yes		no	Processing of frequency and location in human subcortical auditory structures				
ds004809	258	0	yes		no	Categorized Free Recall: Delayed Free Recall of Word Lists Organized by Semantic Categories				
ds004789	280	0	yes		no	Delayed Free Recall of Word Lists				
ds004774	14	0	no		no	Automatic Evoked Response Detection (ER-Detect) dataset				
ds004767	55	0	yes		no	Characterizing medial temporal lobe vulnerability to neurofibrillary tangle pathology in Alzheimer’s disease using a 3-D ex vivo MRI atlas and serial histology				
ds004744	17	0	yes		no	White matter tract and peaks				
ds004742	1	0	no		no	White matter tract				
ds004710	2	0	yes		no	Next Generation MRI scanner designed for ultra-high resolution human brain imaging at 7-Tesla	visual			
ds004703	10	0	yes		no	sEEG Passive listening to natural speech				
ds004698	12	0	yes		no	CHN Retinotopic Mapping Dataset				
ds004648	88	0	yes		no	Sympathovagal quotient and functional connectivity of control networks are related to gut Ruminococcaceae abundance in healthy men	rest			
ds004645	15	0	yes		no	Resting-state fMRI signals contain spectral signatures of local hemodynamic response timing	breathhold,checker,rest			
ds004644	24	0	yes		no	Investigating brain alterations in the Dp1Tyb mouse model of Down Syndrome				
ds004624	3	0	yes		no	Intracranial recordings using BCI2000 and the CorTec BrainInterchange				
ds004595	53	0	yes		no	EEG: RL Task (3-Armed Bandit) with alcohol cues in hazardous drinkers and ctls				
ds004589	99	0	yes		no	fMRI Investigations of Individual Differences on Memory Activation for Faces and Words: The Effects of Handedness and Phenomenal Experience				
ds004587	103	0	yes		no	IllusionGameEEG_data				
ds004552	1	0	yes		no	Network-specific metabolic and hemodynamic effects elicited by non-invasive brain stimulation				
ds004544	38	0	no		no	An fMRI Investigation of the Neurocognitive Processing of Strategies and Measures				
ds004533	45	0	no		no	Ironia VEV	ironiavev,rest			
ds004517	7	0	yes		no	EEG recordings for semantic decoding of imagined animals and tools during auditory imagery task				
ds004515	54	0	yes		no	EEG: Alcohol imagery reinforcement learning task with light and heavy drinker participants				
ds004502	48	0	no		no	Anticipatory differences between Attention and Expectation				
ds004498	1	0	no		no	Perinatal Stroke				
ds004493	16	0	yes		no	Neural activity induced by sensory stimulation can drive large-scale cerebrospinal fluid flow during wakefulness in humans				
ds004478	6	0	yes		no	Neural activity induced by sensory stimulation can drive large-scale cerebrospinal fluid flow during wakefulness in humans				
ds004458	2	0	yes		no	Highresolution developement	tapping			
ds004443	9	0	no		no	Identifying cortical areas that underlie the transformation from 2D retinal to 3D head-centric motion signals				
ds004408	19	0	yes		no	EEG responses to continuous naturalistic speech				
ds004401	1	0	yes		no	A PET Molecular Imaging Brain Atlas of Cyclooxygenase-1 (Kim 2021)				
ds004392	58	0	yes		no	Parkinson's disease, functional connectivity, and cognition				
ds004369	41	0	yes		no	Blink-Pause-Relation (Competing Speaker Paradigm)				
ds004360	52	0	no		no	Cognitive maps for novel inference				
ds004339	2	0	yes		no	dataset_for_test				
ds004306	12	0	yes		no	EEG Semantic Imagination and Perception Dataset				
ds004265	5	0	yes		no	Neuromodulation of pain circuits using MR guided focused ultrasound (MRgFUS) and simultaneous acquisition of functional MRI data				
ds004264	21	0	yes		no	Steer the Ship				
ds004262	21	0	yes		no	Continuous Feedback Processing				
ds004256	53	0	yes		no	Encoding of Sound Source Elevation in Human Cortex				
ds004215	0	0	no		no					
ds004199	170	0	yes		no	An open presurgery MRI dataset of people with epilepsy and focal cortical dysplasia type II				
ds004186	992	0	yes		no	HBN EO/EC task				
ds004152	21	0	yes		no	Drum Trainer				
ds004151	57	0	yes		no	Effect of obesity on inhibitory control in preadolescents during stop-signal  task. An event-related potentials study				
ds004148	60	0	yes		no	A test-retest resting and cognitive state EEG dataset				
ds004125	15	0	yes		no	Douglas hypercapnia				
ds004109	31	0	yes		no	Emotional learning retroactively promotes memory integration through rapid neural reactivation and reorganization				
ds004101	9	0	yes		no	Resting-state fMRI data acquired before and after a course of infra-low frequency neurofeedback				
ds004081	35	0	no		no	Confidence in Equal and Unequal Variance Settings	unequalVariance			
ds004078	12	0	yes		no	A synchronized multimodal neuroimaging dataset to study brain language processing				
ds004075	29	0	no		no	what_are_we_talking_about				
ds004065	20	0	yes		no	Luminance	lum			
ds004056	29	0	yes		no	Goal-directed motor task				
ds004033	18	0	yes		no	Electrode walking study				
ds004022	7	0	yes		no	Multimodal EEG and fNIRS Biosignal Acquisition during Motor Imagery Tasks in Patients with Orthopedic Impairment				
ds004021	32	0	no		no	Visuomotor Rotation Adaptation Experiment	rest,rotation,washout			
ds004019	62	0	yes		no	Effect of obesity on arithmetic processing in preteens with high and low math skills. An event-related potentials study				
ds004007	25	0	no		no	High-order areas and auditory cortex both represent the high-level event structure of music	listen			
ds004006	41	0	no		no	Increasing stimulus similarity drives nonmonotonic representational change in hippocampus	pair,random			
ds004000	43	0	yes		no	Fribourg Ultimatum Game in Schizophrenia Study				
ds003987	23	0	yes		no	EEG: Amphetamine trials 5CCPT and Probabilistic Learning				
ds003972	8	0	yes		no	Body Motor	bodymotor			
ds003967	60	0	no		no	7TAMIbrain				
ds003892	34	0	yes		no	Loss and enhancement of layer-selective signals in geniculostriate and corticotectal pathways of adult human amblyopia				
ds003849	92	0	no		no	Individual differences in frontoparietal plasticity in humans				
ds003836	35	0	no		no	Learning the statistics of pain	tsl			
ds003822	25	0	yes		no	EEG: Probabilistic Learning with Affective Feedback: Exp #1				
ds003816	48	0	yes		no	The Effect of Buddhism Derived Loving Kindness Meditation on Modulating EEG: Long-term and Short-term Effect				
ds003805	1	0	yes		no	Multisensory Gamma Entrainment				
ds003801	20	0	yes		no	Neural Tracking to go				
ds003800	13	0	yes		no	Auditory Gamma Entrainment				
ds003798	117	0	no		no	Caltech Conte Center - A multimodal data resource for exploring social cognition and decision-making.				
ds003782	40	0	no		no	Neural Correlates of Effort-Based Valuation Under Risk	effortmixedgambles,efforttraining,probabilitymixedgambles			
ds003778	32	0	yes		no	Adaptive memory distortions are predicted by feature representations in parietal cortex				
ds003777	4	0	no		no	bids_dataset	locAPSTARC,locAPSTARCps,locAPSTARCtsm,locAPcovSoS,locPASoS5vol			
ds003774	20	0	yes		no	Music Listening- Genre EEG dataset (MUSIN-G)				
ds003753	25	0	yes		no	EEG: Probabilistic Learning with Affective Feedback: Exp #2				
ds003752	3	0	no		no	LFContrast				
ds003696	30	0	yes		no	Action-related object pairs - fMRI dataset	affordance,localizer			
ds003682	28	0	yes		no	Model-based aversive learning in humans is supported by preferential task state reactivation				
ds003659	3	0	no		no	ScanTrain				
ds003646	77	0	yes		no	An isotropic EPI database for rat brain resting-state fMRI				
ds003639	29	0	yes		no	In-scanner head motion and structural covariance networks				
ds003606	29	0	yes		no	Differences in Chemo-signaling Compound-Evoked Brain Activity in Male and Female Young Adults: A Pilot Study in the Role of Sexual Dimorphism in Olfactory Chemo-Signaling				
ds003602	118	0	yes		no	Childhood Sexual Abuse and problem drinking in women: Neurobehavioral mechanisms				
ds003599	133	0	no		no	White matter deficits in cocaine use disorder V1.0				
ds003519	27	0	yes		no	EEG: Visual Working Memory + Cabergoline Challenge				
ds003518	110	0	yes		no	EEG: Simon Conflict w/ Reinforcement + Cabergoline Challenge				
ds003517	17	0	yes		no	EEG: Continuous gameplay of an 8-bit style video game				
ds003509	56	0	yes		no	EEG: Simon Conflict in Parkinson's				
ds003490	50	0	yes		no	EEG: 3-Stim Auditory Oddball and Rest in Parkinson's				
ds003483	21	0	no		no	Logical reasoning study				
ds003481	145	0	yes		no	Pragmatic Language				
ds003478	122	0	yes		no	EEG: Depression rest				
ds003464	18	0	yes		no	Mouse_opto_INS	bold			
ds003458	23	0	yes		no	EEG: Three armed bandit gambling task				
ds003421	20	0	yes		no	HD-EEGtask(Dataset 2)				
ds003420	23	0	yes		no	HD-EEGtask(Dataset 1)				
ds003396	0	0	no		no					
ds003381	21	0	no		no	Estimation of in-scanner head pose changes during structural MRI using a convolutional neural network trained on eye tracker video				
ds003380	12	0	yes		no	Corticothalamic communication under analgesia, sedation and gradual ischemia: a multimodal model of controlled gradual cerebral ischemia in pig				
ds003367	0	0	no		no					
ds003354	10	0	yes		no	Effective Connectivity of Empathy and Theory of Mind in Individuals with High Psychopathic Traits	empatom			
ds003190	19	0	yes		no	Assesment of the visual stimuli properties in P300 paradigm				
ds003148	60	0	yes		no	Neuroimaging evidence for network sampling theory of human intelligence				
ds003098	1	0	no		no	ABCD protocol for BCBP				
ds003096	31	0	no		no	Valuation of peers' safe choices is associated with substance-naivete in adolescents'	pinf			
ds003095	38	0	yes		no	Polarization Dataset	run1,run2,run3,run4			
ds003085	39	0	no		no	Dynamic intersubject neural synchronization reflects affective responses to sad music	happy,rest,sadln,sadsh			
ds003078	6	0	yes		no	PROBE iEEG				
ds003052	25	0	yes		no	Ex vivo MRI atlas of the human medial temporal lobe: characterizing neurodegeneration due to tau pathology				
ds003047	11	0	yes		no	DTI data from 'Fiber architecture in the ventromedial striatum and its relation with the bed nucleus of the stria terminalis'				
ds003043	1	0	yes		no	Dichoptic Magno/Parvo				
ds003023	39	0	no		no	Dynamic intersubject neural synchronization in response to natuarlistic music listening paradigms.	happy,rest,sadln,sadsh			
ds003008	0	0	no		no					
ds003005	0	0	no		no					
ds002994	56	0	no		no	fribblesFMRI_object-value-construction	fLoc,fribBids			
ds002982	2	0	yes		no	_test_julien				
ds002979	1	0	no		no	narrative listening				
ds002940	24	0	yes		no	Head-to-Ball Impacts in Collegiate Soccer Players				
ds002939	2	0	no		no	_test_julien				
ds002938	30	0	yes		no	Task-Dependent Effort-Induced Connectivity	1back,effort			
ds002912	2	0	no		no	_test_julien				
ds002873	1	0	no		no	Neural mechanisms of musical syntax and tonality, and the effect of musicianship				
ds002870	132	0	no		no	CAMRI Rat Brain MRI Data				
ds002868	16	0	no		no	CAMRI Mouse Brain MRI Data				
ds002862	71	0	yes		no	MRI Lab Graz: Reading-related functional activity in children with isolated spelling deficits and dyslexia	read			
ds002848	5	0	yes		no	mriquality				
ds002844	6	0	yes		no	PROBE iEEG				
ds002842	22	0	yes		no	L2_SENTENCES	silentreading			
ds002833	20	0	no		no	DataSet2				
ds002809	17	0	no		no	VaryingISI-TwoVisualPathways	loc,varyingISI			
ds002791	23	0	no		no	DataSet1				
ds002770	86	0	no		no	Brain mechanisms underlying episodic future thinking of sustainable behaviors				
ds002750	3	0	yes		no	YanDataBIDS				
ds002749	29	0	yes		no	Two sessions of resting state with closed eyes for patients with depression in treatment course (NFB, CBT or No treatment groups)	rest			
ds002735	11	0	yes		no	Headmold	rest			
ds002732	30	0	no		no		rating			
ds002731	59	0	yes		no	DRM False Memory				
ds002727	23	0	yes		no	EMOTIVE IDIOMS	silentreading			
ds002684	4	0	no		no	Kung Fu Panda				
ds002683	30	0	yes		no	Task-Dependent Effort-Induced Connectivity	1back,effort			
ds002672	5	0	yes		no	Robust functional mapping of layer-selective responses in human lateral geniculate nucleus with high-resolution 7T fMRI	locLREye			
ds002655	35	0	yes		no	The medial temporal lobe supports mnemonic discrimination for event duration				
ds002606	10	0	yes		no	bids_dataset	locAPepi3d,locAPsms16iso,locPAepi3d5vol,locPAsms16iso5vol			
ds002596	19	0	yes		no	Cognitive control of sensory pain encoding in the pregenual anterior cingulate cortex. d1 - decoder construction in day 1, d2 - adaptive control in day 2.	d1,d2			
ds002549	1	0	no		no	Protecting the Aging Brain (PAgB)				
ds002513	65	0	no		no	Increased brain reactivity to gambling unavailability as a marker of problem gambling				
ds002380	143	0	yes		no	SerumGreyMatterCorticalThickness				
ds002374	1	0	yes		no	3AM straight reproducibility phantoms				
ds002367	1	0	yes		no	OHBM abstract 2020				
ds002363	22	0	no		no	Repetition of Computer Security Warnings Results in Differential Repetition Suppression Effects as Revealed with Functional MRI				
ds002316	36	0	yes		no	rewardBeast	Beast,epi,rest,reward			
ds002312	19	0	no		no	OcularLDT				
ds002295	7	0	yes		no	ODC mapper 7T surface coil	checkerboard,fixation,prf			
ds002294	40	0	no		no	trait-role	roletrait			
ds002293	1	0	yes		no	FSL open science dev dataset				
ds002274	1	0	yes		no	Hands on analysis tutorial				
ds002250	20	0	yes		no	When my wrongs are worse than yours: behavioral and neural asymmetries in first-person and third-person perspectives of accidents				
ds002242	35	0	yes		no	Correcting False Memories: The Effect of Mnemonic Generalization on Original Memory Traces	stt			
ds002241	31	0	yes		no	Relating visual production and recognition of objects in human visual cortex	drawing,recognition			
ds002207	7	0	yes		no	CEREBRuM: a 3T MRI segmentation tool				
ds002169	33	0	no		no	CCD	CCD,loca			
ds002165	1	0	no		no	openneuro_practice				
ds002156	1	0	yes		no	Multi-echo masking test dataset	rest			
ds002155	20	0	no		no	A mesial-to-lateral dissociation for orthographic processing in the visual cortex				
ds002153	1	0	no		no	testrun				
ds002144	36	0	no		no	Stat Episodic	pair,random			
ds002134	31	0	yes		no	Mouse_opto_3xTG				
ds002094	20	0	no		no	Single-pulse open-loop TMS-EEG dataset				
ds002076	13	0	yes		no	Layer-dependent activity in human prefrontal cortex during working memory				
ds002040	1	0	no		no	BIDS_PARKINSON				
ds002001	11	0	yes		no	Rivalry_Tagging				
ds001966	29	0	yes		no	action-in-auctions	doubleauction			
ds001912	17	0	yes		no	S-cone_MotionInDepth_fMRI				
ds001890	30	0	yes		no	Mouse_rest_3xTG				
ds001883	21	0	yes		no	Social Decision-Making Risky Choice Task Dataset				
ds001882	20	0	yes		no	Social Decision-Making Intertemporal Choice Task Dataset				
ds001839	6	0	yes		no	Spinal stimulation stepping and standing dataset				
ds001832	16	0	no		no	Resting State - TMS	rest			
ds001818	50	0	no		no	CAT Faces MRI experiment	localizer,probe,responsetostim,training			
ds001796	64	0	yes		no	Bilingualism and the brain				
ds001780	1	0	no		no	SC MRI dataset				
ds001751	20	0	no		no	Context-dependent cognitive control | Flanker task				
ds001743	12	0	no		no	Unilateral Glaucoma 3T dMRI				
ds001728	1	0	yes		no	Test-GEIER				
ds001722	19	0	yes		no	A role for the medial temporal lobe subsystem in guiding prosociality: the effect of episodic processes on willingness to help others (Experiment 2)				
ds001653	29	0	no		no	Mouse_rest_awake				
ds001652	8	0	no		no	Ironia VEV				
ds001583	21	0	no		no	ProStop	proactive,reactive			
ds001566	1	0	no		no	test				
ds001517	24	0	yes		no	Associative Prediction of Visual Shape in the Hippocampus	pred,shape			
ds001461	81	0	yes		no	rsfMRI_comrobidity-SmokingandSchizophrenia				
ds001454	24	0	yes		no	Human hippocampal replay during rest prioritizes weakly learned information and predicts memory performance	rest,satellite			
ds001450	2	0	no		no	bids_results1				
ds001439	18	0	yes		no	A role for the medial temporal lobe subsystem in guiding prosociality: the effect of episodic processes on willingness to help others				
ds001386	42	0	no		no	Subject Data				
ds001379	1	0	yes		no	Loci case study	encode,forget,loci,recall			
ds001353	29	0	yes		no	Information Filtering in Electronic Networks of Practice:  An fMRI Investigation of Expectation [Dis]confirmation				
ds001348	28	0	no		no	Effortful_Goal_Directed_Behavior	effort1,effort2			
ds001247	43	0	no		no	sports_betting_study				
ds001228	24	0	yes		no	Decoding intentions of self and others	collaborativetask			
ds001167	40	0	yes		no	Neural correlates of effort-based valuation with prospective choices	effortmixedgambles,efforttraining,probabilitymixedgambles			
ds001161	2	0	no		no	data4openNeuroBOOST	effortmixedgambles,efforttraining,probabilitymixedgambles			
ds001107	0	0	no		no					
ds001037	1	0	no		no	The brain of Chris				
ds001021	1	0	yes		no	NKI-sample	BREATHHOLD,CHECKERBOARD,DMNTRACKINGTEST,DMNTRACKINGTRAIN,MASK,MORALDILEMMA,MSIT,PEER1,PEER2,rest			
ds000240	63	0	yes		no	Resting State Perfusion in Healthy Aging				
ds000208	76	0	yes		no	Brain connectivity predicts placebo response across chronic pain clinical trials	rest			
ds000202	95	0	yes		no	The heterogeneity in retrieved relations between the personality trait 'Harm avoidance' and gray matter volumes due to variations in the VBM and ROI labeling processing settings				
ds000109	36	0	no		no	Social cognitive tasks (animate movement task, moral judgment task, false belief task)	theoryofmindwithmanualresponse			
